name,phone,address,website,google_maps_url,rating,review_count,business_status,primary_type,lead_category,why_relevant,found_via_query,latitude,longitude,place_id
2M Associate,+62 878-0008-0818,"Jl. Sunset Road No.88, Seminyak, Kec. Kuta, Kabupaten Badung, Bali 80361, Indonesia",http://www.2mdesignlab.com/,https://maps.google.com/?cid=717098323395070676&g_mp=Cidnb29nbGUubWFwcy5wbGFjZXMudjEuUGxhY2VzLlNlYXJjaFRleHQQAhgEIAA,4.9,31,OPERATIONAL,service,architecture_design,Designs villas; natural partner that brings construction clients,architecture firm in Bali,-8.6904944,115.17244989999998,ChIJxXbzpGRH0i0R1Mr9MiCl8wk
3mansion Studio,+62 361 8452757,"Jl. Mahendradatta Selatan No.57, Padangsambian, Kec. Denpasar Bar., Kota Denpasar, Bali 80119, Indonesia",http://www.3mansionstudio.com/,https://maps.google.com/?cid=6719340137047839023&g_mp=Cidnb29nbGUubWFwcy5wbGFjZXMudjEuUGxhY2VzLlNlYXJjaFRleHQQAhgEIAA,5,32,OPERATIONAL,service,architecture_design,Designs villas; natural partner that brings construction clients,"architect studio in Canggu, Bali",-8.6835038,115.18839659999999,ChIJ29UvSC1H0i0RL9HCCUHkP10
5D Architect Studio Garden,+62 889-8736-8488,"V5H8+MV5 Menyali, Buleleng Regency, Bali Jembatan 5D, Jln Raya Ds. Menyali Bongkang, Menyali, Kec. Sawan, Kabupaten Buleleng, Bali 81171, Indonesia",,https://maps.google.com/?cid=17796661351712457413&g_mp=Cidnb29nbGUubWFwcy5wbGFjZXMudjEuUGxhY2VzLlNlYXJjaFRleHQQAhgEIAA,,,OPERATIONAL,service,architecture_design,Designs villas; natural partner that brings construction clients,"architect studio in Berawa, Bali",-8.120851199999999,115.16721640000002,ChIJLz7TinSR0S0RxYK-aDVx-vY
ADE BALI ARCHITECT,+62 878-6037-7899,"Jl. Pantai Berawa No.53, Tegalgundul, Tibubeneng, Kec. Kuta Utara, Kabupaten Badung, Bali 80361, Indonesia",,https://maps.google.com/?cid=6066955415997232943&g_mp=Cidnb29nbGUubWFwcy5wbGFjZXMudjEuUGxhY2VzLlNlYXJjaFRleHQQAhgEIAA,5,39,OPERATIONAL,general_contractor,architecture_design,Designs villas; natural partner that brings construction clients,"architect studio in Canggu, Bali",-8.6605954,115.1424282,ChIJ5Ymf2E9H0i0RL7elhs4nMlQ
ANALA ARCHITECT,+62 821-4747-4407,"F7F4+F89, Jl. Nyuh Bulan, Mas, Kecamatan Ubud, Kabupaten Gianyar, Bali 80571, Indonesia",https://www.instagram.com/anala.architect/?hl=id,https://maps.google.com/?cid=9106083066944890711&g_mp=Cidnb29nbGUubWFwcy5wbGFjZXMudjEuUGxhY2VzLlNlYXJjaFRleHQQAhgEIAA,5,2,OPERATIONAL,service,architecture_design,Designs villas; natural partner that brings construction clients,"architect studio in Ubud, Bali",-8.5263372,115.2558517,ChIJV1ihlns90i0RVydzpE1OX34
ARFATAMA ARCHITECT BALI,+62 852-9224-9776,"Jl. Cempaka Putih Blk. C, Sembung Gede, Kec. Kerambitan, Kabupaten Tabanan, Bali 82161, Indonesia",https://arfatama.com/,https://maps.google.com/?cid=331876387643276429&g_mp=Cidnb29nbGUubWFwcy5wbGFjZXMudjEuUGxhY2VzLlNlYXJjaFRleHQQAhgEIAA,5,20,OPERATIONAL,service,architecture_design,Designs villas; natural partner that brings construction clients,"architect studio in Umalas, Bali",-8.5310097,115.0977111,ChIJO2efC1A70i0RjTzR8tAPmwQ
ARKE STUDIO,+62 811-3939-992,"Jl. Tegal Sari No.59, Tibubeneng, Kec. Kuta Utara, Kabupaten Badung, Bali 80361, Indonesia",http://www.wearearke.co/,https://maps.google.com/?cid=8771486369716076957&g_mp=Cidnb29nbGUubWFwcy5wbGFjZXMudjEuUGxhY2VzLlNlYXJjaFRleHQQAhgEIAA,5,3,OPERATIONAL,general_contractor,architecture_design,Designs villas; natural partner that brings construction clients,"architect studio in Canggu, Bali",-8.6619003,115.1426883,ChIJpy7BKHZH0i0RnYEbQ2GUunk
ARSSTUDIO/ Arsitek Bali /FBG & SLF Bali,+62 853-3794-1992,"Jalan raya Gunaksa, Dawan, Gunaksa, Kec. Klungkung, Kabupaten Klungkung, Bali 80761, Indonesia",,https://maps.google.com/?cid=12934897990703032614&g_mp=Cidnb29nbGUubWFwcy5wbGFjZXMudjEuUGxhY2VzLlNlYXJjaFRleHQQAhgEIAA,5,21,OPERATIONAL,service,architecture_design,Designs villas; natural partner that brings construction clients,architecture firm in Bali,-8.541956299999999,115.42449970000001,ChIJP4dmcIMR0i0RJqnExTD9gbM
Agora Design Bali | Jasa Arsitektur dan Kontraktor,+62 819-4900-4030,"Jl. Sekar Jepun VI No.107, Kesiman Kertalangu, Kec. Denpasar Tim., Kota Denpasar, Bali 80237, Indonesia",http://agoradesignbali.com/,https://maps.google.com/?cid=1871448201593871213&g_mp=Cidnb29nbGUubWFwcy5wbGFjZXMudjEuUGxhY2VzLlNlYXJjaFRleHQQAhgEIAA,5,22,OPERATIONAL,service,architecture_design,Designs villas; natural partner that brings construction clients,architecture firm in Bali,-8.6330108,115.25193529999999,ChIJhZwpo5A_0i0RbduLVzm4-Bk
Alas Studio Bali Architecture & Landscape,+62 813-8797-5758,"Jl. Muding Indah XIV No.1B, Kerobokan, Kec. Kuta Utara, Kabupaten Badung, Bali 80237, Indonesia",,https://maps.google.com/?cid=8658640175267194907&g_mp=Cidnb29nbGUubWFwcy5wbGFjZXMudjEuUGxhY2VzLlNlYXJjaFRleHQQAhgEIAA,4.8,11,OPERATIONAL,service,architecture_design,Designs villas; natural partner that brings construction clients,"architect studio in Canggu, Bali",-8.6378039,115.18120629999999,ChIJeUaTFvg_0i0RGyi6LF2rKXg
Alex Ladda Architecture,+62 823-4049-2688,"Jl. Raya Tiyingtutul, Pererenan, Kec. Mengwi, Kabupaten Badung, Bali 80351, Indonesia",https://alexladda.com/,https://maps.google.com/?cid=6906593050485396125&g_mp=Cidnb29nbGUubWFwcy5wbGFjZXMudjEuUGxhY2VzLlNlYXJjaFRleHQQAhgEIAA,5,2,OPERATIONAL,service,architecture_design,Designs villas; natural partner that brings construction clients,"architect studio in Canggu, Bali",-8.6309192,115.1402884,ChIJlXGYv54Yp60RnRJdZskl2V8
Altar Studio Architecture,+62 813-5311-5969,"Jl. Tunjung Tutur 1 No.5, Peguyangan Kaja, Kec. Denpasar Utara, Kota Denpasar, Bali 80115, Indonesia",https://www.instagram.com/altar_studio/?hl=en,https://maps.google.com/?cid=11682311786675482356&g_mp=Cidnb29nbGUubWFwcy5wbGFjZXMudjEuUGxhY2VzLlNlYXJjaFRleHQQAhgEIAA,5,7,OPERATIONAL,service,architecture_design,Designs villas; natural partner that brings construction clients,"architect studio in Berawa, Bali",-8.600726,115.21080520000001,ChIJB4ccxmU_0i0R9K4mqKzoH6I
Arkana Architects,+62 877-0511-6888,"Jl. Pengubengan Kauh No.85, Kerobokan Kelod, Kec. Kuta Utara, Kabupaten Badung, Bali 80361, Indonesia",http://arkanaarchitects.com/,https://maps.google.com/?cid=15754467180012788423&g_mp=Cidnb29nbGUubWFwcy5wbGFjZXMudjEuUGxhY2VzLlNlYXJjaFRleHQQAhgEIAA,4.9,50,OPERATIONAL,service,architecture_design,Designs villas; natural partner that brings construction clients,architecture firm in Bali,-8.664045699999999,115.17008259999999,ChIJPehg5G5H0i0Rx1o28m0co9o
Artalenta Indonesia,+62 361 9348123,"Perumahan, Gg. Uma Sari Petitenget St No.06, Kerobokan Kelod, Kuta Utara, Badung Regency, Bali 80361, Indonesia",http://www.artalenta.com/,https://maps.google.com/?cid=9389146005227672396&g_mp=Cidnb29nbGUubWFwcy5wbGFjZXMudjEuUGxhY2VzLlNlYXJjaFRleHQQAhgEIAA,5,687,OPERATIONAL,service,architecture_design,Designs villas; natural partner that brings construction clients,architecture firm in Bali,-8.6734551,115.16002449999999,ChIJs_I3RWtH0i0RTJPfwYvyTII
AtelierGVD,+62 851-5869-3010,"Jl. Gn. Muria No.44, Tegal Harum, Kec. Denpasar Bar., Kota Denpasar, Bali 80119, Indonesia",http://www.ateliergvd.com/,https://maps.google.com/?cid=8822026323692266811&g_mp=Cidnb29nbGUubWFwcy5wbGFjZXMudjEuUGxhY2VzLlNlYXJjaFRleHQQAhgEIAA,4.9,14,OPERATIONAL,service,architecture_design,Designs villas; natural partner that brings construction clients,architecture firm in Bali,-8.6623291,115.1950669,ChIJXU3dbgtB0i0RO6XSRjMibno
Atmassa Studio (Architecture Firm & Legal Consultant),+62 813-3089-6095,"Jl. Gunung Gede No.3, Padangsambian, Denpasar Barat, Denpasar City, Bali 80119, Indonesia",https://bimantarastudio.wordpress.com/,https://maps.google.com/?cid=2091618236550837796&g_mp=Cidnb29nbGUubWFwcy5wbGFjZXMudjEuUGxhY2VzLlNlYXJjaFRleHQQAhgEIAA,5,24,OPERATIONAL,corporate_office,architecture_design,Designs villas; natural partner that brings construction clients,architecture firm in Bali,-8.659833599999999,115.19245529999999,ChIJG-JsAahB0i0RJHZXS7TrBh0
BB Studio Designs,+62 812-3634-4545,"Jalan L.C Pertiwi Gatsu Barat, Kubu Bali Residence No.E, Kerobokan Kaja, Kuta Utara, Denpasar City, Bali 80361, Indonesia",,https://maps.google.com/?cid=9419535603923263125&g_mp=Cidnb29nbGUubWFwcy5wbGFjZXMudjEuUGxhY2VzLlNlYXJjaFRleHQQAhgEIAA,5,2,OPERATIONAL,,architecture_design,Designs villas; natural partner that brings construction clients,"architect studio in Kerobokan, Bali",-8.638850699999999,115.17568649999998,ChIJRRA0Fbo40i0RlZ79lLnpuII
BUKIT KONSTRUKSI,+62 817-4700-066,"Jl. Raya Uluwatu, Ungasan, Kec. Kuta Sel., Kabupaten Badung, Bali 80361, Indonesia",,https://maps.google.com/?cid=165238298300212620&g_mp=Cidnb29nbGUubWFwcy5wbGFjZXMudjEuUGxhY2VzLlNlYXJjaFRleHQQAhgEIAA,5,1,OPERATIONAL,service,architecture_design,Designs villas; natural partner that brings construction clients,"architect studio in Uluwatu, Bali",-8.825377,115.14071399999999,ChIJ5Tciztda0i0RjGV5WVsLSwI
Bajradana Architect,+62 851-8686-5766,"945F+J6C, Pererenan, Mengwi, Badung Regency, Bali 80351, Indonesia",https://www.instagram.com/bajradanaarchitect/,https://maps.google.com/?cid=9916712261305357272&g_mp=Cidnb29nbGUubWFwcy5wbGFjZXMudjEuUGxhY2VzLlNlYXJjaFRleHQQAhgEIAA,5,15,OPERATIONAL,service,architecture_design,Designs villas; natural partner that brings construction clients,"architect studio in Canggu, Bali",-8.6409375,115.1230625,ChIJm1H6xaQ50i0R2NPdukI9n4k
Bale Design (Gede Arista Gunawan Architects & Associates),+62 812-4604-444,"Jl. Dukuh Sari No.2, Sesetan, Denpasar Selatan, Kota Denpasar, Bali 80223, Indonesia",http://www.gedearista.com/,https://maps.google.com/?cid=18440235175898249428&g_mp=Cidnb29nbGUubWFwcy5wbGFjZXMudjEuUGxhY2VzLlNlYXJjaFRleHQQAhgEIAA,4.5,19,OPERATIONAL,service,architecture_design,Designs villas; natural partner that brings construction clients,architecture firm in Bali,-8.6949236,115.21826019999999,ChIJpWXeqx5B0i0R1PgTIjHg6P8
Bali Blueprint,+62 821-4551-51110,"Jl. Beraban No.72xx, Kerobokan Kelod, Kec. Kuta Utara, Kabupaten Badung, Bali 80361, Indonesia",http://linktr.ee/baliblueprint,https://maps.google.com/?cid=17710078889151843123&g_mp=Cidnb29nbGUubWFwcy5wbGFjZXMudjEuUGxhY2VzLlNlYXJjaFRleHQQAhgEIAA,5,1,OPERATIONAL,service,architecture_design,Designs villas; natural partner that brings construction clients,"architect studio in Kerobokan, Bali",-8.6814213,115.1603502,ChIJuwSLm0RH0i0RM0sK7OrWxvU
Bali Landscape Company,+62 361 8975105,"Jl. Pantai Batu Mejan No.32AB, Canggu, Kec. Kuta Utara, Kabupaten Badung, Bali 80351, Indonesia",http://www.balilandscapecompany.com/,https://maps.google.com/?cid=3887405043310318233&g_mp=Cidnb29nbGUubWFwcy5wbGFjZXMudjEuUGxhY2VzLlNlYXJjaFRleHQQAhgEIAA,4.5,25,OPERATIONAL,general_contractor,architecture_design,Designs villas; natural partner that brings construction clients,"architect studio in Canggu, Bali",-8.6435449,115.13785179999999,ChIJibTSDiRH0i0RmdKSYErW8jU
Bali project studio,+62 821-4706-7237,"Jl. Raya Mas No.51, Mas, Kecamatan Ubud, Kabupaten Gianyar, Bali 80571, Indonesia",https://www.baliprojectstudio.com/,https://maps.google.com/?cid=4064240813659657136&g_mp=Cidnb29nbGUubWFwcy5wbGFjZXMudjEuUGxhY2VzLlNlYXJjaFRleHQQAhgEIAA,3,2,OPERATIONAL,service,architecture_design,Designs villas; natural partner that brings construction clients,"architect studio in Ubud, Bali",-8.5542283,115.273569,ChIJdUCqfxQ90i0RsBPUm3wVZzg
Balitecture - Architectural Design Studio,+62 813-3978-3231,"Jl. Mertanadi No.81, Kerobokan, Kec. Kuta Utara, Kabupaten Badung, Bali 80361, Indonesia",https://www.balitecture.com/,https://maps.google.com/?cid=11952827292226710163&g_mp=Cidnb29nbGUubWFwcy5wbGFjZXMudjEuUGxhY2VzLlNlYXJjaFRleHQQAhgEIAA,4.6,9,OPERATIONAL,service,architecture_design,Designs villas; natural partner that brings construction clients,architecture firm in Bali,-8.6756929,115.1669792,ChIJtyMG5d9H0i0Rk2rE7hf54KU
Bungaku Architecture Interior Contractor,+62 812-3838-9292,"Gg. XVII No.1, Penatih, Kec. Denpasar Tim., Kota Denpasar, Bali 80238, Indonesia",,https://maps.google.com/?cid=12375566168471411410&g_mp=Cidnb29nbGUubWFwcy5wbGFjZXMudjEuUGxhY2VzLlNlYXJjaFRleHQQAhgEIAA,5,1,OPERATIONAL,service,architecture_design,Designs villas; natural partner that brings construction clients,architecture firm in Bali,-8.6326223,115.24167050000001,ChIJfQrxnC0_0i0R0poUltzXvqs
Carrera Architect Studio,+62 819-9931-6803,"Jl. Pratu Made Rambug No.63, Batubulan, Kec. Sukawati, Kabupaten Gianyar, Bali 80582, Indonesia",,https://maps.google.com/?cid=5612120543770359820&g_mp=Cidnb29nbGUubWFwcy5wbGFjZXMudjEuUGxhY2VzLlNlYXJjaFRleHQQAhgEIAA,,,OPERATIONAL,service,architecture_design,Designs villas; natural partner that brings construction clients,"architect studio in Ubud, Bali",-8.639698400000002,115.26999370000001,ChIJR-qq_eo_0i0RDLgaeOZB4k0
D-EVA Studio,+62 823-4043-8980,"Jl. Raya Tumbakbayuh - Pererenan, Tumbak Bayuh, Kec. Mengwi, Kabupaten Badung, Bali 80351, Indonesia",https://www.d-eva.com/,https://maps.google.com/?cid=9075787809727536782&g_mp=Cidnb29nbGUubWFwcy5wbGFjZXMudjEuUGxhY2VzLlNlYXJjaFRleHQQAhgEIAA,5,37,OPERATIONAL,general_contractor,architecture_design,Designs villas; natural partner that brings construction clients,"architect studio in Canggu, Bali",-8.6176279,115.14252950000001,ChIJ1UgozDA50i0Rjl6hZ-2s830
DAKP Studio,+62 831-1750-5131,"Jl. Raya Teges, Peliatan, Kecamatan Ubud, Kabupaten Gianyar, Bali 80571, Indonesia",,https://maps.google.com/?cid=16607383136679965240&g_mp=Cidnb29nbGUubWFwcy5wbGFjZXMudjEuUGxhY2VzLlNlYXJjaFRleHQQAhgEIAA,,,OPERATIONAL,service,architecture_design,Designs villas; natural partner that brings construction clients,"architect studio in Ubud, Bali",-8.523964099999999,115.27031120000001,ChIJb5YrbU490i0RODKfHvlGeeY
DNA Furniture,+62 817-347-678,"Jl. Raya Kerobokan No.58, Kerobokan Kelod, Kec. Kuta Utara, Kabupaten Badung, Bali 80361, Indonesia",,https://maps.google.com/?cid=3749858189780173069&g_mp=Cidnb29nbGUubWFwcy5wbGFjZXMudjEuUGxhY2VzLlNlYXJjaFRleHQQAhgEIAA,4.9,31,OPERATIONAL,home_improvement_store,architecture_design,Designs villas; natural partner that brings construction clients,"architect studio in Kerobokan, Bali",-8.6764235,115.16457149999998,ChIJOVedeBVH0i0RDcHv7ycsCjQ
DNT studio architect,+62 819-3854-3409,"Jl. Raya Samu, Singapadu Kaler, Kec. Sukawati, Kabupaten Gianyar, Bali 80582, Indonesia",,https://maps.google.com/?cid=13428940301032523370&g_mp=Cidnb29nbGUubWFwcy5wbGFjZXMudjEuUGxhY2VzLlNlYXJjaFRleHQQAhgEIAA,5,2,OPERATIONAL,service,architecture_design,Designs villas; natural partner that brings construction clients,"architect studio in Ubud, Bali",-8.5476698,115.24387709999999,ChIJ5TLhEVw90i0Raob44A0uXbo
Desaindua - Bali Interior Design Architect Consultant,+62 812-4677-7488,"Jl. Veteran No.27-33, Dangin Puri Kauh, Kec. Denpasar Utara, Kota Denpasar, Bali 80232, Indonesia",http://www.desaindua.com/,https://maps.google.com/?cid=13452701386295433556&g_mp=Cidnb29nbGUubWFwcy5wbGFjZXMudjEuUGxhY2VzLlNlYXJjaFRleHQQAhgEIAA,4.8,36,OPERATIONAL,,architecture_design,Designs villas; natural partner that brings construction clients,architecture firm in Bali,-8.6526687,115.2170521,ChIJE53-fn0_0i0RVFmLp6KYsbo
Design Assembly - Architecture & Interior Design Studio,+62 361 9347179,"Jl. Bumbak No.27, Kerobokan, Kec. Kuta Utara, Kabupaten Badung, Bali 80361, Indonesia",https://wearedesignassembly.com/,https://maps.google.com/?cid=17417798079842135646&g_mp=Cidnb29nbGUubWFwcy5wbGFjZXMudjEuUGxhY2VzLlNlYXJjaFRleHQQAhgEIAA,4.9,7,OPERATIONAL,service,architecture_design,Designs villas; natural partner that brings construction clients,"architect studio in Canggu, Bali",-8.6514476,115.15884700000001,ChIJYfAjVJ450i0RXq549hFzuPE
Design Bali Architect,+62 812-4634-536,"Jl. Sekar Tunjung XVIII A No.11, Kesiman Kertalangu, Kec. Denpasar Tim., Kota Denpasar, Bali 80237, Indonesia",http://www.designbali.com/,https://maps.google.com/?cid=15532372273158126105&g_mp=Cidnb29nbGUubWFwcy5wbGFjZXMudjEuUGxhY2VzLlNlYXJjaFRleHQQAhgEIAA,4.9,17,OPERATIONAL,service,architecture_design,Designs villas; natural partner that brings construction clients,architecture firm in Bali,-8.641447,115.2471906,ChIJw4GQh4U_0i0RGXq31EkSjtc
Elements Design Studio – Architecture Consulting,+62 821-4465-2189,"Jl. Babadan No.200, Pererenan, Kec. Mengwi, Kabupaten Badung, Bali, shope 1, Pererenan, Kec. Mengwi, BALI, Jawa Timur 80351, Indonesia",https://elements-design-studio.com/,https://maps.google.com/?cid=6978051435384411665&g_mp=Cidnb29nbGUubWFwcy5wbGFjZXMudjEuUGxhY2VzLlNlYXJjaFRleHQQAhgEIAA,5,17,OPERATIONAL,,architecture_design,Designs villas; natural partner that brings construction clients,"architect studio in Canggu, Bali",-8.6474475,115.1204187,ChIJSdVag9s50i0RERZ-Js8E12A
Emporio Architect,+62 822-1978-8877,"PERUM Piakan Indah Mesari, Jl. Piakan I No.18A, Batubulan, Kec. Sukawati, Kabupaten Gianyar, Bali 80582, Indonesia",https://www.emporioarchitect.com/,https://maps.google.com/?cid=10844193872727869868&g_mp=Cidnb29nbGUubWFwcy5wbGFjZXMudjEuUGxhY2VzLlNlYXJjaFRleHQQAhgEIAA,4.9,223,OPERATIONAL,service,architecture_design,Designs villas; natural partner that brings construction clients,architecture firm in Bali,-8.6050819,115.2465692,ChIJ__-oZzU-0i0RrIlpS99QfpY
FEN studio Architecture,+62 878-5546-3000,"Jl. Pulau Kangean No.88, Banyuning, selatan, Kabupaten Buleleng, Bali 81115, Indonesia",,https://maps.google.com/?cid=5766178297110904454&g_mp=Cidnb29nbGUubWFwcy5wbGFjZXMudjEuUGxhY2VzLlNlYXJjaFRleHQQAhgEIAA,5,1,OPERATIONAL,service,architecture_design,Designs villas; natural partner that brings construction clients,"architect studio in Pererenan, Bali",-8.120157599999999,115.11216549999999,ChIJvbst3XSR0S0Rhr7cVpyUBVA
Fendi Studio Architecture,+62 878-5546-3000,"Jl. Gempol gg jaya negara No.99, Banyuning, Kec. Buleleng, Kabupaten Buleleng, Bali 81115, Indonesia",,https://maps.google.com/?cid=1371742368212322135&g_mp=Cidnb29nbGUubWFwcy5wbGFjZXMudjEuUGxhY2VzLlNlYXJjaFRleHQQAhgEIAA,5,1,OPERATIONAL,service,architecture_design,Designs villas; natural partner that brings construction clients,"architect studio in Pererenan, Bali",-8.114670799999999,115.10109550000001,ChIJ8QVV6qyR0S0RVwemhGpoCRM
Focus Architect Studio,+62 812-3711-5415,"Jl. Gn. Krakatau No.5b, Pemecutan Klod, Kec. Denpasar Bar., Kota Denpasar, Bali 80112, Indonesia",,https://maps.google.com/?cid=15318688097166015562&g_mp=Cidnb29nbGUubWFwcy5wbGFjZXMudjEuUGxhY2VzLlNlYXJjaFRleHQQAhgEIAA,4.3,6,OPERATIONAL,corporate_office,architecture_design,Designs villas; natural partner that brings construction clients,"architect studio in Seminyak, Bali",-8.6626861,115.20766619999999,ChIJpdzvoh9B0i0RSryVmKnpltQ
GFAB Architects,+62 361 720001,"Jalan Kerta Husada No.24-28, No. III, Sidakarya, Denpasar Selatan, Kota Denpasar, Bali 80224, Indonesia",http://www.gfabarchitects.com/,https://maps.google.com/?cid=9166061006869783627&g_mp=Cidnb29nbGUubWFwcy5wbGFjZXMudjEuUGxhY2VzLlNlYXJjaFRleHQQAhgEIAA,4.6,46,OPERATIONAL,service,architecture_design,Designs villas; natural partner that brings construction clients,architecture firm in Bali,-8.7074223,115.2353818,ChIJ1adajgpB0i0RS2QIAOxjNH8
GH+ Architect,+62 859-5858-0005,"Gg. Uma Anyar, Kesiman, Kec. Denpasar Tim., Kota Denpasar, Bali, Indonesia",https://www.ghanorama.com/,https://maps.google.com/?cid=3360042444764210016&g_mp=Cidnb29nbGUubWFwcy5wbGFjZXMudjEuUGxhY2VzLlNlYXJjaFRleHQQAhgEIAA,5,3,OPERATIONAL,service,architecture_design,Designs villas; natural partner that brings construction clients,architecture firm in Bali,-8.6470485,115.26677329999998,ChIJJ6N6NRVB0i0RYONnHs1EoS4
GHA Studio,+62 812-4617-0527,"Jl. Kenyeri III / III D, No. 10, Tonja, Kec. Denpasar Utara, Kota Denpasar, Bali 80113, Indonesia",https://ghastudio.com/,https://maps.google.com/?cid=15391964381447056253&g_mp=Cidnb29nbGUubWFwcy5wbGFjZXMudjEuUGxhY2VzLlNlYXJjaFRleHQQAhgEIAA,5,6,OPERATIONAL,service,architecture_design,Designs villas; natural partner that brings construction clients,architecture firm in Bali,-8.6381217,115.23115899999999,ChIJbU9tWyBB0i0RfeudBw4-m9U
Goldmonk Architects Studio,+62 812-3915-3316,"Jalan Batuyang, Gang Merpati 1B No. 04, Batubulan, Kec. Sukawati, Kabupaten Gianyar, Bali 80582, Indonesia",,https://maps.google.com/?cid=4825593410227244386&g_mp=Cidnb29nbGUubWFwcy5wbGFjZXMudjEuUGxhY2VzLlNlYXJjaFRleHQQAhgEIAA,4.6,13,OPERATIONAL,service,architecture_design,Designs villas; natural partner that brings construction clients,"architect studio in Berawa, Bali",-8.629667399999999,115.2655222,ChIJ58wD338_0i0RYo0Pt6Pz90I
Guna Arch Studio,+62 813-3877-8081,"Jl. Gn. Tangkuban Perahu, Kerobokan Kelod, Kec. Kuta Utara, Kota Denpasar, Bali 80117, Indonesia",,https://maps.google.com/?cid=3422700629406758820&g_mp=Cidnb29nbGUubWFwcy5wbGFjZXMudjEuUGxhY2VzLlNlYXJjaFRleHQQAhgEIAA,5,1,OPERATIONAL,service,architecture_design,Designs villas; natural partner that brings construction clients,"architect studio in Kerobokan, Bali",-8.6807093,115.17373299999998,ChIJFVNaG7JH0i0RpLdLlBbgfy8
"HDjaya Architect Studio Bali ""Design & Build""",+62 811-395-113,"Jl. Wagimin, Kediri, Kec. Kediri, Kabupaten Tabanan, Bali 82111, Indonesia",,https://maps.google.com/?cid=3964344462950580057&g_mp=Cidnb29nbGUubWFwcy5wbGFjZXMudjEuUGxhY2VzLlNlYXJjaFRleHQQAhgEIAA,,,OPERATIONAL,service,architecture_design,Designs villas; natural partner that brings construction clients,"architect studio in Pererenan, Bali",-8.5631831,115.13863029999999,ChIJi4_H2mU70i0RWb90-UguBDc
IBUKU Studio (Aldo's Kitchen),+62 361 9583036,"Jl. Meduri No.II, Sibang Kaja, Kec. Abiansemal, Kabupaten Badung, Bali 80352, Indonesia",http://www.ibuku.com/,https://maps.google.com/?cid=3442357130160689876&g_mp=Cidnb29nbGUubWFwcy5wbGFjZXMudjEuUGxhY2VzLlNlYXJjaFRleHQQAhgEIAA,5,10,OPERATIONAL,corporate_office,architecture_design,Designs villas; natural partner that brings construction clients,architecture firm in Bali,-8.5686091,115.2155345,ChIJf0aOfSA80i0R1NJCTZK1xS8
IMMASA Studio Bali,+62 361 425654,"Jl. Dewata No.1B, Ubung Kaja, Kec. Denpasar Utara, Kota Denpasar, Bali 80115, Indonesia",http://immasastudio.com/,https://maps.google.com/?cid=17441907512819233773&g_mp=Cidnb29nbGUubWFwcy5wbGFjZXMudjEuUGxhY2VzLlNlYXJjaFRleHQQAhgEIAA,5,6,OPERATIONAL,service,architecture_design,Designs villas; natural partner that brings construction clients,"architect studio in Seminyak, Bali",-8.6281141,115.19634259999998,ChIJu8yCxsdA0i0R7bPOwngaDvI
INS Design Studio,+62 812-3917-5215,"Jl. Sekar Tunjung No.77, Kesiman Kertalangu, Kec. Denpasar Tim., Kota Denpasar, Bali 80237, Indonesia",http://www.settoinspire.com/,https://maps.google.com/?cid=8855897495280608117&g_mp=Cidnb29nbGUubWFwcy5wbGFjZXMudjEuUGxhY2VzLlNlYXJjaFRleHQQAhgEIAA,5,2,OPERATIONAL,service,architecture_design,Designs villas; natural partner that brings construction clients,architecture firm in Bali,-8.640627199999999,115.24986399999997,ChIJS2iOYwU_0i0RdeN49dl35no
Imade Bali Studio Arsitek,+62 817-4700-066,"Jl. Raya Uluwatu, Ungasan, Kec. Kuta Sel., Kabupaten Badung, Bali 80361, Indonesia",,https://maps.google.com/?cid=14497172488870401579&g_mp=Cidnb29nbGUubWFwcy5wbGFjZXMudjEuUGxhY2VzLlNlYXJjaFRleHQQAhgEIAA,5,1,OPERATIONAL,service,architecture_design,Designs villas; natural partner that brings construction clients,"architect studio in Uluwatu, Bali",-8.8253509,115.14063960000001,ChIJH4Y6n3JE0i0RK5avvpFNMMk
ImajI Studio Architecture,+62 813-2039-4395,"Jl. Bikini Pertokoan Royal Aditya No.A5, Padangsambian Klod, Kec. Denpasar Bar., Kota Denpasar, Bali 80117, Indonesia",https://www.imajistudioarchitecture.com/,https://maps.google.com/?cid=10827950742106353873&g_mp=Cidnb29nbGUubWFwcy5wbGFjZXMudjEuUGxhY2VzLlNlYXJjaFRleHQQAhgEIAA,4.9,9,OPERATIONAL,service,architecture_design,Designs villas; natural partner that brings construction clients,architecture firm in Bali,-8.6732502,115.18436779999999,ChIJtwta8TVH0i0R0TCtvNSbRJY
Imersif Architect Studio,+62 823-3888-9776,"Jl. Subak Daksina No.1, Tibubeneng, Kec. Kuta Utara, Kabupaten Badung, Bali 80361, Indonesia",http://www.imersif.studio/,https://maps.google.com/?cid=14725828212358724269&g_mp=Cidnb29nbGUubWFwcy5wbGFjZXMudjEuUGxhY2VzLlNlYXJjaFRleHQQAhgEIAA,5,8,OPERATIONAL,service,architecture_design,Designs villas; natural partner that brings construction clients,architecture firm in Bali,-8.628819199999999,115.15550929999998,ChIJFeBeRKQ50i0RrToRBb2mXMw
Infinite Architect,+62 819-5396-7154,"Jl. Pantai Berawa, Canggu, Kec. Kuta Utara, Kabupaten Badung, Bali 80363, Indonesia",,https://maps.google.com/?cid=7566613561052026793&g_mp=Cidnb29nbGUubWFwcy5wbGFjZXMudjEuUGxhY2VzLlNlYXJjaFRleHQQAhgEIAA,,,OPERATIONAL,service,architecture_design,Designs villas; natural partner that brings construction clients,"architect studio in Canggu, Bali",-8.6435862,115.15410689999999,ChIJB0nZO0dH0i0Rqdcos_ECAmk
Inspiral Architecture and Design Studios,+62 812-3866-8698,"Jl. Danau Poso No.11, Sanur Kauh, Denpasar Selatan, Kota Denpasar, Bali 80228, Indonesia",http://www.inspiralarchitects.com/,https://maps.google.com/?cid=8115067470404225344&g_mp=Cidnb29nbGUubWFwcy5wbGFjZXMudjEuUGxhY2VzLlNlYXJjaFRleHQQAhgEIAA,4.4,63,OPERATIONAL,service,architecture_design,Designs villas; natural partner that brings construction clients,architecture firm in Bali,-8.7048016,115.24849409999997,ChIJW1BvtMtG0i0RQInFbd6CnnA
Istana Architecture Design,+62 821-4408-2139,"Banjar umategal, Jl. Penganyutan, Buduk, Kec. Mengwi, Kabupaten Badung, Bali 80361, Indonesia",https://istanadesign.com/,https://maps.google.com/?cid=17466239459779465130&g_mp=Cidnb29nbGUubWFwcy5wbGFjZXMudjEuUGxhY2VzLlNlYXJjaFRleHQQAhgEIAA,5,3,OPERATIONAL,service,architecture_design,Designs villas; natural partner that brings construction clients,architecture firm in Bali,-8.6074035,115.15616949999999,ChIJHwunNa_2JU4Rqs8Qoj-MZPI
JAC DESIGN & ARCHITECT STUDIO,+62 819-0755-1027,"Jl. Pande No.2, Abiansemal, Kec. Abiansemal, Kabupaten Badung, Bali 80352, Indonesia",,https://maps.google.com/?cid=10623413911183288988&g_mp=Cidnb29nbGUubWFwcy5wbGFjZXMudjEuUGxhY2VzLlNlYXJjaFRleHQQAhgEIAA,5,1,OPERATIONAL,corporate_office,architecture_design,Designs villas; natural partner that brings construction clients,"architect studio in Ubud, Bali",-8.5249215,115.21266410000001,ChIJRwaJESg90i0RnOoFvqrybZM
Jadi Bagus,+62 815-5555-120,"No.120J, Jl. Kartika Plaza, Kuta, Kec. Kuta, Kabupaten Badung, Bali 80361, Indonesia",https://www.jadibagus.id/,https://maps.google.com/?cid=2914355617127076132&g_mp=Cidnb29nbGUubWFwcy5wbGFjZXMudjEuUGxhY2VzLlNlYXJjaFRleHQQAhgEIAA,5,4,OPERATIONAL,corporate_office,architecture_design,Designs villas; natural partner that brings construction clients,"architect studio in Umalas, Bali",-8.737048399999999,115.16741999999999,ChIJg24CqB9E0i0RJBEGLP7ecSg
KHOMA Architects,+62 817-9701-355,"Trumbu Nusa Residence, Jl. Jempiring Jl. Raya Uluwatu No.5, Jimbaran, Kec. Kuta Sel., Kabupaten Badung, Bali 80361, Indonesia",http://khomastudio.com/,https://maps.google.com/?cid=8078090874952526940&g_mp=Cidnb29nbGUubWFwcy5wbGFjZXMudjEuUGxhY2VzLlNlYXJjaFRleHQQAhgEIAA,,,OPERATIONAL,service,architecture_design,Designs villas; natural partner that brings construction clients,"architect studio in Bingin, Bali",-8.7966268,115.1581769,ChIJdWSWAgxF0i0RXKze6NkkG3A
KONKRETE DESIGN Architectural Studio,+62 819-3310-5444,"Rumah C, Jl. Tunjung II No.6, Kerobokan Kelod, Kec. Kuta Utara, Kabupaten Badung, Bali 80361, Indonesia",https://www.konkretedesignbali.com/,https://maps.google.com/?cid=4880393268268015893&g_mp=Cidnb29nbGUubWFwcy5wbGFjZXMudjEuUGxhY2VzLlNlYXJjaFRleHQQAhgEIAA,,,OPERATIONAL,service,architecture_design,Designs villas; natural partner that brings construction clients,architecture firm in Bali,-8.6744068,115.17382339999997,ChIJ7cnIviNH0i0RFaFS79GjukM
Kamu Concepts | Interior Design Studio Bali,+62 823-3888-8971,"Jl. Dukuh Indah No.71, Kerobokan Kelod, Kec. Kuta Utara, Kabupaten Badung, Bali 80361, Indonesia",https://www.kamuconcepts.com/,https://maps.google.com/?cid=16281374787595869905&g_mp=Cidnb29nbGUubWFwcy5wbGFjZXMudjEuUGxhY2VzLlNlYXJjaFRleHQQAhgEIAA,5,10,OPERATIONAL,general_contractor,architecture_design,Designs villas; natural partner that brings construction clients,"architect studio in Umalas, Bali",-8.6660622,115.1585315,ChIJf8xuzMxH0i0R0R6nXRsQ8-E
Karana Putra Konsultan | Jasa Arsitektur dan Kontraktor,+62 821-4795-2780,"Jl. Pidada I No.4, Ubung, Denpasar, Kota Denpasar, Bali 80111, Indonesia",,https://maps.google.com/?cid=4183825775515006082&g_mp=Cidnb29nbGUubWFwcy5wbGFjZXMudjEuUGxhY2VzLlNlYXJjaFRleHQQAhgEIAA,5,19,OPERATIONAL,service,architecture_design,Designs villas; natural partner that brings construction clients,architecture firm in Bali,-8.6377959,115.20208380000001,ChIJUWHzVw4_0i0RgvSxP2DvDzo
KoPlan Consulting,+62 811-3922-101,"Gg. XVI Jl. Umalas II, Kerobokan Kelod, Kec. Kuta Utara, Kabupaten Badung, Bali 80361, Indonesia",http://koplanconsulting.com/,https://maps.google.com/?cid=17124995476937633895&g_mp=Cidnb29nbGUubWFwcy5wbGFjZXMudjEuUGxhY2VzLlNlYXJjaFRleHQQAhgEIAA,4.8,24,OPERATIONAL,service,architecture_design,Designs villas; natural partner that brings construction clients,architecture firm in Bali,-8.6672428,115.1596074,ChIJTeNOO2lH0i0RZ_AJd6c0qO0
Kriyalokha Architect,+62 815-4708-722,"Jl. Blong Keker Jl. Blongkeker Gg. Arjuna, Jimbaran, Kec. Kuta Sel., Kabupaten Badung, Bali 80362, Indonesia",https://kriyalokha.com/,https://maps.google.com/?cid=7251496208172383390&g_mp=Cidnb29nbGUubWFwcy5wbGFjZXMudjEuUGxhY2VzLlNlYXJjaFRleHQQAhgEIAA,5,25,OPERATIONAL,service,architecture_design,Designs villas; natural partner that brings construction clients,architecture firm in Bali,-8.8023569,115.14595039999999,ChIJBQCXI_lF0i0Rnvw0mmF9omQ
LODA at saksama studio,+62 822-3778-2688,"Jl. Raya Payangan, Melinggih Kelod, Kec. Payangan, Kabupaten Gianyar, Bali 80572, Indonesia",https://www.instagram.com/loda.design/,https://maps.google.com/?cid=17641841952797645764&g_mp=Cidnb29nbGUubWFwcy5wbGFjZXMudjEuUGxhY2VzLlNlYXJjaFRleHQQAhgEIAA,5,66,OPERATIONAL,service,architecture_design,Designs villas; natural partner that brings construction clients,"architect studio in Berawa, Bali",-8.4514093,115.2469053,ChIJ212QeTYj0i0RxFsWHMlp1PQ
LSD LS Design Bali,+62 857-3853-7503,"Jl. Dewisita No.1, Ubud, Kecamatan Ubud, Kabupaten Gianyar, Bali 80571, Indonesia",https://www.lightspacedesign.ae/,https://maps.google.com/?cid=5350620731987032095&g_mp=Cidnb29nbGUubWFwcy5wbGFjZXMudjEuUGxhY2VzLlNlYXJjaFRleHQQAhgEIAA,3,2,OPERATIONAL,,architecture_design,Designs villas; natural partner that brings construction clients,"architect studio in Ubud, Bali",-8.5103396,115.2634493,ChIJd487D2490i0RH3jt-TQ5QUo
La Tribu Bali - Yoga Uluwatu Bali - The Art of Movement,+62 813-3889-7711,"Jl. Buana Sari Gg. Pirta, Pecatu, Kec. Kuta Sel., Kabupaten Badung, Bali 80361, Indonesia",https://www.latribubali.id/,https://maps.google.com/?cid=10895821359281034837&g_mp=Cidnb29nbGUubWFwcy5wbGFjZXMudjEuUGxhY2VzLlNlYXJjaFRleHQQAhgEIAA,4.8,226,OPERATIONAL,yoga_studio,architecture_design,Designs villas; natural partner that brings construction clients,"architect studio in Uluwatu, Bali",-8.8122927,115.1182578,ChIJY6U6HqhF0i0RVVYPOMy7NZc
Lamitak Studio (Bali),+62 815-1112-0051,"Teratai The Promenade, Jl. Shortcut Teratai Batu Bolong unit P7, Canggu, Kec. Kuta Utara, Kabupaten Badung, Bali 80361, Indonesia",https://www.lamitak.com/,https://maps.google.com/?cid=4942505402681058934&g_mp=Cidnb29nbGUubWFwcy5wbGFjZXMudjEuUGxhY2VzLlNlYXJjaFRleHQQAhgEIAA,5,30,OPERATIONAL,home_improvement_store,architecture_design,Designs villas; natural partner that brings construction clients,"architect studio in Canggu, Bali",-8.6438882,115.14230660000001,ChIJY7L3mEY50i0RduZAK3pOl0Q
Lincolnarchitects,+62 628 18350120,"agung rakas complex jalan padma utara, 8583+684, Seminyak, Kec. Kuta, legian, Bali 80361, Indonesia",,https://maps.google.com/?cid=18186363900647615015&g_mp=Cidnb29nbGUubWFwcy5wbGFjZXMudjEuUGxhY2VzLlNlYXJjaFRleHQQAhgEIAA,5,1,OPERATIONAL,service,architecture_design,Designs villas; natural partner that brings construction clients,"architect studio in Seminyak, Bali",-8.6844988,115.15331409999999,ChIJyaIY_g9H0i0RJ6oWtpzxYvw
Luca Arcari Atelier,+62 822-6636-4036,"Jl. Raya Babakan Canggu No.58, Canggu, Kec. Kuta Utara, Kabupaten Badung, Bali 80351, Indonesia",https://arcariatelier.com/,https://maps.google.com/?cid=10100121733498274966&g_mp=Cidnb29nbGUubWFwcy5wbGFjZXMudjEuUGxhY2VzLlNlYXJjaFRleHQQAhgEIAA,5,8,OPERATIONAL,service,architecture_design,Designs villas; natural partner that brings construction clients,architecture firm in Bali,-8.626858,115.1527041,ChIJ21FWqT850i0RlgReMTTXKow
Lumbung Architect,+62 859-1065-32925,"Jl. Muding Indah XIII Jl. Gatot Subroto Barat No.9, Kerobokan Kaja, Kec. Kuta Utara, Kabupaten Badung, Bali 80363, Indonesia",https://lumbungarchitect.com/,https://maps.google.com/?cid=3466587355834230619&g_mp=Cidnb29nbGUubWFwcy5wbGFjZXMudjEuUGxhY2VzLlNlYXJjaFRleHQQAhgEIAA,4.7,86,OPERATIONAL,service,architecture_design,Designs villas; natural partner that brings construction clients,architecture firm in Bali,-8.6385877,115.1802914,ChIJz8a3l-NA0i0RWydcV9XKGzA
MARZLOFF ARCHITECTS,+62 831-2289-6586,"Jl. Sunset Road No.88, Seminyak, Kec. Kuta, Kabupaten Badung, Bali 80361, Indonesia",http://www.marzloffarchitects.com/,https://maps.google.com/?cid=7044277643359455293&g_mp=Cidnb29nbGUubWFwcy5wbGFjZXMudjEuUGxhY2VzLlNlYXJjaFRleHQQAhgEIAA,5,32,OPERATIONAL,service,architecture_design,Designs villas; natural partner that brings construction clients,architecture firm in Bali,-8.6904944,115.17244989999998,ChIJee4CpvZH0i0RPYiqxzFNwmE
MFdesign Studio,+62 361 9077472,"Jl. Gatot Subroto Barat No.88, Kerobokan Kaja, Kec. Kuta Utara, Kabupaten Badung, Bali 80117, Indonesia",http://www.mfdesignbali.com/,https://maps.google.com/?cid=304728636124129793&g_mp=Cidnb29nbGUubWFwcy5wbGFjZXMudjEuUGxhY2VzLlNlYXJjaFRleHQQAhgEIAA,5,6,OPERATIONAL,,architecture_design,Designs villas; natural partner that brings construction clients,"architect studio in Canggu, Bali",-8.6370674,115.1794939,ChIJpYk3IbZG0i0RAWoRfRSdOgQ
MSA (Made Sutawijaya Architect),+62 361 810150,"Jl. Pulau Batam Jl. P.Nias No.38, Dauh Peken, Kec. Tabanan, Kabupaten Tabanan, Bali 82111, Indonesia",http://www.madesutawijaya.com/,https://maps.google.com/?cid=7944107192033184183&g_mp=Cidnb29nbGUubWFwcy5wbGFjZXMudjEuUGxhY2VzLlNlYXJjaFRleHQQAhgEIAA,4.9,32,OPERATIONAL,service,architecture_design,Designs villas; natural partner that brings construction clients,"architect studio in Canggu, Bali",-8.539974599999999,115.1134228,ChIJWUVvR2E60i0Rt4nDxmYjP24
Manon Design Studio I Architect & Interior,+62 812-3993-1993,"Jl. Sekar Tunjung XVIII No.179, Kesiman Kertalangu, Kec. Denpasar Tim., Kota Denpasar, Bali 80237, Indonesia",http://www.manondesignstudio.com/,https://maps.google.com/?cid=12098359989383087662&g_mp=Cidnb29nbGUubWFwcy5wbGFjZXMudjEuUGxhY2VzLlNlYXJjaFRleHQQAhgEIAA,4.9,9,OPERATIONAL,service,architecture_design,Designs villas; natural partner that brings construction clients,architecture firm in Bali,-8.6407533,115.24643850000001,ChIJs5IKjkMZ0i0RLkb6e08C5qc
Molly Studio Interior Design,+62 813-3795-6057,"Jl. Munduk Tengah No.6D, Pererenan, Kec. Mengwi, Kabupaten Badung, Bali 80360, Indonesia",https://www.mollystudiodesign.com/,https://maps.google.com/?cid=17475038307932230703&g_mp=Cidnb29nbGUubWFwcy5wbGFjZXMudjEuUGxhY2VzLlNlYXJjaFRleHQQAhgEIAA,5,15,OPERATIONAL,general_contractor,architecture_design,Designs villas; natural partner that brings construction clients,"architect studio in Pererenan, Bali",-8.6470403,115.1272206,ChIJN_ibtwM50i0RL9SkHMHOg_I
Molly Studio Interior Design - Uluwatu,+62 813-3795-6057,"Jl. Toya Ning II, Ungasan, Kec. Kuta Sel., Kabupaten Badung, Bali 80361, Indonesia",https://mollystudiodesign.com/,https://maps.google.com/?cid=4867605133860503245&g_mp=Cidnb29nbGUubWFwcy5wbGFjZXMudjEuUGxhY2VzLlNlYXJjaFRleHQQAhgEIAA,5,10,OPERATIONAL,general_contractor,architecture_design,Designs villas; natural partner that brings construction clients,"architect studio in Uluwatu, Bali",-8.8246883,115.1468312,ChIJk59Z0mRb0i0RzX6fXhQ1jUM
Mud Homes Architecture Design Studio Bali,+62 821-4622-2285,"Pertokoan Perenenan Square, Jl. Raya Canggu, Pererenan, Kec. Mengwi, Kabupaten Badung, Bali 80351, Indonesia",http://www.mudhomesbali.com/,https://maps.google.com/?cid=2122432129741219024&g_mp=Cidnb29nbGUubWFwcy5wbGFjZXMudjEuUGxhY2VzLlNlYXJjaFRleHQQAhgEIAA,5,1,OPERATIONAL,service,architecture_design,Designs villas; natural partner that brings construction clients,architecture firm in Bali,-8.6336927,115.13769549999999,ChIJ1UsHtzk50i0R0OQZ4cZkdB0
Nauli Consultants - Architecture & Interior,+62 822-3084-6505,"Jl. Raya Canggu No.176, banjar anyar kaja, Kec. Kuta Utara, Kabupaten Badung, Bali 80361, Indonesia",http://www.nauliconsultants.com/,https://maps.google.com/?cid=10238383546875851562&g_mp=Cidnb29nbGUubWFwcy5wbGFjZXMudjEuUGxhY2VzLlNlYXJjaFRleHQQAhgEIAA,5,13,OPERATIONAL,service,architecture_design,Designs villas; natural partner that brings construction clients,architecture firm in Bali,-8.6440623,115.1578732,ChIJc1lFit850i0RKjO9MZcLFo4
Nawang Seta Design Studio,+62 811-3258-258,"Jl. Karang Sari No.1, Sanur, Denpasar Selatan, Kota Denpasar, Bali 80228, Indonesia",http://www.nawangseta.id/,https://maps.google.com/?cid=12049118473518005725&g_mp=Cidnb29nbGUubWFwcy5wbGFjZXMudjEuUGxhY2VzLlNlYXJjaFRleHQQAhgEIAA,5,10,OPERATIONAL,service,architecture_design,Designs villas; natural partner that brings construction clients,"architect studio in Seminyak, Bali",-8.702591,115.2612989,ChIJhXXx6lBB0i0R3T2jpmkRN6c
OREKAN - Architecture Firm in Bali,+62 811-1408-885,"Canggu, Kuta Utara, Badung Regency, Bali 80351, Indonesia",https://www.orekan.co.id/,https://maps.google.com/?cid=8138811836770978269&g_mp=Cidnb29nbGUubWFwcy5wbGFjZXMudjEuUGxhY2VzLlNlYXJjaFRleHQQAhgEIAA,,,OPERATIONAL,service,architecture_design,Designs villas; natural partner that brings construction clients,"architect studio in Berawa, Bali",-8.6439375,115.14231249999999,ChIJ6xavKQA50i0R3Yl6iD7e8nA
PT GEOMETRIUM ARCHITECTURAL STUDIO,+62 881-0375-68541,"Jl. Sunset Road No.88, Seminyak, Kec. Kuta, Kabupaten Badung, Bali 80361, Indonesia",https://geometrium.com/en/,https://maps.google.com/?cid=4252773127019468624&g_mp=Cidnb29nbGUubWFwcy5wbGFjZXMudjEuUGxhY2VzLlNlYXJjaFRleHQQAhgEIAA,,,OPERATIONAL,service,architecture_design,Designs villas; natural partner that brings construction clients,"architect studio in Canggu, Bali",-8.6904944,115.17244989999998,ChIJi3vvhQdH0i0RUJdSeqDiBDs
PT. BBB — Architecture Studio,+62 897-7002-111,"85M5+J7Q, Jl. Dukuh Indah, Kerobokan Kelod, Kec. Kuta Utara, Kabupaten Badung, Bali 80361, Indonesia",,https://maps.google.com/?cid=11804356255587769689&g_mp=Cidnb29nbGUubWFwcy5wbGFjZXMudjEuUGxhY2VzLlNlYXJjaFRleHQQAhgEIAA,,,OPERATIONAL,service,architecture_design,Designs villas; natural partner that brings construction clients,"architect studio in Berawa, Bali",-8.6659167,115.1582482,ChIJX0G_GwBH0i0RWR146Hh_0aM
PT. Karya Empat Puluh,+62 819-3771-0903,"Jl. Bypass Ngurah Rai No.21 A, Kedonganan, Kec. Kuta, Kabupaten Badung, Bali 80361, Indonesia",https://www.karya40.co.id/,https://maps.google.com/?cid=2711066574120442687&g_mp=Cidnb29nbGUubWFwcy5wbGFjZXMudjEuUGxhY2VzLlNlYXJjaFRleHQQAhgEIAA,5,1,OPERATIONAL,service,architecture_design,Designs villas; natural partner that brings construction clients,architecture firm in Bali,-8.761508899999999,115.17917329999999,ChIJca9hQhlF0i0RP1vicK-knyU
PT. Ramawijaya Indonesia International Design,+62 361 240895,"Perumahan Tegal Wangi Asri, Jl. Tegal Wangi, Sesetan, Denpasar Selatan, Denpasar City, Bali 80223, Indonesia",https://www.ptramawijaya.com/,https://maps.google.com/?cid=12249272364871254126&g_mp=Cidnb29nbGUubWFwcy5wbGFjZXMudjEuUGxhY2VzLlNlYXJjaFRleHQQAhgEIAA,4.9,8,OPERATIONAL,service,architecture_design,Designs villas; natural partner that brings construction clients,architecture firm in Bali,-8.6918138,115.2244108,ChIJZTQWMx1B0i0RbgApAVEo_qk
PT.Ameno Interior Design and Consulting,+62 878-7707-0669,"Jl. Umalas 1 No.34, Kerobokan Kelod, Kec. Kuta Utara, Kabupaten Badung, Bali 80361, Indonesia",,https://maps.google.com/?cid=2972321150473379083&g_mp=Cidnb29nbGUubWFwcy5wbGFjZXMudjEuUGxhY2VzLlNlYXJjaFRleHQQAhgEIAA,,,OPERATIONAL,general_contractor,architecture_design,Designs villas; natural partner that brings construction clients,"architect studio in Umalas, Bali",-8.6694508,115.16002129999998,ChIJaxdDJk1H0i0RC51YnFbOPyk
Pablo Luna Studio,+62 852-1523-1188,"Lodtunduh, Ubud, Gianyar Regency, Bali 80571, Indonesia",https://www.pablolunastudio.com/,https://maps.google.com/?cid=9445333572853074917&g_mp=Cidnb29nbGUubWFwcy5wbGFjZXMudjEuUGxhY2VzLlNlYXJjaFRleHQQAhgEIAA,4.6,20,OPERATIONAL,service,architecture_design,Designs villas; natural partner that brings construction clients,architecture firm in Bali,-8.5484624,115.258164,ChIJj4P-TAU_0i0R5Yv6SteQFIM
Panara Architecture Studio,+62 812-3944-768,"Br. Madangan Kaja, G8GC+GVX, Petak, Gianyar, Gianyar Regency, Bali 80511, Indonesia",,https://maps.google.com/?cid=11240684048625896552&g_mp=Cidnb29nbGUubWFwcy5wbGFjZXMudjEuUGxhY2VzLlNlYXJjaFRleHQQAhgEIAA,3.7,3,OPERATIONAL,art_studio,architecture_design,Designs villas; natural partner that brings construction clients,"architect studio in Ubud, Bali",-8.4736386,115.32224529999999,ChIJ7ZqgngQZ0i0RaAy_Jpbu_ps
"PaulTTan, Architect",+62 811-8007-805,"Abiankopi Private Gardens Desa Wanagiri, Banjar Biyahan, Wanagiri, Kec. Selemadeg, Kabupaten Tabanan, Bali 80000, Indonesia",http://www.arkdesign-architects.com/,https://maps.google.com/?cid=6759541279195727792&g_mp=Cidnb29nbGUubWFwcy5wbGFjZXMudjEuUGxhY2VzLlNlYXJjaFRleHQQAhgEIAA,5,1,OPERATIONAL,service,architecture_design,Designs villas; natural partner that brings construction clients,architecture firm in Bali,-8.3916636,115.0779464,ChIJactW_hxF0i0RsAcN1_q2zl0
Paz Studio,+62 812-8070-4066,"Jl. Umalas II No.94, Kerobokan Kelod, Kec. Kuta Utara, Kabupaten Badung, Bali 80361, Indonesia",https://pazstudiobali.com/,https://maps.google.com/?cid=10299364002861242614&g_mp=Cidnb29nbGUubWFwcy5wbGFjZXMudjEuUGxhY2VzLlNlYXJjaFRleHQQAhgEIAA,4.9,28,OPERATIONAL,service,architecture_design,Designs villas; natural partner that brings construction clients,"architect studio in Umalas, Bali",-8.666872999999999,115.156154,ChIJgXtp0Knx2E0R9lj9Av6w7o4
Popo Danes Architect,+62 361 242659,"Jl. Hayam Wuruk No.159, Sumerta Kelod, Kec. Denpasar Tim., Kota Denpasar, Bali 80235, Indonesia",http://www.popodanes.com/,https://maps.google.com/?cid=5955146452303358113&g_mp=Cidnb29nbGUubWFwcy5wbGFjZXMudjEuUGxhY2VzLlNlYXJjaFRleHQQAhgEIAA,4.8,51,OPERATIONAL,service,architecture_design,Designs villas; natural partner that brings construction clients,architecture firm in Bali,-8.6588452,115.23971929999999,ChIJ3cdHLmNA0i0RoSj4iiXupFI
Priyoga Arch Studio,+62 817-7501-2529,"Jl. Poksai No.18, Gulingan, Kec. Mengwi, Kabupaten Badung, Bali 80351, Indonesia",,https://maps.google.com/?cid=1797834068262622445&g_mp=Cidnb29nbGUubWFwcy5wbGFjZXMudjEuUGxhY2VzLlNlYXJjaFRleHQQAhgEIAA,5,1,OPERATIONAL,service,architecture_design,Designs villas; natural partner that brings construction clients,"architect studio in Pererenan, Bali",-8.5461416,115.17622320000001,ChIJp44Zw_Q70i0R7ZTjS48w8xg
Pulau Studio,+62 821-2372-2658,"Jl. Nyuh Gading No.19 A, Mas, Kecamatan Ubud, Kabupaten Gianyar, Bali 80571, Indonesia",http://pulau.studio/,https://maps.google.com/?cid=14770145962382753933&g_mp=Cidnb29nbGUubWFwcy5wbGFjZXMudjEuUGxhY2VzLlNlYXJjaFRleHQQAhgEIAA,5,4,OPERATIONAL,service,architecture_design,Designs villas; natural partner that brings construction clients,architecture firm in Bali,-8.5270914,115.25676599999998,ChIJ-70FYsg90i0RjYB-SH8Z-sw
Rama Sanjaya Interior Design Bali,+62 819-4363-4353,"Jl. Rurung Dangin No.88, Sayan, Kecamatan Ubud, Kabupaten Gianyar, Bali 80571, Indonesia",https://www.linktr.ee/rama.sanjaya,https://maps.google.com/?cid=7694085153692481073&g_mp=Cidnb29nbGUubWFwcy5wbGFjZXMudjEuUGxhY2VzLlNlYXJjaFRleHQQAhgEIAA,5,5,OPERATIONAL,general_contractor,architecture_design,Designs villas; natural partner that brings construction clients,"architect studio in Ubud, Bali",-8.5053589,115.24370069999999,ChIJ3eoD7iSmlAERMXZyqa7hxmo
Ravana Studio - Architect & Interior Design,+62 813-3933-8580,"Perumahan Puri Gading, Jl. Jaya Wijaya No.80, Jimbaran, South Kuta, Badung Regency, Bali 80361, Indonesia",,https://maps.google.com/?cid=9026590922114659923&g_mp=Cidnb29nbGUubWFwcy5wbGFjZXMudjEuUGxhY2VzLlNlYXJjaFRleHQQAhgEIAA,5,1,OPERATIONAL,service,architecture_design,Designs villas; natural partner that brings construction clients,architecture firm in Bali,-8.7987403,115.1549602,ChIJtffyEFhF0i0RU_ZoZZ7kRH0
SEGARIS Studio Arsitektur Interior,+62 819-9994-2675,"Jl. Bila, Perum Griya Tansa Trisna gg. Mangga Dua I no.1, Dalung, Kec. Kuta Utara, Kabupaten Badung, Bali 80361, Indonesia",,https://maps.google.com/?cid=2609926265441174589&g_mp=Cidnb29nbGUubWFwcy5wbGFjZXMudjEuUGxhY2VzLlNlYXJjaFRleHQQAhgEIAA,5,2,OPERATIONAL,,architecture_design,Designs villas; natural partner that brings construction clients,"architect studio in Canggu, Bali",-8.6157836,115.1652467,ChIJB0IoGytH0i0RPUSVRRxSOCQ
SHL Asia,+62 851-0066-6991,"Jl. Sekar Tunjung XIV No.36 A, Kesiman Kertalangu, Kec. Denpasar Tim., Kota Denpasar, Bali 80237, Indonesia",http://shl.asia/,https://maps.google.com/?cid=13851202835399458954&g_mp=Cidnb29nbGUubWFwcy5wbGFjZXMudjEuUGxhY2VzLlNlYXJjaFRleHQQAhgEIAA,4.7,28,OPERATIONAL,service,architecture_design,Designs villas; natural partner that brings construction clients,architecture firm in Bali,-8.6395146,115.24592690000001,ChIJLa9IjnBA0i0RikDei5dbOcA
Samma Studio,+62 897-7002-111,"Jl. Bumbak No.117, Kerobokan Kelod, Kec. Kuta Utara, Kabupaten Badung, Bali 80361, Indonesia",http://sammastudio.com/,https://maps.google.com/?cid=4266239941932280838&g_mp=Cidnb29nbGUubWFwcy5wbGFjZXMudjEuUGxhY2VzLlNlYXJjaFRleHQQAhgEIAA,5,9,OPERATIONAL,service,architecture_design,Designs villas; natural partner that brings construction clients,"architect studio in Canggu, Bali",-8.6633701,115.15269599999999,ChIJWxShHkZH0i0RBux0qZ-6NDs
Sammu Studio,+62 881-0373-58668,"Jl. Palapa XII No.6a, Sesetan, Denpasar Selatan, Kota Denpasar, Bali 80224, Indonesia",,https://maps.google.com/?cid=2864763500403170323&g_mp=Cidnb29nbGUubWFwcy5wbGFjZXMudjEuUGxhY2VzLlNlYXJjaFRleHQQAhgEIAA,5,9,OPERATIONAL,service,architecture_design,Designs villas; natural partner that brings construction clients,"architect studio in Berawa, Bali",-8.7051991,115.2229686,ChIJHbarARFB0i0RExwJtzmvwSc
San Atelier - Architecture & Interior Design,+62 851-9590-5900,"Blk. B Jl. Gn. Arjuna No.8, Kerobokan Kelod, Kec. Kuta Utara, Kabupaten Badung, Bali 80117, Indonesia",https://www.sanatelier.com/,https://maps.google.com/?cid=9125689050293567545&g_mp=Cidnb29nbGUubWFwcy5wbGFjZXMudjEuUGxhY2VzLlNlYXJjaFRleHQQAhgEIAA,,,OPERATIONAL,service,architecture_design,Designs villas; natural partner that brings construction clients,"architect studio in Kerobokan, Bali",-8.6755975,115.1786884,ChIJeba8RckYWY4ROYBrXdf1pH4
Satya Puri Studio,+62 813-3795-7152,"Jl. Pengubengan Kauh No.69, Kerobokan Kelod, Kec. Kuta Utara, Kabupaten Badung, Bali 80361, Indonesia",http://satyapuristudio.com/,https://maps.google.com/?cid=5596362767430768615&g_mp=Cidnb29nbGUubWFwcy5wbGFjZXMudjEuUGxhY2VzLlNlYXJjaFRleHQQAhgEIAA,5,2,OPERATIONAL,general_contractor,architecture_design,Designs villas; natural partner that brings construction clients,"architect studio in Canggu, Bali",-8.667463099999999,115.16955360000001,ChIJy5UxlUNH0i0R59fuQklGqk0
Second_E Architect Studio,+62 877-3053-0439,"Perumahan Tarumas Laing Residence, Banjar Laing Blok A1, Pandak Bandung, Kec. Kediri, Kabupaten Tabanan, Bali 82121, Indonesia",,https://maps.google.com/?cid=7578136645210685338&g_mp=Cidnb29nbGUubWFwcy5wbGFjZXMudjEuUGxhY2VzLlNlYXJjaFRleHQQAhgEIAA,,,OPERATIONAL,consultant,architecture_design,Designs villas; natural partner that brings construction clients,"architect studio in Berawa, Bali",-8.5777848,115.137086,ChIJkxvnRwA50i0Rmj8nzSDzKmk
Somia Design Studio,+62 812-3850-3500,"Jl. Ciung Wanara V No.15, Renon, Denpasar Selatan, Kota Denpasar, Bali 80226, Indonesia",http://somiadesign.com/,https://maps.google.com/?cid=16317602481683932154&g_mp=Cidnb29nbGUubWFwcy5wbGFjZXMudjEuUGxhY2VzLlNlYXJjaFRleHQQAhgEIAA,4.7,46,OPERATIONAL,service,architecture_design,Designs villas; natural partner that brings construction clients,architecture firm in Bali,-8.6762442,115.23493710000001,ChIJEfGWNfZA0i0R-qPNsgDFc-I
Studio Anso,+62 361 4752167,"Jl. Nakula No.18B, Pemecutan Klod, Kec. Kuta, Kabupaten Badung, Bali 80361, Indonesia",,https://maps.google.com/?cid=5912802641796710785&g_mp=Cidnb29nbGUubWFwcy5wbGFjZXMudjEuUGxhY2VzLlNlYXJjaFRleHQQAhgEIAA,5,2,OPERATIONAL,service,architecture_design,Designs villas; natural partner that brings construction clients,"architect studio in Seminyak, Bali",-8.700124299999999,115.1833806,ChIJ001z4XQ_0i0RgcFI46x-DlI
Studio Base,+62 813-8585-2525,"Jl. Pantai Batu Bolong No.77, Canggu, Kuta Utara, Kabupaten Badung, Bali, Canggu, Kec. Kuta Utara, denpasar, Bali 80361, Indonesia",,https://maps.google.com/?cid=10691917790089832337&g_mp=Cidnb29nbGUubWFwcy5wbGFjZXMudjEuUGxhY2VzLlNlYXJjaFRleHQQAhgEIAA,,,OPERATIONAL,service,architecture_design,Designs villas; natural partner that brings construction clients,"architect studio in Canggu, Bali",-8.653319999999999,115.13228,ChIJkSejVHg40i0Rkef79ZRSYZQ
Studio Djati,+62 857-3727-3548,"Gg. Jalak 17A, Tibubeneng, Kec. Kuta Utara, Denpasar, Bali 80361, Indonesia",,https://maps.google.com/?cid=10801831817950237788&g_mp=Cidnb29nbGUubWFwcy5wbGFjZXMudjEuUGxhY2VzLlNlYXJjaFRleHQQAhgEIAA,5,10,OPERATIONAL,service,architecture_design,Designs villas; natural partner that brings construction clients,architecture firm in Bali,-8.6537285,115.14294439999999,ChIJkcwqYFw50i0RXJRv0M7Q55U
Studio Kunchi,+62 813-3892-0448,"Gg. Mangga 1 Jl. Danau Tamblingan, Tibubeneng, Kec. Kuta Utara, Kabupaten Badung, Bali 80361, Indonesia",http://www.studiokunchi.net/,https://maps.google.com/?cid=2593185858168501430&g_mp=Cidnb29nbGUubWFwcy5wbGFjZXMudjEuUGxhY2VzLlNlYXJjaFRleHQQAhgEIAA,5,1,OPERATIONAL,service,architecture_design,Designs villas; natural partner that brings construction clients,"architect studio in Canggu, Bali",-8.6307593,115.1585089,ChIJB_M6rpU50i0RtjSzeMzY_CM
Studio MD Agency,+62 821-4466-6003,"Jl. Raya Canggu, Pererenan, Kec. Kuta Utara, Kabupaten Badung, Bali 80351, Indonesia",https://studiomd.agency/,https://maps.google.com/?cid=3685227654198521306&g_mp=Cidnb29nbGUubWFwcy5wbGFjZXMudjEuUGxhY2VzLlNlYXJjaFRleHQQAhgEIAA,5,20,OPERATIONAL,service,architecture_design,Designs villas; natural partner that brings construction clients,"architect studio in Canggu, Bali",-8.6357657,115.14282039999999,ChIJ2e5SCG850i0R2u3yvAaPJDM
Studio on Island,+62 812-3611-1611,"Jl. Dukuh Indah No.88, Kerobokan Kelod, Kec. Kuta Utara, Kabupaten Badung, Bali 80361, Indonesia",http://studioonisland.com/,https://maps.google.com/?cid=14003908221319558026&g_mp=Cidnb29nbGUubWFwcy5wbGFjZXMudjEuUGxhY2VzLlNlYXJjaFRleHQQAhgEIAA,5,4,OPERATIONAL,service,architecture_design,Designs villas; natural partner that brings construction clients,"architect studio in Canggu, Bali",-8.666081499999999,115.15814949999998,ChIJo_2cam9H0i0RirPs1lTgV8I
Studio17,+62 813-3777-4427,"Jl. Raya Kerobokan No.2, Kerobokan Kelod, Kec. Kuta, Kabupaten Badung, Bali 80361, Indonesia",http://www.architectstudio17.com/,https://maps.google.com/?cid=5581921727475210397&g_mp=Cidnb29nbGUubWFwcy5wbGFjZXMudjEuUGxhY2VzLlNlYXJjaFRleHQQAhgEIAA,5,32,OPERATIONAL,service,architecture_design,Designs villas; natural partner that brings construction clients,architecture firm in Bali,-8.6618525,115.16715980000001,ChIJTcoBgVRH0i0Rndgxojz4dk0
Studioasri,+62 813-3768-5085,"Jl. Gunung Salak Utara Gg. Kerinci No.11, Padangsambian Klod, Kec. Denpasar Bar., Kota Denpasar, Bali 80117, Indonesia",http://www.studioasri.com/,https://maps.google.com/?cid=18399880098216614653&g_mp=Cidnb29nbGUubWFwcy5wbGFjZXMudjEuUGxhY2VzLlNlYXJjaFRleHQQAhgEIAA,5,3,OPERATIONAL,service,architecture_design,Designs villas; natural partner that brings construction clients,architecture firm in Bali,-8.6679388,115.17838529999997,ChIJl7lo-l1H0i0R_Rr7a3aBWf8
Swara Architecture,+62 815-2942-4613,"Jl. Antasura No.108, Peguyangan Kangin, Kec. Denpasar Utara, Kota Denpasar, Bali 80239, Indonesia",http://www.swaraarchitecture.com/,https://maps.google.com/?cid=16092529923606255280&g_mp=Cidnb29nbGUubWFwcy5wbGFjZXMudjEuUGxhY2VzLlNlYXJjaFRleHQQAhgEIAA,5,28,OPERATIONAL,service,architecture_design,Designs villas; natural partner that brings construction clients,architecture firm in Bali,-8.6104995,115.2212422,ChIJs0X0RgA_0i0RsBblIbQmVN8
TB+A the brahma,+62 811-387-970,"Jl. Pengubengan Kauh No.8, Kerobokan Kelod, Kec. Kuta Utara, Kabupaten Badung, Bali 80361, Indonesia",http://www.the-brahma.com/,https://maps.google.com/?cid=11595116117000608200&g_mp=Cidnb29nbGUubWFwcy5wbGFjZXMudjEuUGxhY2VzLlNlYXJjaFRleHQQAhgEIAA,4.8,20,OPERATIONAL,service,architecture_design,Designs villas; natural partner that brings construction clients,architecture firm in Bali,-8.6721142,115.1689125,ChIJ585c7kBH0i0RyFk6w6wg6qA
TUKA BALI,+62 877-7855-8833,"Jl. Sekar Tunjung XVIII No.6B, Kesiman Kertalangu, Kec. Denpasar Tim., Kota Denpasar, Bali 80237, Indonesia",http://tukabali.com/,https://maps.google.com/?cid=8357388311154026678&g_mp=Cidnb29nbGUubWFwcy5wbGFjZXMudjEuUGxhY2VzLlNlYXJjaFRleHQQAhgEIAA,4.8,36,OPERATIONAL,service,architecture_design,Designs villas; natural partner that brings construction clients,architecture firm in Bali,-8.640882999999999,115.247447,ChIJX9PEj4U_0i0RtmhWwGNo-3M
TWO SPACES Concept Studio,+62 812-3786-7525,"Jl. Raya Kerobokan, Kerobokan Kelod, Kec. Kuta Utara, Kabupaten Badung, Bali 80361, Indonesia",,https://maps.google.com/?cid=5965884176749402189&g_mp=Cidnb29nbGUubWFwcy5wbGFjZXMudjEuUGxhY2VzLlNlYXJjaFRleHQQAhgEIAA,5,4,OPERATIONAL,corporate_office,architecture_design,Designs villas; natural partner that brings construction clients,"architect studio in Kerobokan, Bali",-8.6688069,115.1643912,ChIJEVRSHWpH0i0RTZhF1gwUy1I
Tamaha Architecture Studio,+62 878-6257-1803,"Jl. Tukad Badung IXB Gg. B1 No.5A, Renon, Denpasar Selatan, Kota Denpasar, Bali 80226, Indonesia",http://tamahaarchitecture.wordpress.com/,https://maps.google.com/?cid=12388092189501801098&g_mp=Cidnb29nbGUubWFwcy5wbGFjZXMudjEuUGxhY2VzLlNlYXJjaFRleHQQAhgEIAA,5,1,OPERATIONAL,service,architecture_design,Designs villas; natural partner that brings construction clients,architecture firm in Bali,-8.6828916,115.2396467,ChIJB6FKgExB0i0RisILIDZY66s
Trivium Design Group Bali Studio,+62 811-105-604,"Jl. Uluwatu II No.5, Jimbaran, Kec. Kuta Sel., Kabupaten Badung, Bali 80361, Indonesia",https://www.triviumdesigngroup.com/,https://maps.google.com/?cid=17277233432311437023&g_mp=Cidnb29nbGUubWFwcy5wbGFjZXMudjEuUGxhY2VzLlNlYXJjaFRleHQQAhgEIAA,5,1,OPERATIONAL,,architecture_design,Designs villas; natural partner that brings construction clients,"architect studio in Uluwatu, Bali",-8.784038599999999,115.1716381,ChIJGas4YQBF0i0R3xZtmkQQxe8
U Studio Architecture Studio & Contractor,+62 895-2387-9660,"Jl. Umalas II No.80, Kerobokan Kelod, Kec. Kuta Utara, Kabupaten Badung, Bali 80361, Indonesia",,https://maps.google.com/?cid=15998753386934488155&g_mp=Cidnb29nbGUubWFwcy5wbGFjZXMudjEuUGxhY2VzLlNlYXJjaFRleHQQAhgEIAA,5,1,OPERATIONAL,service,architecture_design,Designs villas; natural partner that brings construction clients,"architect studio in Canggu, Bali",-8.666936399999999,115.15781930000001,ChIJyZDXcAdH0i0RW8xOvXD9Bt4
ULU Architecture Studio,+62 821-3875-0499,"Jl. Pasekan No.54A, Batubulan, Kec. Sukawati, Kabupaten Gianyar, Bali 80582, Indonesia",,https://maps.google.com/?cid=6992638280464532046&g_mp=Cidnb29nbGUubWFwcy5wbGFjZXMudjEuUGxhY2VzLlNlYXJjaFRleHQQAhgEIAA,5,2,OPERATIONAL,service,architecture_design,Designs villas; natural partner that brings construction clients,"architect studio in Ubud, Bali",-8.618224099999999,115.26380449999999,ChIJ8UOHm5c_0i0RTgLjrXfXCmE
UOS ARCHITECTURE STUDIO,+62 822-3766-2467,"C7F7+5R9, Jl. A.A. Gede Rai, Lodtunduh, Kecamatan Ubud, Kabupaten Gianyar, Bali 80571, Indonesia",http://www.uosarchitecturestudio.com/,https://maps.google.com/?cid=1603259643421321651&g_mp=Cidnb29nbGUubWFwcy5wbGFjZXMudjEuUGxhY2VzLlNlYXJjaFRleHQQAhgEIAA,5,5,OPERATIONAL,general_contractor,architecture_design,Designs villas; natural partner that brings construction clients,"architect studio in Ubud, Bali",-8.577059199999999,115.26462330000001,ChIJYcLGKQA_0i0Rs-nYuCbsPxY
UTARA INDONESIA - ARCHITECT,+62 361 733799,"Jl. Tegal Sari No.59, Tibubeneng, Kec. Kuta Utara, Kabupaten Badung, Bali 80361, Indonesia",,https://maps.google.com/?cid=4959871533510559851&g_mp=Cidnb29nbGUubWFwcy5wbGFjZXMudjEuUGxhY2VzLlNlYXJjaFRleHQQAhgEIAA,5,5,OPERATIONAL,corporate_office,architecture_design,Designs villas; natural partner that brings construction clients,"architect studio in Berawa, Bali",-8.6619003,115.1426883,ChIJB-okHx5H0i0Rawh4luEA1UQ
Undesain Studio Bali,+62 878-6005-2689,"Jl. Kunyit Tawah Sari Jl. Tibung Sari, Dalung, Kec. Kuta Utara, Kabupaten Badung, Bali 80117, Indonesia",,https://maps.google.com/?cid=8370549432126867470&g_mp=Cidnb29nbGUubWFwcy5wbGFjZXMudjEuUGxhY2VzLlNlYXJjaFRleHQQAhgEIAA,5,3,OPERATIONAL,general_contractor,architecture_design,Designs villas; natural partner that brings construction clients,"architect studio in Canggu, Bali",-8.6251687,115.180357,ChIJPSWthU0_0i0RDgjFBFwqKnQ
VOXEL studio Architecture,+62 852-5830-7030,"Jl. Taman Sari I No.8x, Kerobokan, Kec. Kuta Utara, Kabupaten Badung, Bali 80361, Indonesia",https://www.kubusruangimaji.com/,https://maps.google.com/?cid=8345247053824996651&g_mp=Cidnb29nbGUubWFwcy5wbGFjZXMudjEuUGxhY2VzLlNlYXJjaFRleHQQAhgEIAA,,,OPERATIONAL,service,architecture_design,Designs villas; natural partner that brings construction clients,"architect studio in Seminyak, Bali",-8.672668700000001,115.17728499999998,ChIJZzoaUNBH0i0RKzUd_vpF0HM
Vindu Bali Studio,+62 813-3709-5912,"C5FV+5XH, Gg. Taman Suranadi, Lukluk, Kec. Mengwi, Kabupaten Badung, Bali 80351, Indonesia",,https://maps.google.com/?cid=2406173741021772168&g_mp=Cidnb29nbGUubWFwcy5wbGFjZXMudjEuUGxhY2VzLlNlYXJjaFRleHQQAhgEIAA,5,3,OPERATIONAL,service,architecture_design,Designs villas; natural partner that brings construction clients,"architect studio in Pererenan, Bali",-8.5770621,115.194976,ChIJ4Q8Vm0o_0i0RiLl53URyZCE
Virtuard Reality Design,+62 858-0630-1600,"F755+48V Rumah Kayu Joglo, Lodtunduh, Ubud, Gianyar Regency, Bali 80571, Indonesia",http://virtuard.com/,https://maps.google.com/?cid=18264078147020995844&g_mp=Cidnb29nbGUubWFwcy5wbGFjZXMudjEuUGxhY2VzLlNlYXJjaFRleHQQAhgEIAA,5,22,OPERATIONAL,service,architecture_design,Designs villas; natural partner that brings construction clients,"architect studio in Ubud, Bali",-8.5421063,115.25808839999999,ChIJaaoVRR2LWkoRBD0pt04Kd_0
Zumii Studios,+62 812-1719-7098,"Jl. Raya Babakan Canggu No.33b, Canggu, Kec. Kuta Utara, Kabupaten Badung, Bali 80351, Indonesia",https://zumiistudios.com/,https://maps.google.com/?cid=17505781109696108712&g_mp=Cidnb29nbGUubWFwcy5wbGFjZXMudjEuUGxhY2VzLlNlYXJjaFRleHQQAhgEIAA,5,4,OPERATIONAL,service,architecture_design,Designs villas; natural partner that brings construction clients,"architect studio in Canggu, Bali",-8.6303599,115.14984249999999,ChIJg-VGOgA50i0RqBgubysH8fI
centerpoint studio architect,+62 878-6242-1777,"Gg. Panti No.6, Lukluk, Kec. Mengwi, Kabupaten Badung, Bali 80351, Indonesia",,https://maps.google.com/?cid=8220994184318942232&g_mp=Cidnb29nbGUubWFwcy5wbGFjZXMudjEuUGxhY2VzLlNlYXJjaFRleHQQAhgEIAA,5,2,OPERATIONAL,general_contractor,architecture_design,Designs villas; natural partner that brings construction clients,"architect studio in Canggu, Bali",-8.591509799999999,115.1874382,ChIJbSHKXzU50i0RGPzhaKfWFnI
habitat5,+62 361 8481755,"Jl Goa Gong, Banjar Santi Karya, 55GC+F8H, Ungasan, Ungasan, Kuta Selatan, Badung Regency, Bali 80362, Indonesia",http://habitat5.com/,https://maps.google.com/?cid=17260039625375812761&g_mp=Cidnb29nbGUubWFwcy5wbGFjZXMudjEuUGxhY2VzLlNlYXJjaFRleHQQAhgEIAA,4.9,15,OPERATIONAL,service,architecture_design,Designs villas; natural partner that brings construction clients,"architect studio in Uluwatu, Bali",-8.823808099999999,115.1708577,ChIJ064V3Ehb0i0RmQyxd5f6h-8
i-ARCH Studio Bali,+62 821-3140-091,"Jl. Dam T. Badung No.11, Pemecutan Klod, Kec. Denpasar Bar., Kota Denpasar, Bali 80228, Indonesia",https://iarch.studio/,https://maps.google.com/?cid=8709332780345846814&g_mp=Cidnb29nbGUubWFwcy5wbGFjZXMudjEuUGxhY2VzLlNlYXJjaFRleHQQAhgEIAA,5,13,OPERATIONAL,service,architecture_design,Designs villas; natural partner that brings construction clients,"architect studio in Pererenan, Bali",-8.684013799999999,115.1966744,ChIJr2FmDCpB0i0RHuwtCwXE3Xg
luup.design,+62 811-3821-4204,"Jl. Pantai Berawa No.150C, Canggu, Kec. Kuta Utara, Kabupaten Badung, Bali 80361, Indonesia",http://luup.design/,https://maps.google.com/?cid=4468072670295121630&g_mp=Cidnb29nbGUubWFwcy5wbGFjZXMudjEuUGxhY2VzLlNlYXJjaFRleHQQAhgEIAA,5,2,OPERATIONAL,service,architecture_design,Designs villas; natural partner that brings construction clients,architecture firm in Bali,-8.6496509,115.14949329999999,ChIJXYTOKvMPd0cR3l6St2vIAT4
saksama studio,+62 819-9937-9760,"Jl. Bayad, Melinggih Kelod, Kec. Payangan, Kabupaten Gianyar, Bali 80572, Indonesia",,https://maps.google.com/?cid=8561507181554478556&g_mp=Cidnb29nbGUubWFwcy5wbGFjZXMudjEuUGxhY2VzLlNlYXJjaFRleHQQAhgEIAA,5,1,OPERATIONAL,service,architecture_design,Designs villas; natural partner that brings construction clients,"architect studio in Ubud, Bali",-8.4513877,115.2468838,ChIJv5166H4j0i0R3K2CumuV0HY
vsd architecture / atelier gvd,+62 813-5345-9484,"Jl. Imam Bonjol No.198/249, Pemecutan Klod, Kec. Denpasar Bar., Kota Denpasar, Bali 80119, Indonesia",https://www.ateliergvd.com/,https://maps.google.com/?cid=17228651349297929124&g_mp=Cidnb29nbGUubWFwcy5wbGFjZXMudjEuUGxhY2VzLlNlYXJjaFRleHQQAhgEIAA,5,76,OPERATIONAL,service,architecture_design,Designs villas; natural partner that brings construction clients,architecture firm in Bali,-8.674453399999999,115.20271719999998,ChIJmzc9279B0i0RpBv18R53GO8
7 Bidadari Boutique Hotel,+62 361 8499657,"Jl. Bidadari No.4 no 7, Kerobokan, Kec. Kuta Utara, Kabupaten Badung, Bali 80361, Indonesia",http://www.7bidadarihotel.com/,https://maps.google.com/?cid=10616420583903160788&g_mp=Cidnb29nbGUubWFwcy5wbGFjZXMudjEuUGxhY2VzLlNlYXJjaFRleHQQAhgEIAA,4.3,494,OPERATIONAL,hotel,hospitality_business,"Hotels, resorts and beach clubs; expansion and refurbishment client","boutique hotel in Seminyak, Bali",-8.682174,115.17199699999999,ChIJIfBhv9tG0i0R1Gmx2UUaVZM
ALMA SHANTI Boutique Hotel,+62 811-2854-3333,"Jl. Pantai Cemongkak, Pecatu, Kec. Kuta Sel., Kabupaten Badung, Bali 80361, Indonesia",,https://maps.google.com/?cid=8602728840647241679&g_mp=Cidnb29nbGUubWFwcy5wbGFjZXMudjEuUGxhY2VzLlNlYXJjaFRleHQQAhgEIAA,5,18,OPERATIONAL,hotel,hospitality_business,"Hotels, resorts and beach clubs; expansion and refurbishment client","boutique hotel in Uluwatu, Bali",-8.8111675,115.1209844,ChIJb81l7ZZF0i0Rz2_JJU0IY3c
ANGELIAN Boutique Hotel,+62 812-5994-0876,"Gh. Bangsing, Jl. Pantai Cemongkak, Pecatu, Kec. Kuta Sel., Kabupaten Badung, Bali 80361, Indonesia",,https://maps.google.com/?cid=15441882893020614294&g_mp=Cidnb29nbGUubWFwcy5wbGFjZXMudjEuUGxhY2VzLlNlYXJjaFRleHQQAhgEIAA,4.7,34,OPERATIONAL,hotel,hospitality_business,"Hotels, resorts and beach clubs; expansion and refurbishment client","boutique hotel in Ungasan, Bali",-8.818994,115.1250244,ChIJ7y_1gTRb0i0Rls6sNa2WTNY
ARTI by Umah - boutique accomodation in Pererenan,+47 41 65 52 20,"Jl. Raya Tumbakbayuh - Pererenan No.51, Tumbak Bayuh, Kec. Mengwi, Kabupaten Badung, Bali 80351, Indonesia",https://artibyumah.com/,https://maps.google.com/?cid=15262314360408166312&g_mp=Cidnb29nbGUubWFwcy5wbGFjZXMudjEuUGxhY2VzLlNlYXJjaFRleHQQAhgEIAA,5,10,OPERATIONAL,hotel,hospitality_business,"Hotels, resorts and beach clubs; expansion and refurbishment client","boutique hotel in Pererenan, Bali",-8.6216021,115.13875610000001,ChIJO8RqvtE50i0RqM94LgyiztM
ARTOTEL Haniman Ubud - Bali,+62 361 9083470,"Jl. Jatayu, Ubud, Kecamatan Ubud, Kabupaten Gianyar, Bali 80571, Indonesia",https://artotelwanderlust.com/hotel/artotel-haniman-ubud/g/Bali-en.html?checkIn=2024-03-15&checkOut=2024-03-16&id=MA05110750-MA2201000010&encodeId=TUEyMjAxMDAwMDEw,https://maps.google.com/?cid=3544052104109853325&g_mp=Cidnb29nbGUubWFwcy5wbGFjZXMudjEuUGxhY2VzLlNlYXJjaFRleHQQAhgEIAA,4.7,696,OPERATIONAL,hotel,hospitality_business,"Hotels, resorts and beach clubs; expansion and refurbishment client","boutique hotel in Ubud, Bali",-8.5164226,115.2653935,ChIJOdcNF3I90i0RjYrxipwALzE
ARTOTEL Sanur - Bali,+62 361 4721000,"Jl. Kusuma Sari No.1, Sanur, Denpasar Selatan, Kota Denpasar, Bali 80227, Indonesia",https://artotelsanurbali.com/,https://maps.google.com/?cid=107411040292710836&g_mp=Cidnb29nbGUubWFwcy5wbGFjZXMudjEuUGxhY2VzLlNlYXJjaFRleHQQAhgEIAA,4.6,2778,OPERATIONAL,hotel,hospitality_business,"Hotels, resorts and beach clubs; expansion and refurbishment client","boutique hotel in Sanur, Bali",-8.7053028,115.26090789999999,ChIJJx9YY8BB0i0RtCmapcWZfQE
Abian Ayu Villa,+62 813-3875-9172,"Telaga Tawang, Sidemen, Karangasem Regency, Bali 80864, Indonesia",https://shan-recommends.com/villa-abian-ayu-indonesia,https://maps.google.com/?cid=17279832743874414408&g_mp=Cidnb29nbGUubWFwcy5wbGFjZXMudjEuUGxhY2VzLlNlYXJjaFRleHQQAhgEIAA,4.6,453,OPERATIONAL,hotel,hospitality_business,"Hotels, resorts and beach clubs; expansion and refurbishment client","boutique hotel in Sidemen, Bali",-8.4767388,115.44087169999999,ChIJbY6ozqAa0i0RSEfM_FNMzu8
Akana Boutique Hotel,+62 361 4721917,"Jl. Sudamala No.19, Sanur, Denpasar Selatan, Kota Denpasar, Bali, Indonesia",https://www.akanasanur.com/,https://maps.google.com/?cid=12199970001859541973&g_mp=Cidnb29nbGUubWFwcy5wbGFjZXMudjEuUGxhY2VzLlNlYXJjaFRleHQQAhgEIAA,4.5,681,OPERATIONAL,hotel,hospitality_business,"Hotels, resorts and beach clubs; expansion and refurbishment client","boutique hotel in Sanur, Bali",-8.7071513,115.25627420000001,ChIJrTRyML5B0i0R1XtCFxQAT6k
Alamdhari Villa Sidemen,+62 816-1574-6774,"Br. Dinas, Jl. Raya Tebola Alamdhari Villa, Telaga Tawang, Kec. Sidemen, Kabupaten Karangasem, Bali 80864, Indonesia",http://www.alamdharivilla.com/,https://maps.google.com/?cid=11928341182421310398&g_mp=Cidnb29nbGUubWFwcy5wbGFjZXMudjEuUGxhY2VzLlNlYXJjaFRleHQQAhgEIAA,4.6,315,OPERATIONAL,hotel,hospitality_business,"Hotels, resorts and beach clubs; expansion and refurbishment client","boutique hotel in Sidemen, Bali",-8.4699473,115.4436866,ChIJ7R01JnYQ0i0RvpviORv7iaU
Alila Villas Uluwatu,+62 361 8482166,"Jl. Belimbing Sari Jl. Alila Villas, Pecatu, Uluwatu, Kabupaten Badung, Bali 80361, Indonesia",https://www.hyatt.com/alila-hotels-and-resorts/en-US/dpsav-alila-villas-uluwatu?src=corp_lclb_google_seo_dpsav&utm_source=google&utm_medium=organic&utm_campaign=lmr,https://maps.google.com/?cid=13116999193944338598&g_mp=Cidnb29nbGUubWFwcy5wbGFjZXMudjEuUGxhY2VzLlNlYXJjaFRleHQQAhgEIAA,4.7,2270,OPERATIONAL,hotel,hospitality_business,"Hotels, resorts and beach clubs; expansion and refurbishment client","boutique hotel in Uluwatu, Bali",-8.8442372,115.1381182,ChIJweE3dN1a0i0RpjAjIkXxCLY
Alma Bingin Boutique Hotel,+62 821-6020-1763,"Jl. Amerta Sari Pecatu, Pecatu, Kec. Kuta Sel., Kabupaten Badung, Bali 80361, Indonesia",https://www.almabingin.com/,https://maps.google.com/?cid=13082134149986443353&g_mp=Cidnb29nbGUubWFwcy5wbGFjZXMudjEuUGxhY2VzLlNlYXJjaFRleHQQAhgEIAA,4.9,49,OPERATIONAL,hotel,hospitality_business,"Hotels, resorts and beach clubs; expansion and refurbishment client","boutique hotel in Bingin, Bali",-8.813834199999999,115.1191839,ChIJUT3eDwBR0i0RWeDygbITjbU
Amandaya Canggu,+62 813-3749-5233,"Gg. Jalak Indah No.9, Tibubeneng, Kec. Kuta Utara, Kabupaten Badung, Bali 80361, Indonesia",https://instagram.com/amandayacanggu,https://maps.google.com/?cid=13062613067875275660&g_mp=Cidnb29nbGUubWFwcy5wbGFjZXMudjEuUGxhY2VzLlNlYXJjaFRleHQQAhgEIAA,4.9,1436,OPERATIONAL,hotel,hospitality_business,"Hotels, resorts and beach clubs; expansion and refurbishment client","boutique hotel in Canggu, Bali",-8.6542993,115.14110839999998,ChIJTfD_xZE50i0RjNMUZWC5R7U
"Amarterra Villas Resort Bali Nusa Dua, Autograph Collection",+62 361 776400,"Kawasan Pariwisata, Jl. Nusa Dua ITDC Resort Lot No.Block B, Benoa, Kec. Kuta Sel., Kabupaten Badung, Bali 80363, Indonesia",https://www.marriott.com/en-us/hotels/dpsav-amarterra-villas-resort-bali-nusa-dua-autograph-collection/overview/?scid=f2ae0541-1279-4f24-b197-a979c79310b0,https://maps.google.com/?cid=11502714311821162894&g_mp=Cidnb29nbGUubWFwcy5wbGFjZXMudjEuUGxhY2VzLlNlYXJjaFRleHQQAhgEIAA,4.7,1118,OPERATIONAL,hotel,hospitality_business,"Hotels, resorts and beach clubs; expansion and refurbishment client","boutique hotel in Nusa Dua, Bali",-8.80492,115.2291859,ChIJzyPaoS5D0i0Rjvnm_LjZoZ8
Amnaya Resort Nusa Dua,+62 361 4773380,"Jl. Pratama No.87, Tj. Benoa, Kec. Kuta Sel., Kabupaten Badung, Bali 08361, Indonesia",https://www.amnayahotel.com/nusadua,https://maps.google.com/?cid=15776658350657251113&g_mp=Cidnb29nbGUubWFwcy5wbGFjZXMudjEuUGxhY2VzLlNlYXJjaFRleHQQAhgEIAA,4.8,1819,OPERATIONAL,resort_hotel,hospitality_business,"Hotels, resorts and beach clubs; expansion and refurbishment client","boutique hotel in Nusa Dua, Bali",-8.770554299999999,115.22202329999999,ChIJYyph_59D0i0RKSegfS7z8do
Anoya Boutique Villas,+62 877-0029-1331,"Jl. Dukuh Indah Jl. Umalas II No.88, Kerobokan Kelod, Kec. Kuta Utara, Kabupaten Badung, Bali 80361, Indonesia",https://anoyavillas.com/,https://maps.google.com/?cid=14520211575253856780&g_mp=Cidnb29nbGUubWFwcy5wbGFjZXMudjEuUGxhY2VzLlNlYXJjaFRleHQQAhgEIAA,5,2,OPERATIONAL,lodging,hospitality_business,"Hotels, resorts and beach clubs; expansion and refurbishment client","boutique hotel in Umalas, Bali",-8.6657096,115.1598207,ChIJL_tc7ndH0i0RDHKFDn8ngsk
Atamendra Sidemen Resort,+62 877-9879-1817,"Jalan Kikian Uma, Giang, Kec. Sidemen, Kabupaten Karangasem, Bali 80864, Indonesia",http://atamendra.com/,https://maps.google.com/?cid=1640385048549487217&g_mp=Cidnb29nbGUubWFwcy5wbGFjZXMudjEuUGxhY2VzLlNlYXJjaFRleHQQAhgEIAA,5,48,OPERATIONAL,service,hospitality_business,"Hotels, resorts and beach clubs; expansion and refurbishment client","boutique hotel in Sidemen, Bali",-8.452079099999999,115.4563492,ChIJEe93UAAb0i0RcXKnsYLRwxY
Atelier: Ubud Art Hotel,+62 813-3758-2770,"Jl. Raya Sanggingan No.22, Kedewatan, Kecamatan Ubud, Kabupaten Gianyar, Bali 80561, Indonesia",https://atelier-bali.com/,https://maps.google.com/?cid=7899836142616708325&g_mp=Cidnb29nbGUubWFwcy5wbGFjZXMudjEuUGxhY2VzLlNlYXJjaFRleHQQAhgEIAA,4.9,286,OPERATIONAL,hotel,hospitality_business,"Hotels, resorts and beach clubs; expansion and refurbishment client","boutique hotel in Ubud, Bali",-8.4911443,115.2534882,ChIJEamaDsA90i0R5QR22B3boW0
Awwa Boutique Hotel,+62 811-9691-7969,"Gg. Yudistira No.3, Tibubeneng, Kec. Kuta Utara, Kabupaten Badung, Bali 80361, Indonesia",https://awwa.love/,https://maps.google.com/?cid=13750329776339262431&g_mp=Cidnb29nbGUubWFwcy5wbGFjZXMudjEuUGxhY2VzLlNlYXJjaFRleHQQAhgEIAA,5,72,OPERATIONAL,hotel,hospitality_business,"Hotels, resorts and beach clubs; expansion and refurbishment client","boutique hotel in Pererenan, Bali",-8.652388,115.15011249999999,ChIJR5ZfYAA50i0R35stRxT80r4
Azana Boutique Hotel Denpasar,+62 878-8960-9565,"Jl. Gatot Subroto Barat No.101, Padangsambian Kaja, Kec. Denpasar Bar., Kota Denpasar, Bali 80118, Indonesia",http://azanaboutiquehoteldenpasar.com/,https://maps.google.com/?cid=17708718517806271588&g_mp=Cidnb29nbGUubWFwcy5wbGFjZXMudjEuUGxhY2VzLlNlYXJjaFRleHQQAhgEIAA,3.9,236,OPERATIONAL,hotel,hospitality_business,"Hotels, resorts and beach clubs; expansion and refurbishment client","boutique hotel in Denpasar, Bali",-8.6360716,115.1931581,ChIJf-ZeTts_0i0RZIw5yaoBwvU
Baliterraneo Boutique Resort,+62 822-6658-2940,"Jl. Yudistira No.69, Seminyak, Kec. Kuta, Kabupaten Badung, Bali 80361, Indonesia",http://baliterraneoresort.com/,https://maps.google.com/?cid=10737833083801119397&g_mp=Cidnb29nbGUubWFwcy5wbGFjZXMudjEuUGxhY2VzLlNlYXJjaFRleHQQAhgEIAA,4.8,287,OPERATIONAL,resort_hotel,hospitality_business,"Hotels, resorts and beach clubs; expansion and refurbishment client","boutique hotel in Seminyak, Bali",-8.6913545,115.17635810000002,ChIJabIbNwBH0i0RpSpnWUxyBJU
Balquisse Heritage Hotel,+62 361 701695,"Jl. Raya Uluwatu No.18X, Jimbaran, Kec. Kuta Sel., Kabupaten Badung, Bali 80361, Indonesia",https://www.balquisse.com/,https://maps.google.com/?cid=9828925019182458502&g_mp=Cidnb29nbGUubWFwcy5wbGFjZXMudjEuUGxhY2VzLlNlYXJjaFRleHQQAhgEIAA,4.6,550,OPERATIONAL,hotel,hospitality_business,"Hotels, resorts and beach clubs; expansion and refurbishment client","boutique hotel in Jimbaran, Bali",-8.779918,115.16906689999999,ChIJr2r8JopE0i0RhuZRpDpbZ4g
Belalu Bali Boutique & Spa experience,+62 811-3971-1171,"G6QX+G2P, Jl. Catur Muka I, Kedewatan, Kecamatan Ubud, Kabupaten Gianyar, Bali 80572, Indonesia",http://www.belalubali.com/,https://maps.google.com/?cid=3545101887030138024&g_mp=Cidnb29nbGUubWFwcy5wbGFjZXMudjEuUGxhY2VzLlNlYXJjaFRleHQQAhgEIAA,5,53,OPERATIONAL,hotel,hospitality_business,"Hotels, resorts and beach clubs; expansion and refurbishment client","boutique hotel in Ubud, Bali",-8.4611187,115.24784839999998,ChIJhwGyTQAj0i0RqJT_LGK7MjE
Bisma Eight,+62 361 4792888,"Jl. Bisma No.68, Ubud, Kecamatan Ubud, Kabupaten Gianyar, Bali 80571, Indonesia",https://bisma-eight.com/,https://maps.google.com/?cid=4246196900186184181&g_mp=Cidnb29nbGUubWFwcy5wbGFjZXMudjEuUGxhY2VzLlNlYXJjaFRleHQQAhgEIAA,4.7,1026,OPERATIONAL,hotel,hospitality_business,"Hotels, resorts and beach clubs; expansion and refurbishment client","boutique hotel in Ubud, Bali",-8.5115839,115.2580636,ChIJx6OoaxM90i0R9Vn2WZWF7To
Bloomfield Bali,+62 857-3888-3093,"Jalan Bumbak No. 25, Gg. Pulau Batam Umalas No.6, Kerobokan, Kec. Kuta Utara, Kabupaten Badung, Bali 80361, Indonesia",https://bloomfieldbali.com/,https://maps.google.com/?cid=5289667724570704344&g_mp=Cidnb29nbGUubWFwcy5wbGFjZXMudjEuUGxhY2VzLlNlYXJjaFRleHQQAhgEIAA,4.4,315,OPERATIONAL,resort_hotel,hospitality_business,"Hotels, resorts and beach clubs; expansion and refurbishment client","boutique hotel in Umalas, Bali",-8.6518123,115.15640499999999,ChIJ5T4d-pw40i0R2LniBsWsaEk
Blue Karma Village,+62 361 6200990,"Jl. Umalas Klecung Umalas No.38x, Kerobokan Kelod, Kec. Kuta Utara, Kabupaten Badung, Bali 80361, Indonesia",https://bluekarmasecrets.dijiwasanctuaries.com/at/bluekarmavillage,https://maps.google.com/?cid=12737439602840652730&g_mp=Cidnb29nbGUubWFwcy5wbGFjZXMudjEuUGxhY2VzLlNlYXJjaFRleHQQAhgEIAA,4.9,368,OPERATIONAL,resort_hotel,hospitality_business,"Hotels, resorts and beach clubs; expansion and refurbishment client","boutique hotel in Umalas, Bali",-8.6683798,115.15068330000001,ChIJiT2GTEBH0i0RuktPO9V5xLA
Boujee Boutique Hotel,+62 813-5331-3174,"Jungutbatu, Nusa Penida, Klungkung Regency, Bali 80771, Indonesia",https://boujeenusalembongan.com/,https://maps.google.com/?cid=5609286771320530925&g_mp=Cidnb29nbGUubWFwcy5wbGFjZXMudjEuUGxhY2VzLlNlYXJjaFRleHQQAhgEIAA,5,39,OPERATIONAL,hotel,hospitality_business,"Hotels, resorts and beach clubs; expansion and refurbishment client","boutique hotel in Nusa Lembongan, Bali",-8.6733032,115.44849099999998,ChIJv89iERJt0i0R7afbZ5kw2E0
"Capella Ubud, Bali",+62 361 2091888,"Jl. RY Dalem, Keliki, Kec. Tegallalang, Kabupaten Gianyar, Bali 80561, Indonesia",https://capellahotels.com/en/capella-ubud,https://maps.google.com/?cid=2668733494160064892&g_mp=Cidnb29nbGUubWFwcy5wbGFjZXMudjEuUGxhY2VzLlNlYXJjaFRleHQQAhgEIAA,4.8,794,OPERATIONAL,hotel,hospitality_business,"Hotels, resorts and beach clubs; expansion and refurbishment client","boutique hotel in Ubud, Bali",-8.4482091,115.2681117,ChIJY0hnMyoj0i0RfAGZL_k-CSU
Casa Coco,+62 812-3644-9119,"Jl. Jungutbatu, Nusa, Lembongan, Kec. Nusa Penida, Kabupaten Klungkung, Bali 80771, Indonesia",https://thecoconutcollectivelembongan.com/,https://maps.google.com/?cid=7068266338293143107&g_mp=Cidnb29nbGUubWFwcy5wbGFjZXMudjEuUGxhY2VzLlNlYXJjaFRleHQQAhgEIAA,4.7,23,OPERATIONAL,hotel,hospitality_business,"Hotels, resorts and beach clubs; expansion and refurbishment client","boutique hotel in Nusa Lembongan, Bali",-8.6744411,115.44933049999997,ChIJx8TgsdBt0i0RQ1bQD8mGF2I
Casa Pohon Ubud,+62 813-3720-4660,"Jl. Subak Uma Petulu Lebah, Petulu, Kecamatan Ubud, Kabupaten Gianyar, Bali 80571, Indonesia",https://www.casapohonubud.com/,https://maps.google.com/?cid=11017691890754162114&g_mp=Cidnb29nbGUubWFwcy5wbGFjZXMudjEuUGxhY2VzLlNlYXJjaFRleHQQAhgEIAA,4.9,731,OPERATIONAL,resort_hotel,hospitality_business,"Hotels, resorts and beach clubs; expansion and refurbishment client","boutique hotel in Ubud, Bali",-8.486689199999999,115.27186350000001,ChIJ1ytDDuI90i0Rwo0agWa05pg
Castaway Boutique Resort,+62 822-3690-1856,"Mushroom Bay, Jl Mushroom Bay, Nusa, Lembongan, Kec. Nusa Penida, Kabupaten Klungkung, Bali 80771, Indonesia",http://www.balicastaway.com/,https://maps.google.com/?cid=3755998650271433576&g_mp=Cidnb29nbGUubWFwcy5wbGFjZXMudjEuUGxhY2VzLlNlYXJjaFRleHQQAhgEIAA,4.5,94,OPERATIONAL,resort_hotel,hospitality_business,"Hotels, resorts and beach clubs; expansion and refurbishment client","boutique hotel in Nusa Lembongan, Bali",-8.6841888,115.43465099999999,ChIJc_LiWa5t0i0RaINGTt_8HzQ
Cepik Villa Sidemen,+62 822-3773-1818,"Banjar Jl. Raya Tebola, Telaga Tawang, Kec. Sidemen, Kabupaten Karangasem, Bali 80864, Indonesia",http://www.cepikvilla.com/,https://maps.google.com/?cid=9660460808668635760&g_mp=Cidnb29nbGUubWFwcy5wbGFjZXMudjEuUGxhY2VzLlNlYXJjaFRleHQQAhgEIAA,4.8,212,OPERATIONAL,resort_hotel,hospitality_business,"Hotels, resorts and beach clubs; expansion and refurbishment client","boutique hotel in Sidemen, Bali",-8.478971999999999,115.44058,ChIJP_b-3nAQ0i0RcOJGE-zZEIY
Clan Living - The Founder Ubud,+62 812-8000-9185,"Jl. Raya Pengosekan Ubud No.108, Mas, Kecamatan Ubud, Kabupaten Gianyar, Bali 80571, Indonesia",http://clanliving.id/links/,https://maps.google.com/?cid=1422253580040952168&g_mp=Cidnb29nbGUubWFwcy5wbGFjZXMudjEuUGxhY2VzLlNlYXJjaFRleHQQAhgEIAA,4.4,181,OPERATIONAL,hotel,hospitality_business,"Hotels, resorts and beach clubs; expansion and refurbishment client","boutique hotel in Ubud, Bali",-8.5226589,115.26284239999998,ChIJkcM1bjA90i0RaFneehjcvBM
Curve Villas Kedungu,+62 822-3040-0262,"Jl. Nirjhara, Belalang, Kec. Kediri, Kabupaten Tabanan, Bali 82121, Indonesia",http://curvebali.com/,https://maps.google.com/?cid=15599337166816041382&g_mp=Cidnb29nbGUubWFwcy5wbGFjZXMudjEuUGxhY2VzLlNlYXJjaFRleHQQAhgEIAA,5,53,OPERATIONAL,hotel,hospitality_business,"Hotels, resorts and beach clubs; expansion and refurbishment client","boutique hotel in Kedungu, Bali",-8.6009005,115.0900661,ChIJBQoeagA30i0RplmeH4H6e9g
Dara Boutique Hotel,+62 853-3765-4958,"Jl. Umpang Sari, Pecatu, Kec. Kuta Sel., Kabupaten Badung, Bali 80361, Indonesia",https://www.daraboutiquehotel.com/,https://maps.google.com/?cid=16493884140517175857&g_mp=Cidnb29nbGUubWFwcy5wbGFjZXMudjEuUGxhY2VzLlNlYXJjaFRleHQQAhgEIAA,4.9,89,OPERATIONAL,hotel,hospitality_business,"Hotels, resorts and beach clubs; expansion and refurbishment client","boutique hotel in Uluwatu, Bali",-8.8169351,115.10900339999998,ChIJPdrvFQBF0i0RMbL5yTwM5uQ
Desa Hay,+62 877-8090-2669,"Jl. Raya Tumbakbayuh - Pererenan, Canggu, Kec. Mengwi, Kabupaten Badung, Bali 80361, Indonesia",http://www.desahay.com/,https://maps.google.com/?cid=11823928760725487259&g_mp=Cidnb29nbGUubWFwcy5wbGFjZXMudjEuUGxhY2VzLlNlYXJjaFRleHQQAhgEIAA,5,449,OPERATIONAL,hotel,hospitality_business,"Hotels, resorts and beach clubs; expansion and refurbishment client","boutique hotel in Canggu, Bali",-8.624848199999999,115.13684109999998,ChIJnSz5Eeg50i0Rmz6R4I8IF6Q
Devani Resort Sidemen,+62 366 5512011,"Jl. Raya Tebola, Sidemen, Kec. Sidemen, Kabupaten Karangasem, Bali 80864, Indonesia",https://devaniresort.com/,https://maps.google.com/?cid=11919489068369696702&g_mp=Cidnb29nbGUubWFwcy5wbGFjZXMudjEuUGxhY2VzLlNlYXJjaFRleHQQAhgEIAA,4.9,140,OPERATIONAL,resort_hotel,hospitality_business,"Hotels, resorts and beach clubs; expansion and refurbishment client","boutique hotel in Sidemen, Bali",-8.4738201,115.443738,ChIJmXcuX5ga0i0RvtdT0CeIaqU
EHOA NYANYI BEACH Boutique Hotel,+62 812-3901-2227,"Jl. Kayangan Jl. Pantai Nyanyi, Beraban, Kec. Kediri, Kabupaten Tabanan, Bali 82121, Indonesia",https://instagram.com/ehoa.bali?igshid=MzRlODBiNWFlZA==,https://maps.google.com/?cid=3475372990348953598&g_mp=Cidnb29nbGUubWFwcy5wbGFjZXMudjEuUGxhY2VzLlNlYXJjaFRleHQQAhgEIAA,4.8,81,OPERATIONAL,hotel,hospitality_business,"Hotels, resorts and beach clubs; expansion and refurbishment client","boutique hotel in Tabanan, Bali",-8.6307175,115.0999277,ChIJWX3wZpw50i0R_oe8R1IBOzA
FURTHER GALLERY,+62 821-4769-8770,"Jl. Pantai Pererenan, Pererenan, Kec. Mengwi, Kabupaten Badung, Bali 80351, Indonesia",https://www.furtherhotel.com/,https://maps.google.com/?cid=959777369856810701&g_mp=Cidnb29nbGUubWFwcy5wbGFjZXMudjEuUGxhY2VzLlNlYXJjaFRleHQQAhgEIAA,4.7,27,OPERATIONAL,hotel,hospitality_business,"Hotels, resorts and beach clubs; expansion and refurbishment client","boutique hotel in Pererenan, Bali",-8.6467049,115.125364,ChIJaexVdss50i0RzR7GyW7QUQ0
Fourteen Roses Legian Hotel,+62 361 752079,"Jl. Raya Legian No.153, Kuta, Kec. Kuta, Kabupaten Badung, Bali 80361, Indonesia",https://www.frblissfulexperience.com/,https://maps.google.com/?cid=7420356068533580198&g_mp=Cidnb29nbGUubWFwcy5wbGFjZXMudjEuUGxhY2VzLlNlYXJjaFRleHQQAhgEIAA,4.4,1053,OPERATIONAL,resort_hotel,hospitality_business,"Hotels, resorts and beach clubs; expansion and refurbishment client","boutique hotel in Legian, Bali",-8.713828699999999,115.1732258,ChIJIWHCf8FG0i0RprHbk4dm-mY
Further Hotel,+62 821-4769-8770,"Jl. Pantai Pererenan No.84, Pererenan, Kec. Mengwi, Kabupaten Badung, Bali 80351, Indonesia",https://furtherhotel.com/#utm_source=google&utm_medium=organic&utm_campaign=gmb&utm_id=9366298527,https://maps.google.com/?cid=4483126488444609863&g_mp=Cidnb29nbGUubWFwcy5wbGFjZXMudjEuUGxhY2VzLlNlYXJjaFRleHQQAhgEIAA,4.7,786,OPERATIONAL,hotel,hospitality_business,"Hotels, resorts and beach clubs; expansion and refurbishment client","boutique hotel in Pererenan, Bali",-8.6431643,115.12897050000001,ChIJ75YB74E50i0RR6Xi4slDNz4
GWK View Boutique Hotel & Residence - Bali,+62 851-1702-8898,"at the end of the road, left side, Komplek Bumi Jimbaran Asri, Jl. Pertanian No.15 Blok L, Jimbaran, Kec. Kuta Sel., Kabupaten Badung, Bali 80361, Indonesia",http://linktr.ee/gwkviewbali,https://maps.google.com/?cid=5747531147552970682&g_mp=Cidnb29nbGUubWFwcy5wbGFjZXMudjEuUGxhY2VzLlNlYXJjaFRleHQQAhgEIAA,4.7,105,OPERATIONAL,hotel,hospitality_business,"Hotels, resorts and beach clubs; expansion and refurbishment client","boutique hotel in Ungasan, Bali",-8.8058589,115.1683157,ChIJBUz6QQBF0i0RuldjgSBVw08
Glamp Nusa,+62 811-3801-6524,"Jl. Villa Shanti, Lingkungan Sawangan Jl. Raya Nusa Dua Selatan, Benoa, Kec. Kuta Sel., Kabupaten Badung, Bali 80361, Indonesia",https://glampnusa.com/rooms,https://maps.google.com/?cid=17065103761630867254&g_mp=Cidnb29nbGUubWFwcy5wbGFjZXMudjEuUGxhY2VzLlNlYXJjaFRleHQQAhgEIAA,4.8,495,OPERATIONAL,resort_hotel,hospitality_business,"Hotels, resorts and beach clubs; expansion and refurbishment client","boutique hotel in Nusa Dua, Bali",-8.834565999999999,115.20796299999999,ChIJi3nw6mdd0i0RNq8w13Rt0-w
Grand Mirah Boutique Hotel,+62 361 4723330,"Jl. Kaliasem No.1, Dangin Puri Kauh, Kec. Denpasar Utara, Kota Denpasar, Bali 80232, Indonesia",http://www.grandmirah.com/,https://maps.google.com/?cid=15962427021236965362&g_mp=Cidnb29nbGUubWFwcy5wbGFjZXMudjEuUGxhY2VzLlNlYXJjaFRleHQQAhgEIAA,4.3,960,OPERATIONAL,hotel,hospitality_business,"Hotels, resorts and beach clubs; expansion and refurbishment client","boutique hotel in Denpasar, Bali",-8.655401,115.218602,ChIJXxx6lZlA0i0R8g_toc3uhd0
Grand Seminyak - Lifestyle Boutique Bali Resort,+62 361 737773,"Jl Camplung Tanduk Dhyana Pura, Seminyak Beach, Seminyak, Kuta, Badung Regency, Bali 80361, Indonesia",https://all.accor.com/lien_externe.svlt?goto=fiche_hotel&code_hotel=C4D5&merchantid=seo-maps-Indonesia-C4D5&sourceid=aw-cen&utm_medium=seo%20maps&utm_source=google%20Maps&utm_campaign=seo%20maps,https://maps.google.com/?cid=3284044574864595348&g_mp=Cidnb29nbGUubWFwcy5wbGFjZXMudjEuUGxhY2VzLlNlYXJjaFRleHQQAhgEIAA,4.6,450,OPERATIONAL,hotel,hospitality_business,"Hotels, resorts and beach clubs; expansion and refurbishment client","boutique hotel in Seminyak, Bali",-8.6926814,115.15889169999998,ChIJwT8d2h1H0i0RlFlaJyRFky0
Gravity Bali Hotel,+62 813-3084-4212,"32, Jl. Labuansait No.32, Pecatu, South Kuta, Badung Regency, Bali 80361, Indonesia",http://gravitybalihotel.com/,https://maps.google.com/?cid=8365066256420135109&g_mp=Cidnb29nbGUubWFwcy5wbGFjZXMudjEuUGxhY2VzLlNlYXJjaFRleHQQAhgEIAA,4.6,378,OPERATIONAL,hotel,hospitality_business,"Hotels, resorts and beach clubs; expansion and refurbishment client","boutique hotel in Uluwatu, Bali",-8.8216279,115.11707240000001,ChIJw1hknbVa0i0RxWCHsHCvFnQ
Griya Valud Sidemen,+62 812-3608-8446,"Jl. Sidemen - Sangkan Gn., Telaga Tawang, Kec. Sidemen, Kabupaten Karangasem, Bali 80864, Indonesia",http://griyavaludbali.com/,https://maps.google.com/?cid=10219421510209723518&g_mp=Cidnb29nbGUubWFwcy5wbGFjZXMudjEuUGxhY2VzLlNlYXJjaFRleHQQAhgEIAA,4.6,188,OPERATIONAL,hotel,hospitality_business,"Hotels, resorts and beach clubs; expansion and refurbishment client","boutique hotel in Sidemen, Bali",-8.468352399999999,115.44039009999999,ChIJXfnhhZwa0i0RflwJ_ret0o0
Grün Uluwatu,+62 811-3859-268,"Jl. Pura Kulat, Pecatu, Kec. Kuta Sel., Kabupaten Badung, Bali 80361, Indonesia",https://grunresorts.com/grun-uluwatu/,https://maps.google.com/?cid=1763308569546445238&g_mp=Cidnb29nbGUubWFwcy5wbGFjZXMudjEuUGxhY2VzLlNlYXJjaFRleHQQAhgEIAA,4.8,1675,OPERATIONAL,resort_hotel,hospitality_business,"Hotels, resorts and beach clubs; expansion and refurbishment client","boutique hotel in Uluwatu, Bali",-8.8251641,115.10777689999998,ChIJnT6Z8ARb0i0RttE3Nc2HeBg
Hidden Hills Villas,+62 361 8957574,"Jl. Labuansait Jl. Puncak Sekapa II, Pecatu, Kec. Kuta Sel., Kabupaten Badung, Bali 80361, Indonesia",http://www.hiddenhillsvillas.com/,https://maps.google.com/?cid=8235429914496412318&g_mp=Cidnb29nbGUubWFwcy5wbGFjZXMudjEuUGxhY2VzLlNlYXJjaFRleHQQAhgEIAA,4.6,412,OPERATIONAL,hotel,hospitality_business,"Hotels, resorts and beach clubs; expansion and refurbishment client","boutique hotel in Uluwatu, Bali",-8.8204523,115.1192846,ChIJKwD-VsRa0i0Rniovwt8fSnI
Hideaway Boutique - Uluwatu,+62 878-0016-1000,"Jl. Raya Uluwatu Jl. Bangbang Bendot, Pecatu, Kec. Kuta Sel., Denpasar, Bali 80361, Indonesia",https://hideawayboutique-uluwatu.com/,https://maps.google.com/?cid=18410738228313283969&g_mp=Cidnb29nbGUubWFwcy5wbGFjZXMudjEuUGxhY2VzLlNlYXJjaFRleHQQAhgEIAA,4.2,21,OPERATIONAL,hotel,hospitality_business,"Hotels, resorts and beach clubs; expansion and refurbishment client","boutique hotel in Uluwatu, Bali",-8.8241137,115.136603,ChIJRT7LvEhb0i0RgV1R198UgP8
Hotel Mahogany,+62 877-2099-3896,"Jl. Taman Bali No.1, Nusa Dua, Benoa, Kec. Kuta Sel., Kabupaten Badung, Bali 80363, Indonesia",http://www.mahoganyhotel.com/,https://maps.google.com/?cid=9162777534824386052&g_mp=Cidnb29nbGUubWFwcy5wbGFjZXMudjEuUGxhY2VzLlNlYXJjaFRleHQQAhgEIAA,4.5,787,OPERATIONAL,hotel,hospitality_business,"Hotels, resorts and beach clubs; expansion and refurbishment client","boutique hotel in Nusa Dua, Bali",-8.7846888,115.1988377,ChIJkXXdCGVD0i0RBA4jF5-5KH8
"Indiana Kenanga, lembongan",+62 859-3506-5565,"Jl. Pantai Jungut Batu No. 56, Desa Jungut Batu, Nusa Lembongan, Jungutbatu, Kec. Klungkung, Kabupaten Klungkung, Bali 80771, Indonesia",http://indiana-kenanga-villas.com/,https://maps.google.com/?cid=12354673854522844672&g_mp=Cidnb29nbGUubWFwcy5wbGFjZXMudjEuUGxhY2VzLlNlYXJjaFRleHQQAhgEIAA,4.4,963,OPERATIONAL,restaurant,hospitality_business,"Hotels, resorts and beach clubs; expansion and refurbishment client","boutique hotel in Nusa Lembongan, Bali",-8.6685368,115.4479656,ChIJOxNgZgtt0i0RAOajrmmedKs
Isla Indah Retreat Boutique hotel,+62 812-3712-8977,"Nusa Lembongan, Br. Kaja I Jl. Jungutbatu, Jungutbatu, Kec. Nusa Penida, Kabupaten Klungkung, Bali 80771, Indonesia",https://www.islaindahretreat.com/,https://maps.google.com/?cid=12203580585482967260&g_mp=Cidnb29nbGUubWFwcy5wbGFjZXMudjEuUGxhY2VzLlNlYXJjaFRleHQQAhgEIAA,4.8,156,OPERATIONAL,hotel,hospitality_business,"Hotels, resorts and beach clubs; expansion and refurbishment client","boutique hotel in Nusa Lembongan, Bali",-8.6723546,115.44942479999999,ChIJ6wDJ__Nt0i0R3NiQmeLTW6k
Kasia Ungasan boutique hotel,+62 819-3432-0318,"Ungasan, South Kuta, Badung Regency, Bali 80361, Indonesia",http://www.kasiaungasan.com/,https://maps.google.com/?cid=16149103743787114331&g_mp=Cidnb29nbGUubWFwcy5wbGFjZXMudjEuUGxhY2VzLlNlYXJjaFRleHQQAhgEIAA,5,46,OPERATIONAL,hotel,hospitality_business,"Hotels, resorts and beach clubs; expansion and refurbishment client","boutique hotel in Ungasan, Bali",-8.8235356,115.14686119999999,ChIJs-n-8L1b0i0RW59cGUskHeA
Kayumanis Nusa Dua Private Villa,+62 361 770777,"ITDC Area, Jl. Nusa Dua, Benoa, Kec. Kuta Sel., Kabupaten Badung, Bali 80363, Indonesia",https://kayumanisnusadua.com/?utm_source=business&utm_medium=business&utm_campaign=business&utm_id=business&utm_term=business&utm_content=business,https://maps.google.com/?cid=7099178320514552252&g_mp=Cidnb29nbGUubWFwcy5wbGFjZXMudjEuUGxhY2VzLlNlYXJjaFRleHQQAhgEIAA,4.6,952,OPERATIONAL,hotel,hospitality_business,"Hotels, resorts and beach clubs; expansion and refurbishment client","boutique hotel in Nusa Dua, Bali",-8.7943068,115.22830649999999,ChIJ______8j0i0RvJFsxxFZhWI
La Reserve 1785 Canggu,+62 812-3998-9875,"Jalan Munduk Kedungu No.19 Pererenan, Canggu, Kec. Mengwi, Kabupaten Badung, Bali 80361, Indonesia",https://www.lareservebali.com/,https://maps.google.com/?cid=3024238943596466443&g_mp=Cidnb29nbGUubWFwcy5wbGFjZXMudjEuUGxhY2VzLlNlYXJjaFRleHQQAhgEIAA,5,404,OPERATIONAL,hotel,hospitality_business,"Hotels, resorts and beach clubs; expansion and refurbishment client","boutique hotel in Canggu, Bali",-8.6489519,115.1282215,ChIJW10FA-U50i0RC1H4zEtB-Ck
Leon Ubud Bali | Luxury Boutique Bungalow Hotel in Ubud Bali,+62 821-4434-2484,"Jl. Penestanan Kelod, Sayan, Kecamatan Ubud, Kabupaten Gianyar, Bali 80571, Indonesia",https://leonubudbali.com/,https://maps.google.com/?cid=10982827002468042348&g_mp=Cidnb29nbGUubWFwcy5wbGFjZXMudjEuUGxhY2VzLlNlYXJjaFRleHQQAhgEIAA,5,33,OPERATIONAL,hotel,hospitality_business,"Hotels, resorts and beach clubs; expansion and refurbishment client","boutique hotel in Ubud, Bali",-8.5122624,115.25027779999999,ChIJ97vylMU90i0RbAatH_jWapg
Life in Amed Bali Boutique Hotel,+62 363 23152,"Jl. Raya Amed, Bunutan, Kec. Abang, Kabupaten Karangasem, Bali 80852, Indonesia",http://www.lifebali.com/,https://maps.google.com/?cid=3172770848241785369&g_mp=Cidnb29nbGUubWFwcy5wbGFjZXMudjEuUGxhY2VzLlNlYXJjaFRleHQQAhgEIAA,4.5,171,OPERATIONAL,hotel,hospitality_business,"Hotels, resorts and beach clubs; expansion and refurbishment client","boutique hotel in Amed, Bali",-8.354891499999999,115.68894139999998,ChIJ-50XhGcG0i0RGZoqw0byByw
Lila Boutik Residence,+62 881-0819-66339,"Jl. Canggu Padang Linjong No.25A, Canggu, Kec. Kuta Utara, Kabupaten Badung, Bali 80363, Indonesia",https://lilaboutikresidence.com/,https://maps.google.com/?cid=10977214139352145136&g_mp=Cidnb29nbGUubWFwcy5wbGFjZXMudjEuUGxhY2VzLlNlYXJjaFRleHQQAhgEIAA,4.6,120,OPERATIONAL,guest_house,hospitality_business,"Hotels, resorts and beach clubs; expansion and refurbishment client","boutique hotel in Canggu, Bali",-8.6426673,115.1384034,ChIJs-Eur2M40i0R8Nx6lxnmVpg
Little Ripper Bali Boutique Lofts,+62 811-8882-211,"93VQ+P6W, Gg. Tunjung Jl. Pantai Kedungu, Belalang, Kec. Kediri, Kabupaten Tabanan, Bali 82121, Indonesia",,https://maps.google.com/?cid=17298872307922839862&g_mp=Cidnb29nbGUubWFwcy5wbGFjZXMudjEuUGxhY2VzLlNlYXJjaFRleHQQAhgEIAA,5,3,OPERATIONAL,bed_and_breakfast,hospitality_business,"Hotels, resorts and beach clubs; expansion and refurbishment client","boutique hotel in Kedungu, Bali",-8.6056305,115.08809049999998,ChIJl7N4f2Q30i0RNimV8LXwEfA
Lomo Boutique Hotel,+62 823-2635-9665,"Jl. Labuansait No.28B, Pecatu, Kec. Kuta Sel., Kabupaten Badung, Bali 80361, Indonesia",http://www.lomohotelbali.com/,https://maps.google.com/?cid=15680393226850639332&g_mp=Cidnb29nbGUubWFwcy5wbGFjZXMudjEuUGxhY2VzLlNlYXJjaFRleHQQAhgEIAA,4.9,41,OPERATIONAL,hotel,hospitality_business,"Hotels, resorts and beach clubs; expansion and refurbishment client","boutique hotel in Uluwatu, Bali",-8.8242458,115.1230628,ChIJk4JdjhVF0i0R5J3fwI_ym9k
Lovina Haven Boutique Resort,+62 362 7330777,"Jl. Seririt- Singaraja, Banjar, Kec. Buleleng, Kabupaten Buleleng, Bali 81152, Indonesia",http://www.lovinahavenboutiqueresort.com/,https://maps.google.com/?cid=5245304218185893609&g_mp=Cidnb29nbGUubWFwcy5wbGFjZXMudjEuUGxhY2VzLlNlYXJjaFRleHQQAhgEIAA,4.6,242,OPERATIONAL,hotel,hospitality_business,"Hotels, resorts and beach clubs; expansion and refurbishment client","boutique hotel in Lovina, Bali",-8.165839900000002,115.01697440000001,ChIJ5X84OACb0S0R6QbUR2UQy0g
Lulu’s - Wellness Boutique & Cafe,+62 858-1526-6983,"Jl. Pande No.7, Pecatu, Kec. Kuta Sel., Kabupaten Badung, Bali 80361, Indonesia",,https://maps.google.com/?cid=14816147988422803473&g_mp=Cidnb29nbGUubWFwcy5wbGFjZXMudjEuUGxhY2VzLlNlYXJjaFRleHQQAhgEIAA,4.7,119,OPERATIONAL,hotel,hospitality_business,"Hotels, resorts and beach clubs; expansion and refurbishment client","boutique hotel in Ungasan, Bali",-8.8150858,115.12851219999997,ChIJPcGEUlZF0i0REUCPnRiInc0
Luxury Boutique Hotel Bali,+62 859-3548-8022,"C4CP+9GW, Jl. Tanah Lot Br Laing, Pandak Bandung, Kec. Kediri, Kediri bali, Bali 82171, Indonesia",,https://maps.google.com/?cid=15996278550228194833&g_mp=Cidnb29nbGUubWFwcy5wbGFjZXMudjEuUGxhY2VzLlNlYXJjaFRleHQQAhgEIAA,4.3,28,OPERATIONAL,hotel,hospitality_business,"Hotels, resorts and beach clubs; expansion and refurbishment client","boutique hotel in Kedungu, Bali",-8.5790096,115.1363233,ChIJRcRaRYc50i0REVaN6pYy_t0
Magia De Uma a Member of Design Hotels,+62 361 8475125,"Jl. Umalas Tunon No.8A, Kerobokan Kelod, Kec. Kuta Utara, Kabupaten Badung, Bali 80361, Indonesia",http://www.magiadeuma.com/,https://maps.google.com/?cid=8362992666425116416&g_mp=Cidnb29nbGUubWFwcy5wbGFjZXMudjEuUGxhY2VzLlNlYXJjaFRleHQQAhgEIAA,5,42,OPERATIONAL,hotel,hospitality_business,"Hotels, resorts and beach clubs; expansion and refurbishment client","boutique hotel in Umalas, Bali",-8.6646269,115.1529062,ChIJ1YSUMABH0i0RAEd3ZYVRD3Q
"Mathis Lodge, Amed",+62 821-4629-0953,"Bunutan, Abang, Karangasem Regency, Bali 80852, Indonesia",https://www.dijiwasanctuaries.com/at/mathislodgeamed,https://maps.google.com/?cid=16275758086329302644&g_mp=Cidnb29nbGUubWFwcy5wbGFjZXMudjEuUGxhY2VzLlNlYXJjaFRleHQQAhgEIAA,4.6,710,OPERATIONAL,hotel,hospitality_business,"Hotels, resorts and beach clubs; expansion and refurbishment client","boutique hotel in Amed, Bali",-8.3721867,115.672005,ChIJiezBM1L_zS0RdH7ZMb8b3-E
Mega Boutique,+62 361 753111,"SImpang Siur, Jl. Bypass Ngurah Rai No.259, Kuta, Denpasar Selatan, Kabupaten Badung, Bali 80361, Indonesia",https://www.megaboutiquehotel.com/,https://maps.google.com/?cid=3887579860672049243&g_mp=Cidnb29nbGUubWFwcy5wbGFjZXMudjEuUGxhY2VzLlNlYXJjaFRleHQQAhgEIAA,4.1,1866,OPERATIONAL,hotel,hospitality_business,"Hotels, resorts and beach clubs; expansion and refurbishment client","boutique hotel in Kuta, Bali",-8.721446799999999,115.1864755,ChIJWa9i8bJG0i0RW_BRN0l18zU
Meruhdani Boutique Hotel Ubud,+62 361 977978,"Jl. Bisma No.3, Ubud, Kecamatan Ubud, Kabupaten Gianyar, Bali 80571, Indonesia",http://www.meruhdani.com/,https://maps.google.com/?cid=8016992290298675886&g_mp=Cidnb29nbGUubWFwcy5wbGFjZXMudjEuUGxhY2VzLlNlYXJjaFRleHQQAhgEIAA,4.4,400,OPERATIONAL,hotel,hospitality_business,"Hotels, resorts and beach clubs; expansion and refurbishment client","boutique hotel in Ubud, Bali",-8.5064096,115.25878900000001,ChIJTX0yQhU90i0RrkJMHgMUQm8
Merusaka Nusa Dua,+62 361 2002900,"Kawasan Wisata Nusa Dua Lot S-3, Jl. Pantai Peminge, Benoa, Kec. Kuta Sel., Kabupaten Badung, Bali 80363, Indonesia",http://merusaka.com/,https://maps.google.com/?cid=6640509008423919136&g_mp=Cidnb29nbGUubWFwcy5wbGFjZXMudjEuUGxhY2VzLlNlYXJjaFRleHQQAhgEIAA,4.6,10117,OPERATIONAL,hotel,hospitality_business,"Hotels, resorts and beach clubs; expansion and refurbishment client","boutique hotel in Nusa Dua, Bali",-8.8061709,115.23023,ChIJn1KMyC5D0i0RIJ7jnsLTJ1w
"Mulia Resort - Nusa Dua, Bali",+62 361 8467777,"Kawasan Sawangan, Jl. Raya Nusa Dua Selatan, Benoa, Kec. Kuta Sel., Kabupaten Badung, Bali 80361, Indonesia",https://www.themulia.com/bali/mulia-resort,https://maps.google.com/?cid=13910365954518270966&g_mp=Cidnb29nbGUubWFwcy5wbGFjZXMudjEuUGxhY2VzLlNlYXJjaFRleHQQAhgEIAA,4.6,9148,OPERATIONAL,resort_hotel,hospitality_business,"Hotels, resorts and beach clubs; expansion and refurbishment client","boutique hotel in Nusa Dua, Bali",-8.816461700000001,115.2226229,ChIJq0s9w81c0i0R9sO_piKMC8E
"Mulia Villas - Nusa Dua, Bali",+62 361 8467777,"Kawasan Sawangan, Jl. Raya Nusa Dua Selatan Jl. Nusa Dua, Benoa, Kec. Kuta Sel., Kabupaten Badung, Bali 80362, Indonesia",https://www.themulia.com/bali/mulia-villas,https://maps.google.com/?cid=1247377783062948653&g_mp=Cidnb29nbGUubWFwcy5wbGFjZXMudjEuUGxhY2VzLlNlYXJjaFRleHQQAhgEIAA,4.8,1311,OPERATIONAL,service,hospitality_business,"Hotels, resorts and beach clubs; expansion and refurbishment client","boutique hotel in Nusa Dua, Bali",-8.8166596,115.21898060000001,ChIJcSwDAsxc0i0RLWsuHHyTTxE
Mysa Boutique Hotel Bali,+62 822-4798-3179,"Gg. Mekar Sari No.1, Kerobokan Kelod, Kec. Kuta Utara, Kabupaten Badung, Bali 80361, Indonesia",https://mysaboutiquehotel.com/,https://maps.google.com/?cid=4028300019185849871&g_mp=Cidnb29nbGUubWFwcy5wbGFjZXMudjEuUGxhY2VzLlNlYXJjaFRleHQQAhgEIAA,4.9,255,OPERATIONAL,hotel,hospitality_business,"Hotels, resorts and beach clubs; expansion and refurbishment client","boutique hotel in Seminyak, Bali",-8.6717183,115.17090909999999,ChIJiUUjEaRH0i0RD5ZFTIZl5zc
Mû Bungalows Boutique Resort,+62 361 8957442,"Jl. Pantai Bingin, Pecatu, Kec. Kuta Sel., Kabupaten Badung, Bali 80364, Indonesia",https://mu-bali.com/,https://maps.google.com/?cid=792540850263296315&g_mp=Cidnb29nbGUubWFwcy5wbGFjZXMudjEuUGxhY2VzLlNlYXJjaFRleHQQAhgEIAA,4.4,234,OPERATIONAL,hotel,hospitality_business,"Hotels, resorts and beach clubs; expansion and refurbishment client","boutique hotel in Uluwatu, Bali",-8.807140799999999,115.1124693,ChIJReQKfEZF0i0ROwnuSbSr_wo
NEON ROSE MOTEL,+62 822-6630-3175,"Jl. Pantai Pererenan No.101, Pererenan, Kec. Mengwi, Kabupaten Badung, Bali 80351, Indonesia",http://neonrosemotel.com/,https://maps.google.com/?cid=3007235848258175549&g_mp=Cidnb29nbGUubWFwcy5wbGFjZXMudjEuUGxhY2VzLlNlYXJjaFRleHQQAhgEIAA,5,44,OPERATIONAL,hotel,hospitality_business,"Hotels, resorts and beach clubs; expansion and refurbishment client","boutique hotel in Pererenan, Bali",-8.644671299999999,115.1280316,ChIJ-bGtrWA50i0RPcI_KxLZuyk
Nagara Boutique Hotel and Coworking,+62 889-9988-9898,"Jl. Pantai Balangan No.16, Ungasan, Kec. Kuta Sel., Kabupaten Badung, Bali 80361, Indonesia",https://nagara.bed-booking.com/,https://maps.google.com/?cid=17201471199692374120&g_mp=Cidnb29nbGUubWFwcy5wbGFjZXMudjEuUGxhY2VzLlNlYXJjaFRleHQQAhgEIAA,4.3,140,OPERATIONAL,hotel,hospitality_business,"Hotels, resorts and beach clubs; expansion and refurbishment client","boutique hotel in Ungasan, Bali",-8.8163757,115.15070809999999,ChIJtVzD2NJE0i0RaMDGN-vmt-4
New Little Ripper Boutique Hotel,+62 812-9878-686,"Gg. Anggrek Jl. Pantai Kedungu No.88, Belalang, Kec. Kediri, Kabupaten Tabanan, Bali 82121, Indonesia",https://www.booking.com/Share-2jbSO7W,https://maps.google.com/?cid=12420361804198516882&g_mp=Cidnb29nbGUubWFwcy5wbGFjZXMudjEuUGxhY2VzLlNlYXJjaFRleHQQAhgEIAA,4.9,31,OPERATIONAL,hotel,hospitality_business,"Hotels, resorts and beach clubs; expansion and refurbishment client","boutique hotel in Tabanan, Bali",-8.605601799999999,115.088224,ChIJd9ac5vs50i0RkhgVSUH9Xaw
Nivriti Bali | Private Bamboo House,+62 815-2985-0865,"Banjar Dinas, Jl. Raya Tebola, Telaga Tawang, Kec. Sidemen, Kabupaten Karangasem, Bali 80864, Indonesia",https://www.airbnb.com/rooms/1155461339055740802?adults=2&search_mode=regular_search&source_impression_id=p3_1716979644_yVPprtsZBTZUPslI&previous_page_section_name=1000&federated_search_id=11ca4d72-9d2a-40fc-a185-005bf15a0f78&guests=1,https://maps.google.com/?cid=5384305801322174807&g_mp=Cidnb29nbGUubWFwcy5wbGFjZXMudjEuUGxhY2VzLlNlYXJjaFRleHQQAhgEIAA,5,87,OPERATIONAL,hotel,hospitality_business,"Hotels, resorts and beach clubs; expansion and refurbishment client","boutique hotel in Sidemen, Bali",-8.476068399999999,115.44040280000002,ChIJJ8PNEAwR0i0RVxniWZnluEo
Noema Resort Pererenan,+62 361 2093999,"Jl. Pantai Pererenan No.126, Pererenan, Kec. Mengwi, Kabupaten Badung, Bali 80351, Indonesia",http://www.noemaresort.com/,https://maps.google.com/?cid=12484836679065310721&g_mp=Cidnb29nbGUubWFwcy5wbGFjZXMudjEuUGxhY2VzLlNlYXJjaFRleHQQAhgEIAA,4.9,483,OPERATIONAL,resort_hotel,hospitality_business,"Hotels, resorts and beach clubs; expansion and refurbishment client","boutique hotel in Pererenan, Bali",-8.6463511,115.12449769999999,ChIJzbcb0Fw50i0RAZZ05s8MQ60
Numa Bali,+62 822-6608-1805,"Sangkan Gunung, Sidemen, Karangasem Regency, Bali 80864, Indonesia 8°28'40.8""S 115°26'04.9""E, Sangkan Gn., Kec. Sidemen, Kabupaten Karangasem, Bali 80864, Indonesia",https://numabali.com/,https://maps.google.com/?cid=14725121109357902349&g_mp=Cidnb29nbGUubWFwcy5wbGFjZXMudjEuUGxhY2VzLlNlYXJjaFRleHQQAhgEIAA,4.9,370,OPERATIONAL,hotel,hospitality_business,"Hotels, resorts and beach clubs; expansion and refurbishment client","boutique hotel in Sidemen, Bali",-8.477122399999999,115.4347665,ChIJcQpNH_0R0i0RDTrixaEjWsw
"Nusa Dua Beach Hotel & Spa, Bali",+62 361 771210,"Kawasan Pariwisata, Nusa Dua Lot, Jl. Nusa Dua North 4, Benoa, Kec. Kuta Sel., Kabupaten Badung, Bali 80363, Indonesia",http://www.nusaduahotel.com/,https://maps.google.com/?cid=10594663883797844500&g_mp=Cidnb29nbGUubWFwcy5wbGFjZXMudjEuUGxhY2VzLlNlYXJjaFRleHQQAhgEIAA,4.6,5026,OPERATIONAL,hotel,hospitality_business,"Hotels, resorts and beach clubs; expansion and refurbishment client","boutique hotel in Nusa Dua, Bali",-8.7940956,115.23016179999999,ChIJa8cS2yND0i0RFFJuXKvOB5M
ONAYA Bali Resort,+62 821-4720-3958,"Jl. Bukal Sari No.9, Pecatu, Kec. Kuta Sel., Kabupaten Badung, Bali 80361, Indonesia",http://onayaresorts.com/,https://maps.google.com/?cid=15505591564698640238&g_mp=Cidnb29nbGUubWFwcy5wbGFjZXMudjEuUGxhY2VzLlNlYXJjaFRleHQQAhgEIAA,4.8,275,OPERATIONAL,hotel,hospitality_business,"Hotels, resorts and beach clubs; expansion and refurbishment client","boutique hotel in Uluwatu, Bali",-8.8283887,115.12049780000001,ChIJ7d1k0b1b0i0Rbt8nPmDtLtc
Ohana Pererenan,+62 822-4797-6327,"Jl. Pantai Pererenan No.119A, Canggu, Kec. Mengwi, Kabupaten Badung, Bali 80351, Indonesia",https://www.ohanaretreatbali.com/,https://maps.google.com/?cid=5303610125096120337&g_mp=Cidnb29nbGUubWFwcy5wbGFjZXMudjEuUGxhY2VzLlNlYXJjaFRleHQQAhgEIAA,4.7,45,OPERATIONAL,hotel,hospitality_business,"Hotels, resorts and beach clubs; expansion and refurbishment client","boutique hotel in Pererenan, Bali",-8.6469314,115.12531999999999,ChIJd_PkCqs50i0REfCEHU81mkk
Ohana's Beachfront Resort & Beach Club,+62 811-3960-0787,"Gg. Nusa Indah, Jungutbatu, Kec. Nusa Penida, Kabupaten Klungkung, Bali 80771, Indonesia",http://www.ohanas.co/,https://maps.google.com/?cid=11376152794914216849&g_mp=Cidnb29nbGUubWFwcy5wbGFjZXMudjEuUGxhY2VzLlNlYXJjaFRleHQQAhgEIAA,4.7,5039,OPERATIONAL,resort_hotel,hospitality_business,"Hotels, resorts and beach clubs; expansion and refurbishment client","boutique hotel in Nusa Lembongan, Bali",-8.6691146,115.4479714,ChIJ06rJGBZt0i0Rkdtti7E24J0
Okeanos Boutique Hotel,+62 823-4069-2042,"55C6+C5H, Ungasan, South Kuta, Badung Regency, Bali 80361, Indonesia",https://okeanosboutiquehotel.com/,https://maps.google.com/?cid=3250051642018438824&g_mp=Cidnb29nbGUubWFwcy5wbGFjZXMudjEuUGxhY2VzLlNlYXJjaFRleHQQAhgEIAA,5,54,OPERATIONAL,hotel,hospitality_business,"Hotels, resorts and beach clubs; expansion and refurbishment client","boutique hotel in Ungasan, Bali",-8.8289375,115.1604375,ChIJzSTXPMZb0i0RqB4vuL-AGi0
Oshom Bali,+62 811-3981-3330,"Jl. Pantai Nyanyi, Beraban, Kec. Kediri, Kabupaten Tabanan, Bali 82121, Indonesia",http://www.oshombali.com/,https://maps.google.com/?cid=4815947097280962929&g_mp=Cidnb29nbGUubWFwcy5wbGFjZXMudjEuUGxhY2VzLlNlYXJjaFRleHQQAhgEIAA,4.8,175,OPERATIONAL,hotel,hospitality_business,"Hotels, resorts and beach clubs; expansion and refurbishment client","boutique hotel in Tabanan, Bali",-8.630687499999999,115.09556250000001,ChIJVYBWito50i0RcWGBdl6u1UI
Pandana Boutique Hotel,+62 878-6218-8496,"Jalan Pandana Tamarind Beach Nusa Lembongan, Jungutbatu, Kec. Nusa Penida, Kabupaten Klungkung, Bali 80771, Indonesia",https://pandanaboutiquehotel.com/,https://maps.google.com/?cid=12291518217396294348&g_mp=Cidnb29nbGUubWFwcy5wbGFjZXMudjEuUGxhY2VzLlNlYXJjaFRleHQQAhgEIAA,4.6,80,OPERATIONAL,hotel,hospitality_business,"Hotels, resorts and beach clubs; expansion and refurbishment client","boutique hotel in Nusa Lembongan, Bali",-8.682422299999999,115.43926739999999,ChIJgVEBE69t0i0RzBImCrI-lKo
Pelangi Villas Sidemen,+62 822-3773-1818,"Banjar Dinas, GCGV+6CV, Jl. Raya Tebola, Telaga Tawang, Kec. Sidemen, Kabupaten Karangasem, Bali 80864, Indonesia",http://www.pelangivillassidemen.com/,https://maps.google.com/?cid=13427225538146656115&g_mp=Cidnb29nbGUubWFwcy5wbGFjZXMudjEuUGxhY2VzLlNlYXJjaFRleHQQAhgEIAA,4.3,128,OPERATIONAL,hotel,hospitality_business,"Hotels, resorts and beach clubs; expansion and refurbishment client","boutique hotel in Sidemen, Bali",-8.4743923,115.44354009999999,ChIJC2InAJwa0i0Rc99IiHwWV7o
Planta Luxury Boutique Resort,+62 813-3799-6471,"Jl. Pantai Batu Mejan Jl. Padanglinjong No.11D, Canggu, Kec. Kuta Utara, Kabupaten Badung, Bali 80351, Indonesia",http://www.plantabali.com/,https://maps.google.com/?cid=4555392090942170656&g_mp=Cidnb29nbGUubWFwcy5wbGFjZXMudjEuUGxhY2VzLlNlYXJjaFRleHQQAhgEIAA,4.6,183,OPERATIONAL,service,hospitality_business,"Hotels, resorts and beach clubs; expansion and refurbishment client","boutique hotel in Canggu, Bali",-8.6411902,115.13883799999999,ChIJdTtxNGI40i0RIGY7ofgAOD8
Plawa Laguna Bali,+62 811-3960-9664,"Jl. Munduk Tengah No.55, Pererenan, Kec. Mengwi, Kabupaten Badung, Bali 80351, Indonesia",https://plawalagunabali.com/gmaps,https://maps.google.com/?cid=2079520582880999720&g_mp=Cidnb29nbGUubWFwcy5wbGFjZXMudjEuUGxhY2VzLlNlYXJjaFRleHQQAhgEIAA,5,67,OPERATIONAL,hotel,hospitality_business,"Hotels, resorts and beach clubs; expansion and refurbishment client","boutique hotel in Pererenan, Bali",-8.6506577,115.1250541,ChIJXZTc2iE50i0RKDm8zfPw2xw
Pondok Wisata Patal Kikian,+62 813-5327-8504,"Jl. Raya Sinduwati, Sindu Wati, Kec. Sidemen, Kabupaten Karangasem, Bali 80864, Indonesia",https://www.patalkikianbali.com/,https://maps.google.com/?cid=9659298187552718811&g_mp=Cidnb29nbGUubWFwcy5wbGFjZXMudjEuUGxhY2VzLlNlYXJjaFRleHQQAhgEIAA,4.5,353,OPERATIONAL,hotel,hospitality_business,"Hotels, resorts and beach clubs; expansion and refurbishment client","boutique hotel in Sidemen, Bali",-8.455128499999999,115.4565829,ChIJpUO2o6Aa0i0R23-nQIa4DIY
Premaloka,+62 822-6617-5157,"C32V+J9W, Jl. Pantai Kedungu, Belalang, Kec. Kediri, Kabupaten Tabanan, Bali 82121, Indonesia",,https://maps.google.com/?cid=7835289361966391575&g_mp=Cidnb29nbGUubWFwcy5wbGFjZXMudjEuUGxhY2VzLlNlYXJjaFRleHQQAhgEIAA,5,30,OPERATIONAL,hotel,hospitality_business,"Hotels, resorts and beach clubs; expansion and refurbishment client","boutique hotel in Tabanan, Bali",-8.598393,115.09345999999998,ChIJYUciBWA30i0RF2FnXCmKvGw
Purana Boutique Resort,+62 361 9081521,"Br.Kumbuh, Jl. Cempaka, Mas, Kecamatan Ubud, Kabupaten Gianyar, Bali 80571, Indonesia",http://www.puranaresort.com/,https://maps.google.com/?cid=1632383800452543535&g_mp=Cidnb29nbGUubWFwcy5wbGFjZXMudjEuUGxhY2VzLlNlYXJjaFRleHQQAhgEIAA,4.8,494,OPERATIONAL,resort_hotel,hospitality_business,"Hotels, resorts and beach clubs; expansion and refurbishment client","boutique hotel in Ubud, Bali",-8.5337281,115.26642149999999,ChIJhRyThpk90i0RL3QT82pkpxY
RONJA Boutique Hotel,+62 811-3833-301,"Jl. Tj. Simah No.4, Pecatu, Kec. Kuta Sel., Kabupaten Badung, Bali 80361, Indonesia",https://ronjabali.com/,https://maps.google.com/?cid=17473528808292849202&g_mp=Cidnb29nbGUubWFwcy5wbGFjZXMudjEuUGxhY2VzLlNlYXJjaFRleHQQAhgEIAA,4.9,328,OPERATIONAL,hotel,hospitality_business,"Hotels, resorts and beach clubs; expansion and refurbishment client","boutique hotel in Uluwatu, Bali",-8.8108098,115.11139589999999,ChIJJQ3igsZF0i0RMpbZVt9xfvI
Riviera Boutique Hotel Ubud,+62 811-2891-1122,"Jl Raya Pengosekan, Ubud, Kecamatan Ubud, Kabupaten Gianyar, Bali 80571, Indonesia",,https://maps.google.com/?cid=17167074392944483994&g_mp=Cidnb29nbGUubWFwcy5wbGFjZXMudjEuUGxhY2VzLlNlYXJjaFRleHQQAhgEIAA,5,8,OPERATIONAL,hotel,hospitality_business,"Hotels, resorts and beach clubs; expansion and refurbishment client","boutique hotel in Ubud, Bali",-8.5220524,115.26286209999999,ChIJIxpWmTk90i0Rmh4pkDSzPe4
SOKO’ Stay at Kedungu,+62 813-6557-9000,"Banjar kedungu, Jl. Pantai Kedungu Gg. Tunjung, Belalang, Kec. Kediri, Kabupaten Tabanan, Bali 82121, Indonesia",https://www.sokostay.com/,https://maps.google.com/?cid=1075868428861258197&g_mp=Cidnb29nbGUubWFwcy5wbGFjZXMudjEuUGxhY2VzLlNlYXJjaFRleHQQAhgEIAA,4.7,79,OPERATIONAL,hotel,hospitality_business,"Hotels, resorts and beach clubs; expansion and refurbishment client","boutique hotel in Kedungu, Bali",-8.6054155,115.0874506,ChIJm9wcDT030i0R1TlVx6JA7g4
Sadara Resort,+62 361 772010,"Tanjung Benoa, Jl. Pratama, Benoa, Kec. Kuta Sel., Kabupaten Badung, Bali 80363, Indonesia",http://sadararesort.com/,https://maps.google.com/?cid=14115559032751735534&g_mp=Cidnb29nbGUubWFwcy5wbGFjZXMudjEuUGxhY2VzLlNlYXJjaFRleHQQAhgEIAA,4.5,2446,OPERATIONAL,resort_hotel,hospitality_business,"Hotels, resorts and beach clubs; expansion and refurbishment client","boutique hotel in Nusa Dua, Bali",-8.7699033,115.2223875,ChIJvTA166dD0i0R7kI5ISeK5MM
Sagara Candidasa,+62 363 42007,"Jl. Raya Candidasa, Sengkidu, Kec. Manggis, Kabupaten Karangasem, Bali, Indonesia",https://www.sagarabali.com/,https://maps.google.com/?cid=10234599237127040234&g_mp=Cidnb29nbGUubWFwcy5wbGFjZXMudjEuUGxhY2VzLlNlYXJjaFRleHQQAhgEIAA,4.6,661,OPERATIONAL,hotel,hospitality_business,"Hotels, resorts and beach clubs; expansion and refurbishment client","boutique hotel in Candidasa, Bali",-8.510018400000002,115.57043569999999,ChIJA5Yy7CwJ0i0R6uxw68eZCI4
Samanvaya - Adults Only,+62 821-4710-3884,"Banjar Jl. Raya Tebola, Telaga Tawang, Kec. Sidemen, Kabupaten Karangasem, Bali 80864, Indonesia",https://samanvaya-bali.com/,https://maps.google.com/?cid=15338814574128202211&g_mp=Cidnb29nbGUubWFwcy5wbGFjZXMudjEuUGxhY2VzLlNlYXJjaFRleHQQAhgEIAA,4.9,1461,OPERATIONAL,resort_hotel,hospitality_business,"Hotels, resorts and beach clubs; expansion and refurbishment client","boutique hotel in Sidemen, Bali",-8.4743593,115.44154800000001,ChIJk2was3cQ0i0R4wF_LpZq3tQ
Sanur Hotel | Maha Laksmi Boutique Hotel,+62 361 285043,"Jl. Danau Tamblingan No.105, Sanur, Denpasar Selatan, Kota Denpasar, Bali 80228, Indonesia",http://www.mahalaksmihotel.com/,https://maps.google.com/?cid=339796725569653887&g_mp=Cidnb29nbGUubWFwcy5wbGFjZXMudjEuUGxhY2VzLlNlYXJjaFRleHQQAhgEIAA,4.1,354,OPERATIONAL,hotel,hospitality_business,"Hotels, resorts and beach clubs; expansion and refurbishment client","boutique hotel in Sanur, Bali",-8.7045468,115.26111239999999,ChIJp9UXkcBB0i0Rf4xrU1IztwQ
Sawah Indah Villa,+62 853-3805-3904,"Br. Tebola GCFR+WCX Sidemen, Telaga Tawang, Karangasem, Kabupaten Karangasem, Bali 80846, Indonesia",https://web.facebook.com/SawahIndahVillaSidemen,https://maps.google.com/?cid=17053966018907036874&g_mp=Cidnb29nbGUubWFwcy5wbGFjZXMudjEuUGxhY2VzLlNlYXJjaFRleHQQAhgEIAA,4.7,681,OPERATIONAL,resort_hotel,hospitality_business,"Hotels, resorts and beach clubs; expansion and refurbishment client","boutique hotel in Sidemen, Bali",-8.4754506,115.4406378,ChIJmfi8rKYa0i0RylyJCL3bq-w
Seaside Tribe - Boutique Surf Stay & Retreat,+62 823-4013-7066,"Jl. Nirjhara Belalang, Kediri, Belalang, Banjar Kedungu, Kabupaten Tabanan, Bali 82121, Indonesia",https://www.seaside-tribe.com/,https://maps.google.com/?cid=214880833653072684&g_mp=Cidnb29nbGUubWFwcy5wbGFjZXMudjEuUGxhY2VzLlNlYXJjaFRleHQQAhgEIAA,5,110,OPERATIONAL,hotel,hospitality_business,"Hotels, resorts and beach clubs; expansion and refurbishment client","boutique hotel in Kedungu, Bali",-8.6025147,115.0897182,ChIJJQ34sXY30i0RLGPuzvpo-wI
Seni Boutique Hotel,+62 857-3729-6777,"Jl. Kutuh Manak 2, Pecatu, Kec. Kuta Sel, Pecatu, Uluwatu, Kabupaten Badung, Bali 80361, Indonesia",https://wa.me/6285737296777,https://maps.google.com/?cid=12954719457054529414&g_mp=Cidnb29nbGUubWFwcy5wbGFjZXMudjEuUGxhY2VzLlNlYXJjaFRleHQQAhgEIAA,4.8,21,OPERATIONAL,hotel,hospitality_business,"Hotels, resorts and beach clubs; expansion and refurbishment client","boutique hotel in Uluwatu, Bali",-8.831657700000001,115.13161729999999,ChIJu1o2_ndb0i0RhpeTirVoyLM
Solterra Seminyak - Boutique Hotel and Spa,+62 361 9597888,"Jl. Cendrawasih No.89, Seminyak, Kec. Kuta Utara, Kabupaten Badung, Bali 80361, Indonesia",https://solterrahotel.com/,https://maps.google.com/?cid=15037532592635147645&g_mp=Cidnb29nbGUubWFwcy5wbGFjZXMudjEuUGxhY2VzLlNlYXJjaFRleHQQAhgEIAA,4.9,579,OPERATIONAL,hotel,hospitality_business,"Hotels, resorts and beach clubs; expansion and refurbishment client","boutique hotel in Seminyak, Bali",-8.6750137,115.1528518,ChIJI1rYs2xH0i0RfXVggjgMsNA
Spaces Bali : Boutique Hotel,+62 821-4449-3664,"Spaces Bali, 33X, Jl. Raya Munggu, Munggu, Kec. Mengwi, Kabupaten Badung, Bali 80351, Indonesia",http://spacesbali.com/,https://maps.google.com/?cid=1292561303140027496&g_mp=Cidnb29nbGUubWFwcy5wbGFjZXMudjEuUGxhY2VzLlNlYXJjaFRleHQQAhgEIAA,4.9,161,OPERATIONAL,hotel,hospitality_business,"Hotels, resorts and beach clubs; expansion and refurbishment client","boutique hotel in Pererenan, Bali",-8.645285399999999,115.11730190000002,ChIJ-SQ3jkM50i0RaMwTLKgZ8BE
Subak Tabola Villa,+62 812-3829-936,"Jl. Raya Tebola No.80864, Telaga Tawang, Kec. Sidemen, Kabupaten Karangasem, Bali 80864, Indonesia",https://www.subaktabolavilla.com/,https://maps.google.com/?cid=4568188044316605604&g_mp=Cidnb29nbGUubWFwcy5wbGFjZXMudjEuUGxhY2VzLlNlYXJjaFRleHQQAhgEIAA,4.8,239,OPERATIONAL,hotel,hospitality_business,"Hotels, resorts and beach clubs; expansion and refurbishment client","boutique hotel in Sidemen, Bali",-8.4801679,115.4425194,ChIJb5JlFHEQ0i0RpHytsNJ2ZT8
Supersenang Boutique Resort Balian,+62 819-1123-4589,"Gg. Senang, Lalanglinggah, Kec. Selemadeg Bar., Kabupaten Tabanan, Bali 82162, Indonesia",https://www.supersenang.com/,https://maps.google.com/?cid=15407627652321178680&g_mp=Cidnb29nbGUubWFwcy5wbGFjZXMudjEuUGxhY2VzLlNlYXJjaFRleHQQAhgEIAA,4.9,75,OPERATIONAL,resort_hotel,hospitality_business,"Hotels, resorts and beach clubs; expansion and refurbishment client","boutique hotel in Tabanan, Bali",-8.4939502,114.95383919999999,ChIJv3hShpwt0i0ROPQWeLfj0tU
The Arden Villa Uluwatu by iNi Vie Hospitality,+62 813-3746-6780,"Jl. Blong Gelagah No.8, Pecatu, Kec. Kuta Sel., Uluwatu, Bali 80362, Indonesia",https://inivie.com/theardenvilla/?utm_source=google&utm_medium=organic&utm_campaign=google_business_profile,https://maps.google.com/?cid=4368028122949698916&g_mp=Cidnb29nbGUubWFwcy5wbGFjZXMudjEuUGxhY2VzLlNlYXJjaFRleHQQAhgEIAA,4.8,406,OPERATIONAL,resort_hotel,hospitality_business,"Hotels, resorts and beach clubs; expansion and refurbishment client","boutique hotel in Uluwatu, Bali",-8.8254406,115.12484280000001,ChIJR9A2XnRb0i0RZEVVXW9anjw
The Elysian Villas Resort,+62 361 730999,"The Elysian Boutique Villa, Jl. Sari Dewi No.18, Seminyak, Kec. Kuta, Kabupaten Badung, Bali 80361, Indonesia",http://theelysian.com/,https://maps.google.com/?cid=17078161396931317489&g_mp=Cidnb29nbGUubWFwcy5wbGFjZXMudjEuUGxhY2VzLlNlYXJjaFRleHQQAhgEIAA,4.6,430,OPERATIONAL,hotel,hospitality_business,"Hotels, resorts and beach clubs; expansion and refurbishment client","boutique hotel in Seminyak, Bali",-8.6880782,115.1579535,ChIJD3FapRtH0i0R8U7heE7RAe0
The House of The Rising Tide,+62 822-2162-8748,"8C9Q+7XG Lembongan island, Jungutbatu, The house of the Rising Tide, Lembongan Island, Kec. Nusa Penida, Kabupaten Klungkung, Bali 80771, Indonesia",https://www.instagram.com/thehouseoftherisingtide/,https://maps.google.com/?cid=15515911637266224246&g_mp=Cidnb29nbGUubWFwcy5wbGFjZXMudjEuUGxhY2VzLlNlYXJjaFRleHQQAhgEIAA,5,50,OPERATIONAL,hotel,hospitality_business,"Hotels, resorts and beach clubs; expansion and refurbishment client","boutique hotel in Nusa Lembongan, Bali",-8.6818024,115.43993959999999,ChIJhfi7gBdt0i0RdlSaYW2XU9c
"The Laguna, a Luxury Collection Resort & Spa, Nusa Dua, Bali",+62 361 771327,"Kawasan Pariwisata, Jl. Nusa Dua No.2 Lot N, Benoa, Kec. Kuta Sel., Kabupaten Badung, Bali 80363, Indonesia",https://www.marriott.com/en-us/hotels/dpslc-the-laguna-a-luxury-collection-resort-and-spa-nusa-dua-bali/overview/?scid=f2ae0541-1279-4f24-b197-a979c79310b0,https://maps.google.com/?cid=15794436589414236034&g_mp=Cidnb29nbGUubWFwcy5wbGFjZXMudjEuUGxhY2VzLlNlYXJjaFRleHQQAhgEIAA,4.7,3655,OPERATIONAL,hotel,hospitality_business,"Hotels, resorts and beach clubs; expansion and refurbishment client","boutique hotel in Nusa Dua, Bali",-8.7973822,115.2307704,ChIJGVcbnCZD0i0Rgr93Q2UcMds
"The Mulia - Nusa Dua, Bali",+62 361 3017777,"Kawasan Sawangan, Jl. Raya Nusa Dua Selatan, Benoa, Kec. Kuta Sel., Kabupaten Badung, Bali 80363, Indonesia",https://www.themulia.com/bali/themulia,https://maps.google.com/?cid=3309297753583661063&g_mp=Cidnb29nbGUubWFwcy5wbGFjZXMudjEuUGxhY2VzLlNlYXJjaFRleHQQAhgEIAA,4.6,1688,OPERATIONAL,hotel,hospitality_business,"Hotels, resorts and beach clubs; expansion and refurbishment client","boutique hotel in Nusa Dua, Bali",-8.8157126,115.22538100000001,ChIJdQS37Q5d0i0RBzBaAsb87C0
The New Moon Umalas,+62 813-3841-6111,"Jl. Umalas II No.86, Kerobokan Kelod, Kec. Kuta Utara, Kabupaten Badung, Bali 80361, Indonesia",,https://maps.google.com/?cid=5606285223881689987&g_mp=Cidnb29nbGUubWFwcy5wbGFjZXMudjEuUGxhY2VzLlNlYXJjaFRleHQQAhgEIAA,5,18,OPERATIONAL,guest_house,hospitality_business,"Hotels, resorts and beach clubs; expansion and refurbishment client","boutique hotel in Umalas, Bali",-8.667012,115.1571642,ChIJR9KkpTJH0i0Rg0v9LrWGzU0
The Prime Canggu Bali by Kanaya Hospitality,+62 811-3961-6875,"Jl. Munduk Catu Gg. Mahoni, Canggu, Kec. Kuta Utara, Kabupaten Badung, Bali 80363, Indonesia",https://www.theprimecanggubali.com/,https://maps.google.com/?cid=14193148106881534722&g_mp=Cidnb29nbGUubWFwcy5wbGFjZXMudjEuUGxhY2VzLlNlYXJjaFRleHQQAhgEIAA,4.9,510,OPERATIONAL,hotel,hospitality_business,"Hotels, resorts and beach clubs; expansion and refurbishment client","boutique hotel in Canggu, Bali",-8.6532732,115.1294748,ChIJ53_OVQA50i0RAosuMwEx-MQ
"The Ritz-Carlton, Bali",+62 361 8498988,"Jl. Raya Nusa Dua Selatan, Benoa, Kec. Kuta Sel., Kabupaten Badung, Bali 80361, Indonesia",https://www.ritzcarlton.com/en/hotels/dpssw-the-ritz-carlton-bali/overview/?scid=f2ae0541-1279-4f24-b197-a979c79310b0,https://maps.google.com/?cid=12897346423151704255&g_mp=Cidnb29nbGUubWFwcy5wbGFjZXMudjEuUGxhY2VzLlNlYXJjaFRleHQQAhgEIAA,4.6,4452,OPERATIONAL,hotel,hospitality_business,"Hotels, resorts and beach clubs; expansion and refurbishment client","boutique hotel in Nusa Dua, Bali",-8.8306709,115.2153312,ChIJrUAAILlc0i0Rv7gcIT2U_LI
The Santai Canggu by LifestyleRetreats,+62 857-3733-3536,"Jl. Bumbak No.88, Kerobokan, Kec. Kuta Utara, Kabupaten Badung, Bali 80361, Indonesia",https://lifestyleretreats.com/the-santai/?utm_source=google&utm_medium=gmb&utm_campaign=googlemybusiness,https://maps.google.com/?cid=13891720460468992256&g_mp=Cidnb29nbGUubWFwcy5wbGFjZXMudjEuUGxhY2VzLlNlYXJjaFRleHQQAhgEIAA,4.8,79,OPERATIONAL,hotel,hospitality_business,"Hotels, resorts and beach clubs; expansion and refurbishment client","boutique hotel in Umalas, Bali",-8.6514878,115.15703649999999,ChIJ-cPwgP5H0i0RALlHRShOycA
The Seed Bali – Private Beachfront Estate,+62 811-3872-4724,"Jl. Raya Candidasa, Nyuh Tebel, Kec. Manggis, Kabupaten Karangasem, Bali 80871, Indonesia",https://www.theseedbali.com/,https://maps.google.com/?cid=11459940016217408806&g_mp=Cidnb29nbGUubWFwcy5wbGFjZXMudjEuUGxhY2VzLlNlYXJjaFRleHQQAhgEIAA,5,134,OPERATIONAL,service,hospitality_business,"Hotels, resorts and beach clubs; expansion and refurbishment client","boutique hotel in Candidasa, Bali",-8.5058414,115.56038599999998,ChIJRy8snTQP0i0RJkXsNbriCZ8
The Umalas Signature,+62 877-5500-3555,"Jl. Bumbak No.156, Kerobokan, Kec. Kuta Utara, Kabupaten Badung, Bali 80361, Indonesia",https://theumalas.com/?utm_source=google_maps&utm_medium=umalas_eng,https://maps.google.com/?cid=11034802838177367624&g_mp=Cidnb29nbGUubWFwcy5wbGFjZXMudjEuUGxhY2VzLlNlYXJjaFRleHQQAhgEIAA,4.3,202,OPERATIONAL,hotel,hospitality_business,"Hotels, resorts and beach clubs; expansion and refurbishment client","boutique hotel in Umalas, Bali",-8.6617818,115.1525922,ChIJL9ctcelH0i0RSMYIaLd-I5k
The Ungasan Clifftop Resort,+62 811-9421-110,"Jl. Pantai Sel. Gau, Ungasan, Uluwatu, Kabupaten Badung, Bali 80361, Indonesia",https://www.theungasan.com/?utm_source=GMB&utm_medium=listing,https://maps.google.com/?cid=9875869139883365144&g_mp=Cidnb29nbGUubWFwcy5wbGFjZXMudjEuUGxhY2VzLlNlYXJjaFRleHQQAhgEIAA,4.7,1325,OPERATIONAL,resort_hotel,hospitality_business,"Hotels, resorts and beach clubs; expansion and refurbishment client","boutique hotel in Ungasan, Bali",-8.8459287,115.14853959999999,ChIJP7-ZPBtb0i0RGJP9eqgiDok
The Vira Bali Boutique Hotel & Suite,+62 361 765700,"Jl. Kartika Plaza No.127, Kuta, Kec. Kuta, Kabupaten Badung, Bali 80361, Indonesia",https://awanngroup.com/thevirabali/,https://maps.google.com/?cid=3640900028718316417&g_mp=Cidnb29nbGUubWFwcy5wbGFjZXMudjEuUGxhY2VzLlNlYXJjaFRleHQQAhgEIAA,4.5,1155,OPERATIONAL,hotel,hospitality_business,"Hotels, resorts and beach clubs; expansion and refurbishment client","boutique hotel in Kuta, Bali",-8.7352404,115.16758960000001,ChIJefVGxaFG0i0Rgft2KkkThzI
The bohemian bali,+62 818-271-088,"Jl. Pantai Batu Bolong No.21, Canggu, Kec. Kuta Utara, Kabupaten Badung, Bali 80351, Indonesia",https://www.thebohemianbali.com/,https://maps.google.com/?cid=11603819634515004578&g_mp=Cidnb29nbGUubWFwcy5wbGFjZXMudjEuUGxhY2VzLlNlYXJjaFRleHQQAhgEIAA,4.9,231,OPERATIONAL,hotel,hospitality_business,"Hotels, resorts and beach clubs; expansion and refurbishment client","boutique hotel in Canggu, Bali",-8.6459799,115.14009960000001,ChIJqTvVS0E50i0Rokz4WHoMCaE
The sidemen villas,+62 853-3399-9719,"Jl, Telaga Tawang, Kec. Sidemen, Kabupaten Karangasem, Bali 80864, Indonesia",http://www.thesidemenvillas.com/,https://maps.google.com/?cid=11849199836534770647&g_mp=Cidnb29nbGUubWFwcy5wbGFjZXMudjEuUGxhY2VzLlNlYXJjaFRleHQQAhgEIAA,4.7,103,OPERATIONAL,hotel,hospitality_business,"Hotels, resorts and beach clubs; expansion and refurbishment client","boutique hotel in Sidemen, Bali",-8.4831921,115.4464274,ChIJ-Wq825YR0i0R14tFuXjQcKQ
Tigerlillys Boutique Hotel & Restaurant,+62 812-4664-0343,"Nusa Lembongan, Jl. Jungutbatu, Jungutbatu, Kec. Nusa Penida, Kabupaten Klungkung, Bali 80771, Indonesia",http://www.tigerlillyslembongan.com/,https://maps.google.com/?cid=16452403149882465156&g_mp=Cidnb29nbGUubWFwcy5wbGFjZXMudjEuUGxhY2VzLlNlYXJjaFRleHQQAhgEIAA,4.1,243,OPERATIONAL,hotel,hospitality_business,"Hotels, resorts and beach clubs; expansion and refurbishment client","boutique hotel in Nusa Lembongan, Bali",-8.6735544,115.44900099999998,ChIJq6qqqp5t0i0RhBtDCn-tUuQ
Ubud Raya Boutique Hotel by Buktiyasa International,+62 812-907-299,"Jl. Raya Sayan, Banjar Sindu, Sayan, Kecamatan Ubud, Kabupaten Gianyar, Bali 80571, Indonesia",https://ubudrayaresortgroup.com/,https://maps.google.com/?cid=12576088367402884705&g_mp=Cidnb29nbGUubWFwcy5wbGFjZXMudjEuUGxhY2VzLlNlYXJjaFRleHQQAhgEIAA,4.8,3573,OPERATIONAL,hotel,hospitality_business,"Hotels, resorts and beach clubs; expansion and refurbishment client","boutique hotel in Ubud, Bali",-8.5150497,115.23744789999999,ChIJXUK6cx090i0RYZ74Or09h64
Ubud Valley Boutique Resort,+62 811-291-400,"Jl. Raya Pejeng Kangin, Pejeng Kangin, Kec. Tampaksiring, Kabupaten Gianyar, Bali 80552, Indonesia",,https://maps.google.com/?cid=12191383085247842540&g_mp=Cidnb29nbGUubWFwcy5wbGFjZXMudjEuUGxhY2VzLlNlYXJjaFRleHQQAhgEIAA,4.9,615,OPERATIONAL,resort_hotel,hospitality_business,"Hotels, resorts and beach clubs; expansion and refurbishment client","boutique hotel in Ubud, Bali",-8.4978112,115.30588149999998,ChIJ98O2vPcX0i0R7EjnxFJ-MKk
Umalas Hotel and Residence,+62 361 737500,"Jl. Umalas II No.83, Kerobokan, Kec. Kuta, Bali, 80361, Indonesia",https://www.umalashotelandresidence.com/,https://maps.google.com/?cid=8107557015310661463&g_mp=Cidnb29nbGUubWFwcy5wbGFjZXMudjEuUGxhY2VzLlNlYXJjaFRleHQQAhgEIAA,3.9,803,OPERATIONAL,hotel,hospitality_business,"Hotels, resorts and beach clubs; expansion and refurbishment client","boutique hotel in Umalas, Bali",-8.667243,115.15563370000001,ChIJQ6BIXXFH0i0RV3fRVSbUg3A
Veluvana Bali | Bamboo House,+62 823-4086-1486,"Jl. Raya Tebola, Telaga Tawang, Kec. Sidemen, Kabupaten Karangasem, Bali 80864, Indonesia",https://veluvanabali.com/,https://maps.google.com/?cid=2457234688176749159&g_mp=Cidnb29nbGUubWFwcy5wbGFjZXMudjEuUGxhY2VzLlNlYXJjaFRleHQQAhgEIAA,4.9,603,OPERATIONAL,hotel,hospitality_business,"Hotels, resorts and beach clubs; expansion and refurbishment client","boutique hotel in Sidemen, Bali",-8.4734147,115.4416978,ChIJ9dyFTRgR0i0RZ_qKDu7ZGSI
Veluvana Mountain,+62 823-4086-1486,"Banjar Klungah, Wismakerta, Kec. Sidemen, Kabupaten Karangasem, Bali 80864, Indonesia",https://veluvanabali.com/landing/,https://maps.google.com/?cid=14492554343587777044&g_mp=Cidnb29nbGUubWFwcy5wbGFjZXMudjEuUGxhY2VzLlNlYXJjaFRleHQQAhgEIAA,5,187,OPERATIONAL,hotel,hospitality_business,"Hotels, resorts and beach clubs; expansion and refurbishment client","boutique hotel in Sidemen, Bali",-8.4797802,115.4335921,ChIJs4DBlqMR0i0RFAqYAWTlH8k
Villa Cabana Kedungu,+62 812-3513-7889,"Jl. Bottle No.8, Belalang, Kec. Kediri, Kabupaten Tabanan, Bali 82121, Indonesia",http://stayatsolo.com/cabanakedungu/?utm_source=google&utm_medium=organic&utm_campaign=google_business_profile,https://maps.google.com/?cid=10602727092862945522&g_mp=Cidnb29nbGUubWFwcy5wbGFjZXMudjEuUGxhY2VzLlNlYXJjaFRleHQQAhgEIAA,4.7,43,OPERATIONAL,service,hospitality_business,"Hotels, resorts and beach clubs; expansion and refurbishment client","boutique hotel in Kedungu, Bali",-8.5902671,115.09608600000001,ChIJCQzrTAA50i0R8oiBhB10JJM
Villa Maja Boutique Hotel,+44 7949 728304,"Jl Bangbang Metuug Gg Be, Bingin Beach, Pecatu, Kec. Kuta Sel., Kabupaten Badung, Bali 80361, Indonesia",https://www.villamajabingin.com/,https://maps.google.com/?cid=14689589197862425567&g_mp=Cidnb29nbGUubWFwcy5wbGFjZXMudjEuUGxhY2VzLlNlYXJjaFRleHQQAhgEIAA,5,36,OPERATIONAL,hotel,hospitality_business,"Hotels, resorts and beach clubs; expansion and refurbishment client","boutique hotel in Bingin, Bali",-8.806617,115.1178656,ChIJV-l6aBVF0i0R31MB84vn28s
Wapa di Ume Sidemen,+62 366 5437600,"Banjar Dinas, Jl. Raya Tebola, Sangkan Gn., Kec. Sidemen, Kabupaten Karangasem, Bali 80864, Indonesia",http://wapadiumesidemen.com/,https://maps.google.com/?cid=18416174683831565514&g_mp=Cidnb29nbGUubWFwcy5wbGFjZXMudjEuUGxhY2VzLlNlYXJjaFRleHQQAhgEIAA,4.8,1089,OPERATIONAL,resort_hotel,hospitality_business,"Hotels, resorts and beach clubs; expansion and refurbishment client","boutique hotel in Sidemen, Bali",-8.477483099999999,115.43871349999998,ChIJe1-GR3cQ0i0RynxSR01lk_8
White Goose Hotel,+62 813-3938-2429,"Jl. Pantai Berawa, Tibubeneng, Kec. Kuta Utara, Kabupaten Badung, Bali 80351, Indonesia",http://www.whitegoosehotel.com/,https://maps.google.com/?cid=11048079065443843323&g_mp=Cidnb29nbGUubWFwcy5wbGFjZXMudjEuUGxhY2VzLlNlYXJjaFRleHQQAhgEIAA,4.6,318,OPERATIONAL,hotel,hospitality_business,"Hotels, resorts and beach clubs; expansion and refurbishment client","boutique hotel in Canggu, Bali",-8.6664549,115.13999779999999,ChIJqR8jM11H0i0R-7w18l-pUpk
Wildflower,+62 812-1565-2201,"Jl. Langui Toyaning I Gg. Langui No.45, Ungasan, Kec. Kuta Sel., Kabupaten Badung, Bali 80361, Indonesia",http://greatarc.asia/wildflower,https://maps.google.com/?cid=18270204285803138073&g_mp=Cidnb29nbGUubWFwcy5wbGFjZXMudjEuUGxhY2VzLlNlYXJjaFRleHQQAhgEIAA,4.7,15,OPERATIONAL,lodging,hospitality_business,"Hotels, resorts and beach clubs; expansion and refurbishment client","boutique hotel in Ungasan, Bali",-8.8244167,115.1598056,ChIJ_aleDgBb0i0RGYwdjf_NjP0
ALEX VILLAS INDONESIA - Property Management in Bali,+62 821-1215-9481,"Jl. Munduk Kalampuak, Canggu, Kec. Kuta Utara, Kabupaten Badung, Bali 80361, Indonesia",http://rent.alexvillasgroup.com/,https://maps.google.com/?cid=18254276245366837481&g_mp=Cidnb29nbGUubWFwcy5wbGFjZXMudjEuUGxhY2VzLlNlYXJjaFRleHQQAhgEIAA,4.1,45,OPERATIONAL,service,property_developer,Builds villa/resort projects; direct client for construction contracts,"villa developer in Canggu, Bali",-8.646940899999999,115.1437241,ChIJ0zyIhi9H0i0R6RDxpIc3VP0
ARCHESTET VILLAS,+62 811-3702-251,"Jl. Pantai Berawa, Tibubeneng, Kec. Kuta Utara, Kabupaten Badung, Bali 80361, Indonesia",https://archestetvillas.com/,https://maps.google.com/?cid=9450592224612791332&g_mp=Cidnb29nbGUubWFwcy5wbGFjZXMudjEuUGxhY2VzLlNlYXJjaFRleHQQAhgEIAA,4.6,54,OPERATIONAL,service,property_developer,Builds villa/resort projects; direct client for construction contracts,"villa developer in Berawa, Bali",-8.6548385,115.1482403,ChIJ077FMwE50i0RJDQdkY4_J4M
AVALON BALI | Investment & Development | Head Office Canggu,+62 812-4650-2783,"84RQ+MC, Tibubeneng, Kuta Utara, Badung Regency, Bali 80361, Indonesia",https://avalonbali.com/,https://maps.google.com/?cid=9293445367057946429&g_mp=Cidnb29nbGUubWFwcy5wbGFjZXMudjEuUGxhY2VzLlNlYXJjaFRleHQQAhgEIAA,5,9,OPERATIONAL,general_contractor,property_developer,Builds villa/resort projects; direct client for construction contracts,real estate development company in Bali,-8.658313,115.1384638,ChIJGU6V5lg50i0RPRf9klLz-IA
Alex Villas Spa,+62 813-3909-979,"Jl. Pantai Berawa, Tibubeneng, Kec. Kuta Utara, Kabupaten Badung, Bali 80361, Indonesia",https://linktr.ee/alexvillasspa,https://maps.google.com/?cid=8552402351180138615&g_mp=Cidnb29nbGUubWFwcy5wbGFjZXMudjEuUGxhY2VzLlNlYXJjaFRleHQQAhgEIAA,4.9,51,OPERATIONAL,spa,property_developer,Builds villa/resort projects; direct client for construction contracts,"villa developer in Berawa, Bali",-8.6613664,115.147315,ChIJTd983zxH0i0Rd8hONqA8sHY
Alpha Villas Real Estate,+62 822-2160-4636,"Jl. Raya Uluwatu Pecatu No.20X, Pecatu, Kec. Kuta Sel., Kabupaten Badung, Bali 80361, Indonesia",https://alphavillasbali.com/,https://maps.google.com/?cid=714490193082436572&g_mp=Cidnb29nbGUubWFwcy5wbGFjZXMudjEuUGxhY2VzLlNlYXJjaFRleHQQAhgEIAA,3.8,13,OPERATIONAL,general_contractor,property_developer,Builds villa/resort projects; direct client for construction contracts,"villa developer in Berawa, Bali",-8.8360299,115.10086219999998,ChIJZ7LmpsRb0i0R3Mstigth6gk
Amara Estate,+62 818-726-272,"Jl. Tunjung Sari No.9, Padangsambian Kaja, Kec. Denpasar Bar., Kota Denpasar, Bali 80117, Indonesia",https://amaraestate.com/,https://maps.google.com/?cid=15037168466040729204&g_mp=Cidnb29nbGUubWFwcy5wbGFjZXMudjEuUGxhY2VzLlNlYXJjaFRleHQQAhgEIAA,4.5,8,OPERATIONAL,general_contractor,property_developer,Builds villa/resort projects; direct client for construction contracts,property developer in Bali,-8.647100199999999,115.1832079,ChIJ-9SrfwA50i0RdC4QrgzBrtA
Amaterasu Villa Bali,+230 5253 3044,"Jl. Pantai Batu Mejan No.18i, Canggu, Kec. Kuta Utara, Kabupaten Badung, Bali 80351, Indonesia",,https://maps.google.com/?cid=7920203609587745690&g_mp=Cidnb29nbGUubWFwcy5wbGFjZXMudjEuUGxhY2VzLlNlYXJjaFRleHQQAhgEIAA,,,OPERATIONAL,service,property_developer,Builds villa/resort projects; direct client for construction contracts,"villa developer in Canggu, Bali",-8.6432069,115.13995389999998,ChIJp1s4MlE50i0RmoM-Sjg36m0
Arvana Bali,+62 811-3851-113,"Jalan Uma Dukuh No.1, Baturiti, Kec. Kerambitan, Kabupaten Tabanan, Bali 82161, Indonesia",https://www.arvanabali.com/,https://maps.google.com/?cid=3273082842044677016&g_mp=Cidnb29nbGUubWFwcy5wbGFjZXMudjEuUGxhY2VzLlNlYXJjaFRleHQQAhgEIAA,5,1,OPERATIONAL,general_contractor,property_developer,Builds villa/resort projects; direct client for construction contracts,property developer in Bali,-8.533111,115.08380149999999,ChIJbTJsmR__lQ4RmLt_2IBTbC0
Astamana Villas Bali,+62 361 8484308,"Jalan Veteran No.84 Pererenan, Canggu , Buduk, Jl. Veteran No.84, Buduk, Kec. Mengwi, Kabupaten Badung, Bali 80351, Indonesia",,https://maps.google.com/?cid=12500142322792302699&g_mp=Cidnb29nbGUubWFwcy5wbGFjZXMudjEuUGxhY2VzLlNlYXJjaFRleHQQAhgEIAA,4,129,OPERATIONAL,service,property_developer,Builds villa/resort projects; direct client for construction contracts,"villa developer in Canggu, Bali",-8.6156436,115.15167070000001,ChIJCR7RF_040i0Ra4jcxzZtea0
Aviator Bali Contractor – Villa Construction & Design,+62 857-3754-1750,"Gg. Kana Br. Tegal Gundul No.59, Tibubeneng, Kec. Kuta Utara, Kabupaten Badung, Bali 80363, Indonesia",https://build.aviatorbali.com/,https://maps.google.com/?cid=5713571335054863901&g_mp=Cidnb29nbGUubWFwcy5wbGFjZXMudjEuUGxhY2VzLlNlYXJjaFRleHQQAhgEIAA,5,11,OPERATIONAL,general_contractor,property_developer,Builds villa/resort projects; direct client for construction contracts,"villa developer in Canggu, Bali",-8.6616166,115.1421273,ChIJH3hTpJtH0i0RHa7MgNuuSk8
BALI BEST Property,+62 822-3797-7339,"Jl. Raya Kesambi No.369, Kerobokan, Kec. Kuta Utara, Kabupaten Badung, Bali 80361, Indonesia",,https://maps.google.com/?cid=10973654465073919843&g_mp=Cidnb29nbGUubWFwcy5wbGFjZXMudjEuUGxhY2VzLlNlYXJjaFRleHQQAhgEIAA,4.1,7,OPERATIONAL,general_contractor,property_developer,Builds villa/resort projects; direct client for construction contracts,property developer in Bali,-8.6533149,115.17257359999999,ChIJq-l6oVhH0i0RYzecVphASpg
BALI CREATIVE DEVELOPMENT,+62 821-4521-0013,"Jl. Raya Padonan, Canggu, Kec. Kuta Utara, Kabupaten Badung, Bali 80351, Indonesia",http://balicreativedevelopment.com/,https://maps.google.com/?cid=2492418301682787716&g_mp=Cidnb29nbGUubWFwcy5wbGFjZXMudjEuUGxhY2VzLlNlYXJjaFRleHQQAhgEIAA,5,22,OPERATIONAL,service,property_developer,Builds villa/resort projects; direct client for construction contracts,property developer in Bali,-8.632678,115.1602503,ChIJcRx4nZ1H0i0RhCV8bz3ZliI
BREIG Property,+62 853-3373-5583,"Jl. Tengah II No.8, Kerobokan, Kec. Kuta Utara, Kabupaten Badung, Bali 80361, Indonesia",http://www.breig-property.com/,https://maps.google.com/?cid=1828487671372819940&g_mp=Cidnb29nbGUubWFwcy5wbGFjZXMudjEuUGxhY2VzLlNlYXJjaFRleHQQAhgEIAA,4.5,136,OPERATIONAL,general_contractor,property_developer,Builds villa/resort projects; direct client for construction contracts,property developer in Bali,-8.6479289,115.1598337,ChIJ_0l8vyY50i0R5K1bcNkXYBk
BREIG Property Office Bali,+62 813-3776-8228,"Shortcut, Canggu, Canggu, Jl. Anggrek, Tibubeneng, Kuta Utara, Badung Regency, Bali 80361, Indonesia",http://breig-property.com/,https://maps.google.com/?cid=1370338933280532908&g_mp=Cidnb29nbGUubWFwcy5wbGFjZXMudjEuUGxhY2VzLlNlYXJjaFRleHQQAhgEIAA,4.7,58,OPERATIONAL,general_contractor,property_developer,Builds villa/resort projects; direct client for construction contracts,property developer in Bali,-8.652869200000001,115.13836359999999,ChIJA3Y6cwA50i0RrOkS3P9rBBM
Bali Bliss Properties,+62 821-3571-4090,"Jl. Pantai Berawa, Canggu, Kec. Kuta Utara, Kabupaten Badung, Bali 80361, Indonesia",https://balibliss.properties/,https://maps.google.com/?cid=2277611093010025383&g_mp=Cidnb29nbGUubWFwcy5wbGFjZXMudjEuUGxhY2VzLlNlYXJjaFRleHQQAhgEIAA,5,6,OPERATIONAL,general_contractor,property_developer,Builds villa/resort projects; direct client for construction contracts,"villa developer in Berawa, Bali",-8.6490666,115.14937250000001,ChIJmXtRDEc50i0Rpwtaxzizmx8
Bali Dream Living Real Estate,+62 822-4798-6996,"Jl. Pantai Suluban, Pecatu, Kec. Kuta Sel., Uluwatu, Bali 80361, Indonesia",http://www.balidreamliving.com/,https://maps.google.com/?cid=5061728987850862754&g_mp=Cidnb29nbGUubWFwcy5wbGFjZXMudjEuUGxhY2VzLlNlYXJjaFRleHQQAhgEIAA,4.8,25,OPERATIONAL,real_estate_agency,property_developer,Builds villa/resort projects; direct client for construction contracts,real estate development company in Bali,-8.819381,115.0898435,ChIJ45c-2AdP0i0RovAlPrLfPkY
Bali Exception Real Estate and Legal Agency,+62 813-9959-4112,"Umalas, Jl. Bumbak Dauh Jl. Umalas No.88, Kerobokan, Kec. Kuta Utara, Kabupaten Badung, Bali 80361, Indonesia",https://baliexception.com/,https://maps.google.com/?cid=9584519415442910189&g_mp=Cidnb29nbGUubWFwcy5wbGFjZXMudjEuUGxhY2VzLlNlYXJjaFRleHQQAhgEIAA,4.8,167,OPERATIONAL,service,property_developer,Builds villa/resort projects; direct client for construction contracts,property developer in Bali,-8.6562106,115.1521316,ChIJoYjJ_Qs50i0R7StPnKANA4U
Bali Home Base - Real Estate Agency,+62 811-317-150,"Jl. Desa Cepaka, Cepaka, Kec. Kediri, Kabupaten Tabanan, Bali 82121, Indonesia",https://www.balihomebase.com/,https://maps.google.com/?cid=16664229263162053476&g_mp=Cidnb29nbGUubWFwcy5wbGFjZXMudjEuUGxhY2VzLlNlYXJjaFRleHQQAhgEIAA,5,30,OPERATIONAL,finance,property_developer,Builds villa/resort projects; direct client for construction contracts,property developer in Bali,-8.6051348,115.1443671,ChIJDZD6u_050i0RZJNxVjk8Q-c
Bali Home Immo Property - Head Office,+62 821-9435-9401,"Jl. Pantai Berawa No.18, Tibubeneng, Kec. Kuta Utara, Kabupaten Badung, Bali 80361, Indonesia",https://www.bali-home-immo.com/,https://maps.google.com/?cid=2304265394858071108&g_mp=Cidnb29nbGUubWFwcy5wbGFjZXMudjEuUGxhY2VzLlNlYXJjaFRleHQQAhgEIAA,4.8,376,OPERATIONAL,real_estate_agency,property_developer,Builds villa/resort projects; direct client for construction contracts,property developer in Bali,-8.6546729,115.14796240000001,ChIJI5I4n35H0i0RRJS9CCtl-h8
Bali Invest,+62 811-3960-3136,"84RX+R5J, Gg. Batu Sari No.6, Tibubeneng, Kec. Kuta Utara, Kabupaten Badung, Bali 80361, Indonesia",http://baliinvest.com/,https://maps.google.com/?cid=14972452451129150500&g_mp=Cidnb29nbGUubWFwcy5wbGFjZXMudjEuUGxhY2VzLlNlYXJjaFRleHQQAhgEIAA,4.8,64,OPERATIONAL,finance,property_developer,Builds villa/resort projects; direct client for construction contracts,property developer in Bali,-8.6579214,115.1478923,ChIJa_gcxRRH0i0RJMz6RS3WyM8
Bali Luxury Management,+62 882-4565-1327,"Jl. Raya Babakan Canggu No.5, Canggu, Kec. Kuta Utara, Kabupaten Badung, Bali 80261, Indonesia",https://www.baliluxurymanagement.com/,https://maps.google.com/?cid=10839564848896443679&g_mp=Cidnb29nbGUubWFwcy5wbGFjZXMudjEuUGxhY2VzLlNlYXJjaFRleHQQAhgEIAA,4.8,30,OPERATIONAL,service,property_developer,Builds villa/resort projects; direct client for construction contracts,real estate development company in Bali,-8.6334182,115.1487516,ChIJA_D8g8w50i0RH4VIsszebZY
Bali Management Villas,+62 878-6185-4989,"Jl. Raya Kerobokan No.5x, Kerobokan Kelod, Kec. Kuta Utara, Kabupaten Badung, Bali 80361, Indonesia",https://balimanagement.villas/,https://maps.google.com/?cid=9715603027793694834&g_mp=Cidnb29nbGUubWFwcy5wbGFjZXMudjEuUGxhY2VzLlNlYXJjaFRleHQQAhgEIAA,4.7,250,OPERATIONAL,service,property_developer,Builds villa/resort projects; direct client for construction contracts,property developer in Bali,-8.663180400000002,115.1671403,ChIJFYixMF1H0i0RclBacnrB1IY
Bali Properties,+62 812-6286-5777,"Jl. Pulau Ayu No.27, Dauh Puri Kauh, Kec. Denpasar Bar., Kota Denpasar, Bali 80113, Indonesia",https://baliproperties.id/,https://maps.google.com/?cid=7223523791590648314&g_mp=Cidnb29nbGUubWFwcy5wbGFjZXMudjEuUGxhY2VzLlNlYXJjaFRleHQQAhgEIAA,5,3,OPERATIONAL,service,property_developer,Builds villa/resort projects; direct client for construction contracts,property developer in Bali,-8.6835005,115.20223179999998,ChIJUaQGVCVB0i0R-ulX2J0cP2Q
Bali Realty,+62 361 8475977,"Jl. Sunset Road No.7X, Seminyak, Kec. Kuta, Kabupaten Badung, Bali 80361, Indonesia",https://www.balirealty.com/,https://maps.google.com/?cid=880253480065540665&g_mp=Cidnb29nbGUubWFwcy5wbGFjZXMudjEuUGxhY2VzLlNlYXJjaFRleHQQAhgEIAA,4.9,296,OPERATIONAL,service,property_developer,Builds villa/resort projects; direct client for construction contracts,property developer in Bali,-8.683389,115.1672645,ChIJPZ3bMKRH0i0ROaKbV-BJNww
Bali Treasure Properties,+62 851-0015-2013,"Brawa, Jl. Subak Sari No.2c, Canggu, Kec. Kuta Utara, Kabupaten Badung, Bali 80361, Indonesia",https://www.balitreasureproperties.com/,https://maps.google.com/?cid=1332389101044155263&g_mp=Cidnb29nbGUubWFwcy5wbGFjZXMudjEuUGxhY2VzLlNlYXJjaFRleHQQAhgEIAA,4.9,128,OPERATIONAL,service,property_developer,Builds villa/resort projects; direct client for construction contracts,property developer in Bali,-8.6694957,115.14627399999999,ChIJD8B9zXZH0i0Rf8NW_tOYfRI
Bali Villa Projects,+62 817-7923-3385,"Perum Buana Asri Jl. Raya Dawas No.11, Tibubeneng, Kec. Kuta Utara, Kabupaten Badung, Bali 80361, Indonesia",,https://maps.google.com/?cid=11524983055300336946&g_mp=Cidnb29nbGUubWFwcy5wbGFjZXMudjEuUGxhY2VzLlNlYXJjaFRleHQQAhgEIAA,5,1,OPERATIONAL,service,property_developer,Builds villa/resort projects; direct client for construction contracts,"villa developer in Berawa, Bali",-8.6290915,115.16328790000001,ChIJz7tWAAA50i0RMp2S3Qb38J8
Balinest Villas Management and Development,+62 812-3667-6828,"Jl. Padang Lingjong, Canggu, Kec. Kuta Utara, Kabupaten Badung, Bali 80361, Indonesia",https://balinestvillas.com/,https://maps.google.com/?cid=5477926511900327336&g_mp=Cidnb29nbGUubWFwcy5wbGFjZXMudjEuUGxhY2VzLlNlYXJjaFRleHQQAhgEIAA,4.8,274,OPERATIONAL,service,property_developer,Builds villa/resort projects; direct client for construction contracts,property developer in Bali,-8.6363773,115.14332309999999,ChIJX0eMWdw50i0RqH2DpyOBBUw
Balitecture,+62 823-1360-0632,"Jl. Pemelisan Agung, Tibubeneng, Kec. Kuta Utara, Kabupaten Badung, Bali 80361, Indonesia",https://www.balitecture.com/,https://maps.google.com/?cid=14237150936274927558&g_mp=Cidnb29nbGUubWFwcy5wbGFjZXMudjEuUGxhY2VzLlNlYXJjaFRleHQQAhgEIAA,4.9,184,OPERATIONAL,general_contractor,property_developer,Builds villa/resort projects; direct client for construction contracts,property developer in Bali,-8.659765,115.13762969999999,ChIJuY5JjE9H0i0Rxn9JSliFlMU
Balizen Property Group,+62 812-3962-2639,"f79c+8m9 kawan banjar teges kawan, Jl. Raya Teges, Mas, Kecamatan Ubud, Kabupaten Gianyar, Bali 80571, Indonesia",http://www.balizenproperty.com/,https://maps.google.com/?cid=15723951131805035378&g_mp=Cidnb29nbGUubWFwcy5wbGFjZXMudjEuUGxhY2VzLlNlYXJjaFRleHQQAhgEIAA,5,11,OPERATIONAL,general_contractor,property_developer,Builds villa/resort projects; direct client for construction contracts,property developer in Bali,-8.5316875,115.2716875,ChIJASGAczg90i0RcivXzD6yNto
Batuluna | Luxury Villas | Bali,+62 813-3785-6408,"643H+WFG, Jimbaran, Kuta, Badung Regency, Bali 80361, Indonesia",https://batuluna.com/,https://maps.google.com/?cid=8492969166312273258&g_mp=Cidnb29nbGUubWFwcy5wbGFjZXMudjEuUGxhY2VzLlNlYXJjaFRleHQQAhgEIAA,5,2,OPERATIONAL,general_contractor,property_developer,Builds villa/resort projects; direct client for construction contracts,property developer in Bali,-8.795187499999999,115.1286875,ChIJEdH9pOlF0i0RanVjhnUW3XU
Baza development,+62 821-4749-0092,"85JG+WR7, Padangsambian Klod, Denpasar Barat, Denpasar City, Bali 80931, Indonesia",https://balibaza.com/,https://maps.google.com/?cid=16658513568715392220&g_mp=Cidnb29nbGUubWFwcy5wbGFjZXMudjEuUGxhY2VzLlNlYXJjaFRleHQQAhgEIAA,5,1,OPERATIONAL,general_contractor,property_developer,Builds villa/resort projects; direct client for construction contracts,property developer in Bali,-8.6676875,115.17706249999999,ChIJv7jV1chH0i0R3EROhdTtLuc
Bendega Villas,+62 361 737498,"Jl. Nelayan No.27A, Canggu, Kec. Kuta, Kabupaten Badung, Bali, Indonesia",https://www.elitehavens.com/bendega-villas-complex-villa/canggu-bali-indonesia.aspx?utm_source=google&utm_medium=organic&utm_campaign=gmb-listing,https://maps.google.com/?cid=11987679121912862084&g_mp=Cidnb29nbGUubWFwcy5wbGFjZXMudjEuUGxhY2VzLlNlYXJjaFRleHQQAhgEIAA,4.8,44,OPERATIONAL,service,property_developer,Builds villa/resort projects; direct client for construction contracts,"villa developer in Canggu, Bali",-8.6558913,115.13356300000001,ChIJS0woPodH0i0RhJX73qXKXKY
Berawa Villas by Coleva,+62 811-1221-6267,"Jl. Pemelisan Agung Gg. Anggrek No.4, Tibubeneng, Kec. Kuta Utara, Kabupaten Badung, Bali 80361, Indonesia",https://coleva.asia/stays/,https://maps.google.com/?cid=7744187616234965824&g_mp=Cidnb29nbGUubWFwcy5wbGFjZXMudjEuUGxhY2VzLlNlYXJjaFRleHQQAhgEIAA,5,6,OPERATIONAL,lodging,property_developer,Builds villa/resort projects; direct client for construction contracts,"villa developer in Berawa, Bali",-8.6582026,115.13859380000001,ChIJQcTLUihH0i0RQAuqQ5vheGs
Canggu Hills,+62 822-788-188,"Jl. Raya Canggu No.99, Pererenan, Kec. Mengwi, Kabupaten Badung, Bali 80351, Indonesia",https://thecangguhills.com/,https://maps.google.com/?cid=7815534617646910778&g_mp=Cidnb29nbGUubWFwcy5wbGFjZXMudjEuUGxhY2VzLlNlYXJjaFRleHQQAhgEIAA,4.9,16,OPERATIONAL,general_contractor,property_developer,Builds villa/resort projects; direct client for construction contracts,"villa developer in Canggu, Bali",-8.632701800000001,115.1363612,ChIJwf6dlJI50i0ROs2chlNbdmw
Canggutopia Villas,+62 821-3877-6508,"Jl. Canggu Padang Linjong No.85, Canggu, Kec. Kuta Utara, Kabupaten Badung, Bali 80351, Indonesia",https://www.alfredinbali.com/property/villa-canggutopia-canggu-monthly/,https://maps.google.com/?cid=17169963002486598572&g_mp=Cidnb29nbGUubWFwcy5wbGFjZXMudjEuUGxhY2VzLlNlYXJjaFRleHQQAhgEIAA,4.3,21,OPERATIONAL,lodging,property_developer,Builds villa/resort projects; direct client for construction contracts,"villa developer in Canggu, Bali",-8.646443699999999,115.1318523,ChIJaVJb9OA50i0RrCvQYWH2R-4
ConstruX Bali - Integrated Construction and Developer Partner,+62 811-3701-327,"Teratai The Promenade, Blok P2, Canggu, Kec. Kuta Utara, Kabupaten Badung, Bali 80351, Indonesia",http://www.construx.co.id/,https://maps.google.com/?cid=9764258573434463125&g_mp=Cidnb29nbGUubWFwcy5wbGFjZXMudjEuUGxhY2VzLlNlYXJjaFRleHQQAhgEIAA,4.6,9,OPERATIONAL,,property_developer,Builds villa/resort projects; direct client for construction contracts,real estate development company in Bali,-8.6439278,115.1422893,ChIJFSGyfgA50i0RlaOfdHCdgYc
DEVATHA PROPERTY,+62 813-3526-8787,"Gg. Pandan III No.4, Padangsambian Klod, Kec. Denpasar Bar., Kota Denpasar, Bali 80117, Indonesia",http://www.devathabaliproperty.com/,https://maps.google.com/?cid=17168495590370931370&g_mp=Cidnb29nbGUubWFwcy5wbGFjZXMudjEuUGxhY2VzLlNlYXJjaFRleHQQAhgEIAA,4.7,12,OPERATIONAL,real_estate_agency,property_developer,Builds villa/resort projects; direct client for construction contracts,real estate development company in Bali,-8.6644924,115.17546890000001,ChIJlZOOaiBH0i0RqnLr38a_Qu4
Dame Villas,+62 877-7688-5168,"Jl. Lalang Ambu, Jimbaran, Kec. Kuta Sel., Kabupaten Badung, Bali 80361, Indonesia",,https://maps.google.com/?cid=8626043854721943482&g_mp=Cidnb29nbGUubWFwcy5wbGFjZXMudjEuUGxhY2VzLlNlYXJjaFRleHQQAhgEIAA,5,3,OPERATIONAL,general_contractor,property_developer,Builds villa/resort projects; direct client for construction contracts,"villa developer in Berawa, Bali",-8.8061648,115.14533879999999,ChIJ88NnmntF0i0Ruoek4S7dtXc
Dharman Villa Estate,+62 812-3693-0090,"9593+8J7, Jl. Kayu Tulang Perum Puri Sambandha, Tibubeneng, Kec. Kuta Utara, Kabupaten Badung, Bali 80361, Indonesia",,https://maps.google.com/?cid=14094997833916135016&g_mp=Cidnb29nbGUubWFwcy5wbGFjZXMudjEuUGxhY2VzLlNlYXJjaFRleHQQAhgEIAA,4.1,32,OPERATIONAL,general_contractor,property_developer,Builds villa/resort projects; direct client for construction contracts,property developer in Bali,-8.631129699999999,115.1542489,ChIJCwKwc1E50i0RaLZ4-Nl9m8M
Discovery Property Bali,+62 823-4006-8758,"Jl. Sunset Road No.88, Seminyak, Kec. Kuta Utara, Kabupaten Badung, Bali 80361, Indonesia",http://www.discoveryproperty.id/,https://maps.google.com/?cid=4020138274837962991&g_mp=Cidnb29nbGUubWFwcy5wbGFjZXMudjEuUGxhY2VzLlNlYXJjaFRleHQQAhgEIAA,5,17,OPERATIONAL,real_estate_agency,property_developer,Builds villa/resort projects; direct client for construction contracts,real estate development company in Bali,-8.690504299999999,115.1725417,ChIJVbbnIlRH0i0R7yCrG3Zmyjc
Dreamscape Property Investment & Development,+62 853-3355-4140,"Jl. Made Bulet No.46, Dalung, Kec. Kuta Utara, Kabupaten Badung, Bali 80363, Indonesia",https://www.dreamscapebali.com/,https://maps.google.com/?cid=5578672873867105541&g_mp=Cidnb29nbGUubWFwcy5wbGFjZXMudjEuUGxhY2VzLlNlYXJjaFRleHQQAhgEIAA,5,7,OPERATIONAL,consultant,property_developer,Builds villa/resort projects; direct client for construction contracts,property developer in Bali,-8.6154748,115.17235500000001,ChIJIaUyfno50i0RBdX09Gtta00
Dura Villas Bali,+62 361 8446209,"Jl. Pengubugan Banjar Silayukti No.88, Canggu, Kerobokan, Kec. Kuta Utara, Kabupaten Badung, Bali 80361, Indonesia",http://www.duravillasbali.com/,https://maps.google.com/?cid=4508376003883240772&g_mp=Cidnb29nbGUubWFwcy5wbGFjZXMudjEuUGxhY2VzLlNlYXJjaFRleHQQAhgEIAA,4.7,247,OPERATIONAL,service,property_developer,Builds villa/resort projects; direct client for construction contracts,"villa developer in Canggu, Bali",-8.6505649,115.16712779999999,ChIJxYuauqE40i0RRA1b0Rb4kD4
Elper Development,+62 878-1766-4849,"Jl. Pantai Berawa No.150, Canggu, Tibubeneng, Kec. Kuta Utara, Kabupaten Badung 84PW+PP3 Tibubeneng, 2nd floor, Canggu, Kec. Kuta Utara, Kabupaten Badung, Bali 80361, Indonesia",https://www.elperdevelopment.com/,https://maps.google.com/?cid=13497350731740197217&g_mp=Cidnb29nbGUubWFwcy5wbGFjZXMudjEuUGxhY2VzLlNlYXJjaFRleHQQAhgEIAA,5,10,OPERATIONAL,general_contractor,property_developer,Builds villa/resort projects; direct client for construction contracts,property developer in Bali,-8.649316899999999,115.14964309999999,ChIJWWU0zEhH0i0RYbE7fvo4ULs
Frangipani Villas at Berawa,+62 813-3879-8877,"Gg. Kamboja, Tibubeneng, Kec. Kuta Utara, Kabupaten Badung, Bali 80361, Indonesia",https://frangipanivillasatberawa.com/,https://maps.google.com/?cid=15459873769535984466&g_mp=Cidnb29nbGUubWFwcy5wbGFjZXMudjEuUGxhY2VzLlNlYXJjaFRleHQQAhgEIAA,4.9,173,OPERATIONAL,service,property_developer,Builds villa/resort projects; direct client for construction contracts,"villa developer in Berawa, Bali",-8.6595569,115.1362429,ChIJjwZiSIFH0i0RUlOSkUiBjNY
Golden Hour Villas,+62 821-3574-4040,"Gg. Yogya, Kerobokan Kaja, Kerobokan, Kec. Kuta Utara, Kabupaten Badung, Bali 80361, Indonesia",https://www.ascendbali.com/,https://maps.google.com/?cid=3430937517219168446&g_mp=Cidnb29nbGUubWFwcy5wbGFjZXMudjEuUGxhY2VzLlNlYXJjaFRleHQQAhgEIAA,5,5,OPERATIONAL,general_contractor,property_developer,Builds villa/resort projects; direct client for construction contracts,"villa developer in Berawa, Bali",-8.6432257,115.16884789999999,ChIJI5bxxG_WAk0RvsBoeH4jnS8
"Gravity Bali - Villa Management, Marketing & Investment",+62 813-5370-4430,"Jl. Mertanadi No.39, Kerobokan Kelod, Kec. Kuta Utara, Kabupaten Badung, Bali 80361, Indonesia",http://www.gravitybali.com/,https://maps.google.com/?cid=9546992309160847231&g_mp=Cidnb29nbGUubWFwcy5wbGFjZXMudjEuUGxhY2VzLlNlYXJjaFRleHQQAhgEIAA,5,145,OPERATIONAL,service,property_developer,Builds villa/resort projects; direct client for construction contracts,property developer in Bali,-8.6790778,115.16750049999999,ChIJ_7qHZOZH0i0RfyfrTOy6fYQ
Greywoods Villa Design & Construction Company Bali,+62 877-7077-7050,"Jl. Pantai Berawa, Tibubeneng, Kec. Kuta Utara, Kabupaten Badung, Bali 80361, Indonesia",http://greywoods.pro/,https://maps.google.com/?cid=7486362746466864841&g_mp=Cidnb29nbGUubWFwcy5wbGFjZXMudjEuUGxhY2VzLlNlYXJjaFRleHQQAhgEIAA,4.6,24,OPERATIONAL,general_contractor,property_developer,Builds villa/resort projects; direct client for construction contracts,property developer in Bali,-8.650663,115.14913189999999,ChIJ-f6rXL850i0RyQ7g4kDn5Gc
ILOT PROPERTY BALI - Head Office,+62 877-6604-5736,"Gg. Sri Kahyangan, Tibubeneng, Kec. Kuta Utara, Kabupaten Badung, Bali, Indonesia",https://ilotpropertybali.com/,https://maps.google.com/?cid=17715524036221931323&g_mp=Cidnb29nbGUubWFwcy5wbGFjZXMudjEuUGxhY2VzLlNlYXJjaFRleHQQAhgEIAA,4.8,25,OPERATIONAL,general_contractor,property_developer,Builds villa/resort projects; direct client for construction contracts,property developer in Bali,-8.6647369,115.14217640000001,ChIJ6ZL9mKxH0i0ROw_nBEAv2vU
Investland Bali Properties,+372 5683 2434,"Jl. Pantai Berawa No.150 c, Canggu, Kec. Kuta Utara, Kabupaten Badung, Bali 80361, Indonesia",https://investlandbali.com/,https://maps.google.com/?cid=9759028176400190715&g_mp=Cidnb29nbGUubWFwcy5wbGFjZXMudjEuUGxhY2VzLlNlYXJjaFRleHQQAhgEIAA,4.9,52,OPERATIONAL,general_contractor,property_developer,Builds villa/resort projects; direct client for construction contracts,property developer in Bali,-8.6497127,115.1493126,ChIJUajBNvk50i0R-4xcv2sIb4c
Kaluna Development,+62 882-1162-5094,"Jl. Beraban No.72, Kerobokan Kelod, Kec. Kuta Utara, Kabupaten Badung, Bali 80361, Indonesia",https://kalunadevelopment.com/,https://maps.google.com/?cid=12994002434636117392&g_mp=Cidnb29nbGUubWFwcy5wbGFjZXMudjEuUGxhY2VzLlNlYXJjaFRleHQQAhgEIAA,5,2,OPERATIONAL,general_contractor,property_developer,Builds villa/resort projects; direct client for construction contracts,property developer in Bali,-8.681468599999999,115.16033119999999,ChIJPx7OnKFH0i0RkPULf174U7Q
Kharista Villas & Retreat - by Ekosistem,+62 361 9092165,"Jl. Pantai Batu Mejan No.21, Canggu, Kec. Kuta Utara, Kabupaten Badung, Bali 80351, Indonesia",http://kharistacanggu.com/,https://maps.google.com/?cid=11747913583211249841&g_mp=Cidnb29nbGUubWFwcy5wbGFjZXMudjEuUGxhY2VzLlNlYXJjaFRleHQQAhgEIAA,4.7,174,OPERATIONAL,service,property_developer,Builds villa/resort projects; direct client for construction contracts,"villa developer in Canggu, Bali",-8.641904499999999,115.1378183,ChIJj8WAPmI40i0RsQBLKyn5CKM
Krisna Loka Property,+62 811-3866-280,"Jl. Jaya Giri Gg. XIX No.A/B3, Renon, Kec. Denpasar Tim., Kota Denpasar, Bali 80361, Indonesia",https://krisnaloka.com/,https://maps.google.com/?cid=10824477853843802073&g_mp=Cidnb29nbGUubWFwcy5wbGFjZXMudjEuUGxhY2VzLlNlYXJjaFRleHQQAhgEIAA,4.7,92,OPERATIONAL,general_contractor,property_developer,Builds villa/resort projects; direct client for construction contracts,property developer in Bali,-8.661019999999999,115.22719699999999,ChIJw5EDHeZB0i0R2Udx7UFFOJY
LEYLINES Bingin Office,+852 5448 1059,"Jl. Bangbang Metuug Jl. Buana Sari No.Br, Pecatu, Kec. Kuta Sel., Kabupaten Badung, Bali 80361, Indonesia",http://www.leylines.com/,https://maps.google.com/?cid=2839966177487320607&g_mp=Cidnb29nbGUubWFwcy5wbGFjZXMudjEuUGxhY2VzLlNlYXJjaFRleHQQAhgEIAA,5,13,OPERATIONAL,general_contractor,property_developer,Builds villa/resort projects; direct client for construction contracts,property developer in Bali,-8.8074586,115.1182559,ChIJFbMcKwBF0i0RH3ZBDzGWaSc
La Numa Villas Canggu,+62 361 9074415,"Jl. Pantai Batu Mejan, Canggu, Kec. Kuta Utara, Kabupaten Badung, Bali 80361, Indonesia",https://www.lanumavillas.com/,https://maps.google.com/?cid=16361057156352835589&g_mp=Cidnb29nbGUubWFwcy5wbGFjZXMudjEuUGxhY2VzLlNlYXJjaFRleHQQAhgEIAA,4.3,121,OPERATIONAL,service,property_developer,Builds villa/resort projects; direct client for construction contracts,"villa developer in Canggu, Bali",-8.6539574,115.1264262,ChIJfcfaDTBH0i0RBQBGkswmDuM
La Terra Villas Canggu Bali,+62 818-1888-8804,"resort villas, Jl.Subak Sari, Discovery Canggu A7, Tibubeneng, Kuta Utara, Badung Regency, Bali 80361, Indonesia",http://www.laterravillas.com/,https://maps.google.com/?cid=8223854613706433007&g_mp=Cidnb29nbGUubWFwcy5wbGFjZXMudjEuUGxhY2VzLlNlYXJjaFRleHQQAhgEIAA,3.8,11,OPERATIONAL,service,property_developer,Builds villa/resort projects; direct client for construction contracts,"villa developer in Canggu, Bali",-8.6671779,115.1426766,ChIJdVnxWMBH0i0R7-FtBjMAIXI
"La isla Villas, Canggu",+62 818-0568-1399,"Gg. Strawberry No.2, Canggu, Kec. Kuta Utara, Kabupaten Badung, Bali 80361, Indonesia",https://www.hotelscanggu.com/la-isla-villas-bali/,https://maps.google.com/?cid=13817196490850235893&g_mp=Cidnb29nbGUubWFwcy5wbGFjZXMudjEuUGxhY2VzLlNlYXJjaFRleHQQAhgEIAA,4.7,52,OPERATIONAL,service,property_developer,Builds villa/resort projects; direct client for construction contracts,"villa developer in Canggu, Bali",-8.656608,115.14209199999999,ChIJdV55hjNH0i0R9fXmdACLwL8
Lalasa Villas,+62 811-3805-100,"Jl. Pemelisan Agung Pantai Berawa No.12 Canggu Kuta, Tibubeneng, Kec. Kuta Utara, Kabupaten Badung, Bali 80361, Indonesia",http://www.lalasavillas.com/,https://maps.google.com/?cid=16101740943137583461&g_mp=Cidnb29nbGUubWFwcy5wbGFjZXMudjEuUGxhY2VzLlNlYXJjaFRleHQQAhgEIAA,4.7,393,OPERATIONAL,service,property_developer,Builds villa/resort projects; direct client for construction contracts,"villa developer in Canggu, Bali",-8.6601448,115.13705440000001,ChIJQdr3XIFH0i0RZTEUvRPgdN8
Leaf Villas on Berawa Beach,+62 821-8983-1478,"Jl. Subak Sari 13 Gg. Beji No.13, Tibubeneng, Kec. Kuta Utara, Kabupaten Badung, Bali 80361, Indonesia",https://www.leaf-bali.com/,https://maps.google.com/?cid=10915700391163016411&g_mp=Cidnb29nbGUubWFwcy5wbGFjZXMudjEuUGxhY2VzLlNlYXJjaFRleHQQAhgEIAA,4.5,25,OPERATIONAL,service,property_developer,Builds villa/resort projects; direct client for construction contracts,"villa developer in Berawa, Bali",-8.6677007,115.14474849999999,ChIJbx5mFEhH0i0R2zTdAaxbfJc
Libertas Luxury Villas,+62 823-2288-8090,"Tibubeneng, Kuta Utara, Badung Regency, Bali 80361, Indonesia",https://www.instagram.com/p/DM97FurN3DK/?utm_source=ig_web_copy_link&igsh=NTc4MTIwNjQ2YQ==,https://maps.google.com/?cid=16432372197016565238&g_mp=Cidnb29nbGUubWFwcy5wbGFjZXMudjEuUGxhY2VzLlNlYXJjaFRleHQQAhgEIAA,4,2,OPERATIONAL,service,property_developer,Builds villa/resort projects; direct client for construction contracts,"villa developer in Berawa, Bali",-8.6490827,115.1513562,ChIJYyyTCQA50i0R9nUtZHODC-Q
Longitude Investments,+49 160 97332595,"Jl. Petitenget No.19, Seminyak, Kec. Kuta Utara, Kabupaten Badung, Bali 80361, Indonesia",https://longitude-investments.com/,https://maps.google.com/?cid=6870255357914993518&g_mp=Cidnb29nbGUubWFwcy5wbGFjZXMudjEuUGxhY2VzLlNlYXJjaFRleHQQAhgEIAA,5,1,OPERATIONAL,general_contractor,property_developer,Builds villa/resort projects; direct client for construction contracts,property developer in Bali,-8.6728492,115.1596877,ChIJG2wl_ttH0i0RblO_DNkMWF8
Lush Development Group,+62 811-2899-9985,"Jl. Merta Sari No.69, Kerobokan Kelod, Kec. Kuta Utara, Kabupaten Badung, Bali 80361, Indonesia",https://lushdevelopmentgroup.co.id/,https://maps.google.com/?cid=13657899447451805568&g_mp=Cidnb29nbGUubWFwcy5wbGFjZXMudjEuUGxhY2VzLlNlYXJjaFRleHQQAhgEIAA,5,6,OPERATIONAL,general_contractor,property_developer,Builds villa/resort projects; direct client for construction contracts,real estate development company in Bali,-8.670967899999999,115.1723402,ChIJ28O_TgBH0i0RgGdeTy-bir0
Lyvin Berawa Villas,+62 811-3960-2277,"Gg. Strawberry, Tibubeneng, Kec. Kuta Utara, Kabupaten Badung, Bali 80361, Indonesia",https://lyvin.co/berawa,https://maps.google.com/?cid=8616845122575067868&g_mp=Cidnb29nbGUubWFwcy5wbGFjZXMudjEuUGxhY2VzLlNlYXJjaFRleHQQAhgEIAA,5,37,OPERATIONAL,service,property_developer,Builds villa/resort projects; direct client for construction contracts,"villa developer in Berawa, Bali",-8.656462399999999,115.14212389999999,ChIJ25wlpRtH0i0R3OqkJ_wulXc
MARKETING GALLERY Edge Property Bali,+62 822-8686-8335,"Jl. Beringin, Dalung, Kec. Kuta Utara, Kabupaten Badung, Bali 80361, Indonesia",https://www.edgepropertybali.com/,https://maps.google.com/?cid=11848616847334117727&g_mp=Cidnb29nbGUubWFwcy5wbGFjZXMudjEuUGxhY2VzLlNlYXJjaFRleHQQAhgEIAA,5,1,OPERATIONAL,general_contractor,property_developer,Builds villa/resort projects; direct client for construction contracts,property developer in Bali,-8.626059699999999,115.1609026,ChIJT0IfWkw50i0RXxEP-T6-bqQ
ME Villas Pererenan,+62 822-4772-3464,"Jl. Pantai Pererenan No.20, Pererenan, Kec. Mengwi, Kabupaten Badung, Bali 80351, Indonesia",https://mevillasbali.carrd.co/,https://maps.google.com/?cid=17483421247035551704&g_mp=Cidnb29nbGUubWFwcy5wbGFjZXMudjEuUGxhY2VzLlNlYXJjaFRleHQQAhgEIAA,4.9,385,OPERATIONAL,service,property_developer,Builds villa/resort projects; direct client for construction contracts,"villa developer in Pererenan, Bali",-8.634724499999999,115.1332129,ChIJlWmjlBg50i0R2C8SOP6WofI
Magnitude Construction,+62 813-3836-2610,"Jl. Hanoman No.14, Ubud, Kecamatan Ubud, Kabupaten Gianyar, Bali 80571, Indonesia",https://magnitudeconstruction.com/,https://maps.google.com/?cid=6647001403398117211&g_mp=Cidnb29nbGUubWFwcy5wbGFjZXMudjEuUGxhY2VzLlNlYXJjaFRleHQQAhgEIAA,4.3,76,OPERATIONAL,general_contractor,property_developer,Builds villa/resort projects; direct client for construction contracts,property developer in Bali,-8.5176769,115.2633901,ChIJnTMr3h490i0RW1cRH4_kPlw
Magnum Estate International – Real Estate Developer Bali,+62 815-5866-8888,"Jl. Bumbak No.156, Kerobokan, Kec. Kuta Utara, Kabupaten Badung, Bali 80361, Indonesia",https://magnumestate.com/?utm_source=gmb&utm_medium=organic&utm_campaign=gmb,https://maps.google.com/?cid=1047909050971808053&g_mp=Cidnb29nbGUubWFwcy5wbGFjZXMudjEuUGxhY2VzLlNlYXJjaFRleHQQAhgEIAA,4.9,63,OPERATIONAL,general_contractor,property_developer,Builds villa/resort projects; direct client for construction contracts,property developer in Bali,-8.6617882,115.15223429999999,ChIJZ8yqfzBH0i0RNWEX1Lrrig4
Manca Villa Canggu by iNi Vie Hospitality,+62 822-1173-8877,"Gg. Kresna No.8, Canggu, Kec. Kuta Utara, Kabupaten Badung, Bali 80361, Indonesia",http://inivie.com/mancavilla/?utm_source=google&utm_medium=organic&utm_campaign=google_business_profile,https://maps.google.com/?cid=14283997135477620375&g_mp=Cidnb29nbGUubWFwcy5wbGFjZXMudjEuUGxhY2VzLlNlYXJjaFRleHQQAhgEIAA,4.8,374,OPERATIONAL,service,property_developer,Builds villa/resort projects; direct client for construction contracts,"villa developer in Canggu, Bali",-8.6503675,115.15006389999999,ChIJn6ainYM40i0Rlz7XALfzOsY
Manhattan In Canggu Luxury Villa by Mahavilas,+62 813-6542-4999,"Jl. Nelayan No.61, Canggu, Kec. Kuta Utara, Kabupaten Badung, Bali 80361, Indonesia",http://manhattanincanggu.com/,https://maps.google.com/?cid=16724396696610064968&g_mp=Cidnb29nbGUubWFwcy5wbGFjZXMudjEuUGxhY2VzLlNlYXJjaFRleHQQAhgEIAA,4.6,28,OPERATIONAL,service,property_developer,Builds villa/resort projects; direct client for construction contracts,"villa developer in Canggu, Bali",-8.658616,115.1351699,ChIJBTsLTdQ50i0RSMoomC_-GOg
Mayana Villas,+62 812-3689-0531,"Jl. Pantai Berawa, Gg. Arjuna, Tibubeneng, Kuta Utara, Tibubeneng, Kec. Kuta Utara, Canggu, Bali 80361, Indonesia",https://www.mayanavillas.com/,https://maps.google.com/?cid=658310482783090800&g_mp=Cidnb29nbGUubWFwcy5wbGFjZXMudjEuUGxhY2VzLlNlYXJjaFRleHQQAhgEIAA,4.7,70,OPERATIONAL,service,property_developer,Builds villa/resort projects; direct client for construction contracts,"villa developer in Berawa, Bali",-8.650745600000002,115.15031929999999,ChIJGd6GcIQ40i0RcLgzbuXJIgk
Mayfair Place Bali,+62 821-3160-808,"Jl Babakan, Canggu, Kec. Kuta Utara, Kabupaten Badung, Bali 80361, Indonesia",http://mayfairplacebali.com/,https://maps.google.com/?cid=10642529533061508681&g_mp=Cidnb29nbGUubWFwcy5wbGFjZXMudjEuUGxhY2VzLlNlYXJjaFRleHQQAhgEIAA,5,16,OPERATIONAL,service,property_developer,Builds villa/resort projects; direct client for construction contracts,"villa developer in Canggu, Bali",-8.6349865,115.1476599,ChIJYzm3zfo50i0RSS68STncsZM
Mirah Bali Kontruksi. PT,+62 851-0080-0800,"Jl. Raya Anyar No.24, Kerobokan, Kec. Kuta Utara, Kabupaten Badung, Bali 80361, Indonesia",http://www.mirahproperty.com/,https://maps.google.com/?cid=3882852085544672700&g_mp=Cidnb29nbGUubWFwcy5wbGFjZXMudjEuUGxhY2VzLlNlYXJjaFRleHQQAhgEIAA,5,3,OPERATIONAL,general_contractor,property_developer,Builds villa/resort projects; direct client for construction contracts,property developer in Bali,-8.648655500000002,115.16191359999998,ChIJY1hnUaA40i0RvF1GSmap4jU
Mirah Investment & Development - Head Office,+62 851-0080-0800,"Jl. Raya Anyar No.24, Kerobokan, Kec. Kuta Utara, Kabupaten Badung, Bali 80361, Indonesia",https://www.mirahdevelopments.com/,https://maps.google.com/?cid=539271861672940090&g_mp=Cidnb29nbGUubWFwcy5wbGFjZXMudjEuUGxhY2VzLlNlYXJjaFRleHQQAhgEIAA,4.4,149,OPERATIONAL,corporate_office,property_developer,Builds villa/resort projects; direct client for construction contracts,property developer in Bali,-8.648981,115.1621551,ChIJozBL1J440i0ROhJhqObgewc
Miraland Developer Villa Bali,+62 858-5782-6065,"Jl. Pura Tangi No.5, Pecatu, Kec. Kuta Sel., Kabupaten Badung, Bali 80363, Indonesia",http://miraland.id/,https://maps.google.com/?cid=12452381691087070585&g_mp=Cidnb29nbGUubWFwcy5wbGFjZXMudjEuUGxhY2VzLlNlYXJjaFRleHQQAhgEIAA,4.6,25,OPERATIONAL,general_contractor,property_developer,Builds villa/resort projects; direct client for construction contracts,property developer in Bali,-8.828226899999999,115.14054250000001,ChIJ5XKBtJRF0i0ReaXSKCy_z6w
Mitra Land Bali no 168,+62 811-399-161,"Jl. Tukad Balian No.168, Renon, Denpasar Selatan, Kota Denpasar, Bali 80227, Indonesia",,https://maps.google.com/?cid=8219843935910552249&g_mp=Cidnb29nbGUubWFwcy5wbGFjZXMudjEuUGxhY2VzLlNlYXJjaFRleHQQAhgEIAA,5,29,OPERATIONAL,corporate_office,property_developer,Builds villa/resort projects; direct client for construction contracts,property developer in Bali,-8.6937956,115.24229919999999,ChIJ3csbbQBB0i0RueIYVYLAEnI
Mono Property Bali,+62 823-4003-8187,"Jl. Raya Uluwatu No.27x, Ungasan, Uluwatu, Kabupaten Badung, Bali 80361, Indonesia",https://propertybalisale.com/,https://maps.google.com/?cid=11635956725337981648&g_mp=Cidnb29nbGUubWFwcy5wbGFjZXMudjEuUGxhY2VzLlNlYXJjaFRleHQQAhgEIAA,5,7,OPERATIONAL,consultant,property_developer,Builds villa/resort projects; direct client for construction contracts,real estate development company in Bali,-8.8131301,115.15741889999998,ChIJE7AjdG_AOygR0IKW4_04e6E
Neptune Property,+62 819-1578-9030,"Jl. Dukuh Indah Jl. Umalas No.22A, Kerobokan, Kec. Kuta Utara, Kabupaten Badung, Bali 80361, Indonesia",,https://maps.google.com/?cid=2158379899548430717&g_mp=Cidnb29nbGUubWFwcy5wbGFjZXMudjEuUGxhY2VzLlNlYXJjaFRleHQQAhgEIAA,5,10,OPERATIONAL,general_contractor,property_developer,Builds villa/resort projects; direct client for construction contracts,property developer in Bali,-8.6656581,115.15730310000001,ChIJb3DbOqpH0i0RfXHtQhUb9B0
Nila Residence,+62 811-3831-0881,"Jl. Subak Sari, Canggu, Kec. Kuta Utara, Kabupaten Badung, Bali 80361, Indonesia",https://luxsomanagement.com/property/nila-residence/,https://maps.google.com/?cid=14206428253831597241&g_mp=Cidnb29nbGUubWFwcy5wbGFjZXMudjEuUGxhY2VzLlNlYXJjaFRleHQQAhgEIAA,4.9,11,OPERATIONAL,service,property_developer,Builds villa/resort projects; direct client for construction contracts,"villa developer in Canggu, Bali",-8.6635678,115.14819930000002,ChIJkdNluhhH0i0RuYy0XDpfJ8U
Nusantara Villas Pererenan,+62 823-4184-5307,"Jl. Pantai Pererenan, Pererenan, Kec. Mengwi, Kabupaten Badung, Bali 80351, Indonesia",http://www.nusantaravillas.com/,https://maps.google.com/?cid=4609861369102283792&g_mp=Cidnb29nbGUubWFwcy5wbGFjZXMudjEuUGxhY2VzLlNlYXJjaFRleHQQAhgEIAA,4.7,44,OPERATIONAL,service,property_developer,Builds villa/resort projects; direct client for construction contracts,"villa developer in Pererenan, Bali",-8.6461203,115.12443789999999,ChIJv2gsjf050i0REDQjuX2E-T8
ONLY 245 millions ! Shared Ownership Ecosmart Boutique VILLA SVAHA (www.adrealty.id),+62 822-7788-0776,"Gg. Soka Jl. Pantai Berawa, Canggu, Kec. Kuta Utara, Denpasar, Bali 80361, Indonesia",https://www.adrealty.id/,https://maps.google.com/?cid=17100869317450070067&g_mp=Cidnb29nbGUubWFwcy5wbGFjZXMudjEuUGxhY2VzLlNlYXJjaFRleHQQAhgEIAA,,,OPERATIONAL,general_contractor,property_developer,Builds villa/resort projects; direct client for construction contracts,"villa developer in Berawa, Bali",-8.6612951,115.1443519,ChIJ45-PEwZH0i0RM_j8OAp-Uu0
ORBITA Development & Investments,+62 812-3958-6651,"Jl. Aster Raya No.5, Pecatu, Kec. Kuta Sel., Kabupaten Badung, Bali 80361, Indonesia",http://www.orbita.investments/,https://maps.google.com/?cid=16362730381073161867&g_mp=Cidnb29nbGUubWFwcy5wbGFjZXMudjEuUGxhY2VzLlNlYXJjaFRleHQQAhgEIAA,4.7,13,OPERATIONAL,general_contractor,property_developer,Builds villa/resort projects; direct client for construction contracts,property developer in Bali,-8.804729799999999,115.1225131,ChIJfXq4pBRH0i0Ri55bj5YYFOM
Ocean Real Estate,+62 823-4214-1089,"Jl. Raya Anyar Gg. 3 No.2, Kerobokan, Kec. Kuta Utara, Kabupaten Badung, Bali 80361, Indonesia",https://www.ocean-dg.com/,https://maps.google.com/?cid=4972581293789803568&g_mp=Cidnb29nbGUubWFwcy5wbGFjZXMudjEuUGxhY2VzLlNlYXJjaFRleHQQAhgEIAA,5,23,OPERATIONAL,real_estate_agency,property_developer,Builds villa/resort projects; direct client for construction contracts,real estate development company in Bali,-8.6474837,115.16031620000001,ChIJU8ViFl450i0RMPQXQVcoAkU
Open Property Bali,+62 821-3103-788,"Gg. Baja No.6, Sidakarya, Denpasar Selatan, Kota Denpasar, Bali 80224, Indonesia",,https://maps.google.com/?cid=4726173368413724694&g_mp=Cidnb29nbGUubWFwcy5wbGFjZXMudjEuUGxhY2VzLlNlYXJjaFRleHQQAhgEIAA,5,1,OPERATIONAL,general_contractor,property_developer,Builds villa/resort projects; direct client for construction contracts,property developer in Bali,-8.7073441,115.2291437,ChIJoYMxLedB0i0RFiA2Y6O9lkE
Own Partners Bali,+62 878-2551-7684,"Jl. Pantai Berawa No.100, Canggu, Kec. Kuta Utara, Kabupaten Badung, Bali 80351, Indonesia",https://www.ownpartnersbali.com/,https://maps.google.com/?cid=8097109537604541642&g_mp=Cidnb29nbGUubWFwcy5wbGFjZXMudjEuUGxhY2VzLlNlYXJjaFRleHQQAhgEIAA,5,10,OPERATIONAL,general_contractor,property_developer,Builds villa/resort projects; direct client for construction contracts,property developer in Bali,-8.6609948,115.13974680000001,ChIJ0WFsfPQ50i0RypxYYDm2XnA
PALMA ISLANDS OFFICE,+62 812-4682-4206,"Jl. Pantai Berawa No.7, Tibubeneng, Kec. Kuta Utara, Kabupaten Badung, Bali 80361, Indonesia",http://www.palmaislands.com/,https://maps.google.com/?cid=2321203342803514907&g_mp=Cidnb29nbGUubWFwcy5wbGFjZXMudjEuUGxhY2VzLlNlYXJjaFRleHQQAhgEIAA,5,8,OPERATIONAL,general_contractor,property_developer,Builds villa/resort projects; direct client for construction contracts,"villa developer in Berawa, Bali",-8.661478299999999,115.14670749999998,ChIJ7TO2KmNH0i0RG7ZAWySSNiA
PROPERTIA REAL ESTATE BERAWA,+62 818-0888-7711,"Berawa, Jl. Pantai Berawa No.41, Canggu, Kec. Kuta Utara, Kabupaten Badung, Bali 80361, Indonesia",http://www.propertia.com/,https://maps.google.com/?cid=12398457247448500131&g_mp=Cidnb29nbGUubWFwcy5wbGFjZXMudjEuUGxhY2VzLlNlYXJjaFRleHQQAhgEIAA,4.9,44,OPERATIONAL,real_estate_agency,property_developer,Builds villa/resort projects; direct client for construction contracts,property developer in Bali,-8.6569466,115.1474325,ChIJU3QrPu5H0i0RowcJPS0rEKw
PROPERTIA REAL ESTATE PERERENAN,+62 818-0888-7711,"Jl. Raya Canggu No.89, Canggu, Pererenan, Kec. Mengwi, Kabupaten Badung, Bali 80351, Indonesia",http://www.propertia.com/,https://maps.google.com/?cid=8367782791786622060&g_mp=Cidnb29nbGUubWFwcy5wbGFjZXMudjEuUGxhY2VzLlNlYXJjaFRleHQQAhgEIAA,4.3,36,OPERATIONAL,real_estate_agency,property_developer,Builds villa/resort projects; direct client for construction contracts,"villa developer in Canggu, Bali",-8.6322694,115.13535949999999,ChIJzfBWKFw40i0RbGwRXh1WIHQ
PT Exotic Bali Development,+44 7474 707996,"Jl. Suweta, Ubud, Kecamatan Ubud, Kabupaten Gianyar, Bali 80571, Indonesia",https://exoticbalihomes.com/,https://maps.google.com/?cid=16938848984317565300&g_mp=Cidnb29nbGUubWFwcy5wbGFjZXMudjEuUGxhY2VzLlNlYXJjaFRleHQQAhgEIAA,,,OPERATIONAL,general_contractor,property_developer,Builds villa/resort projects; direct client for construction contracts,real estate development company in Bali,-8.4877652,115.26494969999999,ChIJkS2kReUJAGQRdBk8xmfhEus
PT. AKSARA BALI PROPERTY,+62 853-3807-3335,"Gg. N No.11, Panjer, Denpasar Selatan, Kota Denpasar, Bali 80226, Indonesia",,https://maps.google.com/?cid=14599988094760717871&g_mp=Cidnb29nbGUubWFwcy5wbGFjZXMudjEuUGxhY2VzLlNlYXJjaFRleHQQAhgEIAA,3.6,14,OPERATIONAL,general_contractor,property_developer,Builds villa/resort projects; direct client for construction contracts,property developer in Bali,-8.6865466,115.2328862,ChIJO8P0HVVB0i0RLw4lcdGTnco
PT. Ilot Property - Kerobokan Office,+62 812-3856-3718,"Jl. Raya Kerobokan No.62A, Kerobokan Kelod, Kec. Kuta Utara, Kabupaten Badung, Bali 80361, Indonesia",https://ilotpropertybali.com/,https://maps.google.com/?cid=1939135036651486034&g_mp=Cidnb29nbGUubWFwcy5wbGFjZXMudjEuUGxhY2VzLlNlYXJjaFRleHQQAhgEIAA,5,2,OPERATIONAL,finance,property_developer,Builds villa/resort projects; direct client for construction contracts,property developer in Bali,-8.676688799999999,115.16455370000001,ChIJ9fsepJNH0i0RUjsgtwox6Ro
Pertama Property,+62 811-3884-2222,"Jl. Braban No.82, Kerobokan Kelod, Kec. Kuta Utara, Kabupaten Badung, Bali 80361, Indonesia",http://pertamaproperty.com/,https://maps.google.com/?cid=12049416757330612578&g_mp=Cidnb29nbGUubWFwcy5wbGFjZXMudjEuUGxhY2VzLlNlYXJjaFRleHQQAhgEIAA,4.3,24,OPERATIONAL,general_contractor,property_developer,Builds villa/resort projects; direct client for construction contracts,property developer in Bali,-8.6820358,115.1597555,ChIJ9-vsTctH0i0RYpFUQ7MgOKc
Pola Developments,+62 812-3985-4153,"Gang Tukad Pangi Jl. Munduk Kedungu No.4, Pererenan, Kec. Mengwi, Kabupaten Badung, Bali 80361, Indonesia",https://www.poladevelopments.com/,https://maps.google.com/?cid=17748662733034092417&g_mp=Cidnb29nbGUubWFwcy5wbGFjZXMudjEuUGxhY2VzLlNlYXJjaFRleHQQAhgEIAA,5,2,OPERATIONAL,general_contractor,property_developer,Builds villa/resort projects; direct client for construction contracts,property developer in Bali,-8.6471214,115.12855560000001,ChIJgcm_No3jTi4Rgfe1ILjqT_Y
Premium beach residence. Villa complex,+62 851-9055-3763,"Gg. Delima, Canggu, Kec. Kuta Utara, Kabupaten Badung, Bali, Indonesia",https://www.instagram.com/baliluxevillas,https://maps.google.com/?cid=4066372735490856445&g_mp=Cidnb29nbGUubWFwcy5wbGFjZXMudjEuUGxhY2VzLlNlYXJjaFRleHQQAhgEIAA,4.8,20,OPERATIONAL,service,property_developer,Builds villa/resort projects; direct client for construction contracts,"villa developer in Canggu, Bali",-8.653946099999999,115.1291104,ChIJJX19huU50i0R_RVEV3Wobjg
Prodema Indonesia,+62 877-6971-5224,"Galeria, Komp. Istana Kuta, Jl. Patih Jelantik No.08, Kuta, Kec. Kuta, Kabupaten Badung, Bali 80361, Indonesia",https://www.prodemaindonesia.com/,https://maps.google.com/?cid=7177613551347738842&g_mp=Cidnb29nbGUubWFwcy5wbGFjZXMudjEuUGxhY2VzLlNlYXJjaFRleHQQAhgEIAA,5,13,OPERATIONAL,general_contractor,property_developer,Builds villa/resort projects; direct client for construction contracts,property developer in Bali,-8.7108326,115.1783452,ChIJGW9IpPRH0i0R2qgcD38BnGM
Pulang Villas,+62 853-9326-4657,"Jl. Pantai Pererenan No.116, Pererenan, Kec. Mengwi, Kabupaten Badung, Bali 80351, Indonesia",https://pulangbali.com/,https://maps.google.com/?cid=3875337950092576505&g_mp=Cidnb29nbGUubWFwcy5wbGFjZXMudjEuUGxhY2VzLlNlYXJjaFRleHQQAhgEIAA,4.8,25,OPERATIONAL,service,property_developer,Builds villa/resort projects; direct client for construction contracts,"villa developer in Pererenan, Bali",-8.6461563,115.12607899999998,ChIJ-RFpVwA50i0R-cbbS1X3xzU
SAYA Villas,+62 821-4582-3784,"Jl. Munduk Batu Belah, Pererenan, Kec. Mengwi, Kabupaten Badung, Bali 80351, Indonesia",http://www.saya-villas.com/,https://maps.google.com/?cid=1400261837610103159&g_mp=Cidnb29nbGUubWFwcy5wbGFjZXMudjEuUGxhY2VzLlNlYXJjaFRleHQQAhgEIAA,4.3,6,OPERATIONAL,general_contractor,property_developer,Builds villa/resort projects; direct client for construction contracts,"villa developer in Berawa, Bali",-8.642424499999999,115.13430040000001,ChIJe_1CGWs50i0RdzFJ77i6bhM
SUOM Property | Investment & Development,+62 821-4567-7790,"Le loft, Jl. Subak Sari 13, Tibubeneng, Kec. Kuta Utara, Kabupaten Badung, Bali 80361, Indonesia",,https://maps.google.com/?cid=7019520258822648560&g_mp=Cidnb29nbGUubWFwcy5wbGFjZXMudjEuUGxhY2VzLlNlYXJjaFRleHQQAhgEIAA,5,1,OPERATIONAL,real_estate_agency,property_developer,Builds villa/resort projects; direct client for construction contracts,property developer in Bali,-8.6657166,115.1448608,ChIJDc5bN3dH0i0R8DLIAHxYamE
Salt Villa Canggu,+62 878-6495-7701,"84RH+WGQ, Jl. Pura Dalem, Canggu, Kec. Kuta Utara, Kabupaten Badung, Bali, Indonesia",https://saltvillacanggu.com/,https://maps.google.com/?cid=18365100012431439235&g_mp=Cidnb29nbGUubWFwcy5wbGFjZXMudjEuUGxhY2VzLlNlYXJjaFRleHQQAhgEIAA,5,9,OPERATIONAL,travel_agency,property_developer,Builds villa/resort projects; direct client for construction contracts,"villa developer in Canggu, Bali",-8.6568772,115.1292487,ChIJeb-ogBhH0i0Rg3V_qSjx3f4
Stetsyuk Development Bali,+62 811-3906-8068,"84WW+VMP, Jl. Karang Suwung, Tibubeneng, Kec. Kuta Utara, Kabupaten Badung, Bali 80361, Indonesia",https://fiveoceansresidence.com/,https://maps.google.com/?cid=16531385267525569907&g_mp=Cidnb29nbGUubWFwcy5wbGFjZXMudjEuUGxhY2VzLlNlYXJjaFRleHQQAhgEIAA,5,5,OPERATIONAL,general_contractor,property_developer,Builds villa/resort projects; direct client for construction contracts,property developer in Bali,-8.652955600000002,115.14664459999999,ChIJo1eY5Y050i0Rc838U1BHa-U
Sunny Development Group,+62 811-3830-8920,"Jl. Pemelisan Agung Gg. Anggrek No.4, Tibubeneng, Kec. Kuta Utara, Kabupaten Badung, Bali 80361, Indonesia",http://sunnydg.com/?utm_source=google&utm_medium=cpc&utm_campaign=maps,https://maps.google.com/?cid=6098053084842702487&g_mp=Cidnb29nbGUubWFwcy5wbGFjZXMudjEuUGxhY2VzLlNlYXJjaFRleHQQAhgEIAA,4.4,33,OPERATIONAL,general_contractor,property_developer,Builds villa/resort projects; direct client for construction contracts,property developer in Bali,-8.658157899999999,115.1386366,ChIJx6C1AExH0i0RlzaGx_iioFQ
Sunny Village Berawa,+62 859-3618-2662,"Jl. Pemelisan Agung Gg. Anggrek No.4, Tibubeneng, Kec. Kuta Utara, Kabupaten Badung, Bali 80361, Indonesia",,https://maps.google.com/?cid=17607329326272428100&g_mp=Cidnb29nbGUubWFwcy5wbGFjZXMudjEuUGxhY2VzLlNlYXJjaFRleHQQAhgEIAA,4.7,195,OPERATIONAL,service,property_developer,Builds villa/resort projects; direct client for construction contracts,"villa developer in Berawa, Bali",-8.6581169,115.1385727,ChIJObzOSLRH0i0RRDjJD7zMWfQ
Swaha Property,+62 817-0169-090,"Jalan Piakan, Batubulan, Kec. Sukawati, Kabupaten Gianyar, Bali 80582, Indonesia",https://swahaproperty.com/,https://maps.google.com/?cid=9238666782348647716&g_mp=Cidnb29nbGUubWFwcy5wbGFjZXMudjEuUGxhY2VzLlNlYXJjaFRleHQQAhgEIAA,5,6,OPERATIONAL,general_contractor,property_developer,Builds villa/resort projects; direct client for construction contracts,property developer in Bali,-8.603116499999999,115.2484682,ChIJAyBvo8g_0i0RJJ0XcH1WNoA
THE WĀVE BALI [villas],+62 878-3630-9999,"Jl. Pantai Batu Mejan No.59 D, Canggu, Kec. Kuta Utara, Kabupaten Badung, Bali 80351, Indonesia",http://www.thewavebali.com/,https://maps.google.com/?cid=11503098606059785080&g_mp=Cidnb29nbGUubWFwcy5wbGFjZXMudjEuUGxhY2VzLlNlYXJjaFRleHQQAhgEIAA,4.8,33,OPERATIONAL,service,property_developer,Builds villa/resort projects; direct client for construction contracts,"villa developer in Canggu, Bali",-8.645244700000001,115.1348455,ChIJb6NKX6A50i0ReAt8djw3o58
Taman Bali Property,+62 812-3857-1188,"Gg. X No.17B, Dauh Puri Kauh, Kec. Denpasar Bar., Kota Denpasar, Bali 80361, Indonesia",http://tamanbaliproperty.com/,https://maps.google.com/?cid=7478446026121151963&g_mp=Cidnb29nbGUubWFwcy5wbGFjZXMudjEuUGxhY2VzLlNlYXJjaFRleHQQAhgEIAA,5,24,OPERATIONAL,service,property_developer,Builds villa/resort projects; direct client for construction contracts,real estate development company in Bali,-8.677386,115.20136629999999,ChIJv9lCYsZA0i0R2wXiygnHyGc
Tamora Group,+62 821-4752-3282,"Jl. Subak Sari No.8, Tibubeneng, Kec. Kuta Utara, Kabupaten Badung, Bali 80361, Indonesia",http://www.tamoragroup.com/,https://maps.google.com/?cid=8243125268677349931&g_mp=Cidnb29nbGUubWFwcy5wbGFjZXMudjEuUGxhY2VzLlNlYXJjaFRleHQQAhgEIAA,4,24,OPERATIONAL,general_contractor,property_developer,Builds villa/resort projects; direct client for construction contracts,"villa developer in Canggu, Bali",-8.6616694,115.1467,ChIJlaUJb3lH0i0RK1KPBsJ2ZXI
Tasvan Group,+62 811-2801-9991,"Jl. Sempol No.88, Pererenan, Kec. Mengwi, Kabupaten Badung, Bali 80351, Indonesia",https://tasvan.com/,https://maps.google.com/?cid=11435957356740294342&g_mp=Cidnb29nbGUubWFwcy5wbGFjZXMudjEuUGxhY2VzLlNlYXJjaFRleHQQAhgEIAA,5,20,OPERATIONAL,general_contractor,property_developer,Builds villa/resort projects; direct client for construction contracts,real estate development company in Bali,-8.6405506,115.13529199999999,ChIJXacTqe050i0RxjYFK6CutJ4
Teratai Villa Canggu by iNi Vie Hospitality,+62 811-3960-7257,"Jl. Kayu Tulang Gang Teratai No.8, Canggu, Kec. Kuta Utara, Kabupaten Badung, Bali 80351, Indonesia",http://inivie.com/terataivilla/?utm_source=google&utm_medium=organic&utm_campaign=google_business_profile,https://maps.google.com/?cid=5764270310315751135&g_mp=Cidnb29nbGUubWFwcy5wbGFjZXMudjEuUGxhY2VzLlNlYXJjaFRleHQQAhgEIAA,5,495,OPERATIONAL,service,property_developer,Builds villa/resort projects; direct client for construction contracts,"villa developer in Canggu, Bali",-8.6410716,115.14437949999999,ChIJUddFceM50i0R33azi07N_k8
Terra Villas Canggu,+62 821-4408-7198,"Jl. Tanah Barak Gg. Ashoka, Canggu, Kec. Kuta Utara, Kabupaten Badung, Bali 80361, Indonesia",https://linktr.ee/terravillacanggu?utm_source=linktree_admin_share,https://maps.google.com/?cid=16412275315679959951&g_mp=Cidnb29nbGUubWFwcy5wbGFjZXMudjEuUGxhY2VzLlNlYXJjaFRleHQQAhgEIAA,4.9,96,OPERATIONAL,service,property_developer,Builds villa/resort projects; direct client for construction contracts,"villa developer in Canggu, Bali",-8.6480304,115.13473150000002,ChIJmROvUqE50i0RjxsEk3EdxOM
Teus Group Bali,+62 21 50960361,"Jl. Subak Sari No.72, Tibubeneng, Kec. Kuta Utara, Kabupaten Badung, Bali 80361, Indonesia",https://www.teus-group.com/,https://maps.google.com/?cid=6245641521344721776&g_mp=Cidnb29nbGUubWFwcy5wbGFjZXMudjEuUGxhY2VzLlNlYXJjaFRleHQQAhgEIAA,4.8,6,OPERATIONAL,general_contractor,property_developer,Builds villa/resort projects; direct client for construction contracts,property developer in Bali,-8.6667314,115.1476408,ChIJ27BSn7VH0i0RcLMuct_5rFY
The Cali Villas,+62 813-5307-2484,"Jl. Nelayan No.36e, Canggu, Kec. Kuta Utara, Kabupaten Badung, Bali 80361, Indonesia",http://www.thecalivillas.com/,https://maps.google.com/?cid=2163784590228783786&g_mp=Cidnb29nbGUubWFwcy5wbGFjZXMudjEuUGxhY2VzLlNlYXJjaFRleHQQAhgEIAA,4.8,148,OPERATIONAL,service,property_developer,Builds villa/resort projects; direct client for construction contracts,"villa developer in Canggu, Bali",-8.6580953,115.1351661,ChIJqwGxS5RH0i0RqgIN355OBx4
The Young Villas - Canggu,+62 878-8766-8188,"Jl. Kayu Tulang No.98, Canggu, Kec. Kuta Utara, Kabupaten Badung, Bali 80361, Indonesia",http://www.theyoungvillas.com/,https://maps.google.com/?cid=17794361053009678721&g_mp=Cidnb29nbGUubWFwcy5wbGFjZXMudjEuUGxhY2VzLlNlYXJjaFRleHQQAhgEIAA,4.7,89,OPERATIONAL,service,property_developer,Builds villa/resort projects; direct client for construction contracts,"villa developer in Canggu, Bali",-8.6420962,115.14343740000001,ChIJGfmG3z050i0RgRGwYRlF8vY
Unreal Villas Pererenan,+62 852-1779-0692,"Pererenan, Bali, Badung Regency, Bali 80351, Indonesia",https://www.unrealvillas.xyz/?utm_source=google&utm_medium=wix_google_business_profile&utm_campaign=14050998411858353107,https://maps.google.com/?cid=17707174742207083822&g_mp=Cidnb29nbGUubWFwcy5wbGFjZXMudjEuUGxhY2VzLlNlYXJjaFRleHQQAhgEIAA,4.8,6,OPERATIONAL,service,property_developer,Builds villa/resort projects; direct client for construction contracts,"villa developer in Canggu, Bali",-8.6389335,115.12998119999999,ChIJBUvdck850i0RLrUFhZyFvPU
VOX Villas Canggu,+62 811-3961-7420,"Gg. Anggur, Canggu, Kec. Kuta Utara, Bali, 80361, Indonesia",https://voxvillas.co/?utm_medium=googlemap&utm_source=google,https://maps.google.com/?cid=3507788273427603858&g_mp=Cidnb29nbGUubWFwcy5wbGFjZXMudjEuUGxhY2VzLlNlYXJjaFRleHQQAhgEIAA,4.9,208,OPERATIONAL,service,property_developer,Builds villa/resort projects; direct client for construction contracts,"villa developer in Canggu, Bali",-8.6589461,115.14037779999998,ChIJA4L05_NH0i0RkuHugNkqrjA
Venture Villas Bali,+62 823-4201-4638,"945F+97P, Jl. Babadan No.5, Pererenan, Kec. Mengwi, Kabupaten Badung, Bali 80351, Indonesia",,https://maps.google.com/?cid=8805450378732766308&g_mp=Cidnb29nbGUubWFwcy5wbGFjZXMudjEuUGxhY2VzLlNlYXJjaFRleHQQAhgEIAA,5,1,OPERATIONAL,general_contractor,property_developer,Builds villa/resort projects; direct client for construction contracts,"villa developer in Canggu, Bali",-8.6416907,115.12280140000001,ChIJqxsuFgA50i0RZASyV3c-M3o
Villa Berawa,+62 361 4737600,"Banjar Berawa, Jl. Pantai Berawa Gg. Sri Kahyangan, Tibubeneng, Kec. Kuta Utara, Kabupaten Badung, Bali 80361, Indonesia",,https://maps.google.com/?cid=3147361957984610426&g_mp=Cidnb29nbGUubWFwcy5wbGFjZXMudjEuUGxhY2VzLlNlYXJjaFRleHQQAhgEIAA,4.3,127,OPERATIONAL,hotel,property_developer,Builds villa/resort projects; direct client for construction contracts,"villa developer in Berawa, Bali",-8.6646237,115.1420332,ChIJ83qHDHhH0i0ReihAfQatrSs
Villa Canggu by Elite Havens,+62 361 737498,"Jl. Nelayan Banjar Canggu Tua No.12, Canggu, Kec. Kuta Utara, Kabupaten Badung, Bali 80361, Indonesia",https://www.villacanggu.com/,https://maps.google.com/?cid=17240441691893089852&g_mp=Cidnb29nbGUubWFwcy5wbGFjZXMudjEuUGxhY2VzLlNlYXJjaFRleHQQAhgEIAA,4.6,134,OPERATIONAL,service,property_developer,Builds villa/resort projects; direct client for construction contracts,"villa developer in Canggu, Bali",-8.6606968,115.13360209999998,ChIJNZRcnIZH0i0RPEYfAGBaQu8
Villa Cébossa by Optimum Bali Villas,+62 822-3657-1077,"Jl. Pemelisan Agung Gg. Jempiring No.4, Tibubeneng, Kec. Kuta Utara, Kabupaten Badung, Bali 80361, Indonesia",https://optimumbali.com/villa-bali/rental/6-bedrooms-rental/villa-cebossa-canggu-berawa/,https://maps.google.com/?cid=11605251080320126907&g_mp=Cidnb29nbGUubWFwcy5wbGFjZXMudjEuUGxhY2VzLlNlYXJjaFRleHQQAhgEIAA,5,17,OPERATIONAL,travel_agency,property_developer,Builds villa/resort projects; direct client for construction contracts,"villa developer in Berawa, Bali",-8.659466799999999,115.13687769999999,ChIJmbx1PwNH0i0Ruw-zy14iDqE
Villa Elite Canggu,+62 818-508-889,"Jl. Raya Semat No.2A, Canggu, Kec. Kuta Utara, Kabupaten Badung, Bali 80361, Indonesia",http://www.villaelitecanggu.com/,https://maps.google.com/?cid=15991222157361306147&g_mp=Cidnb29nbGUubWFwcy5wbGFjZXMudjEuUGxhY2VzLlNlYXJjaFRleHQQAhgEIAA,4.8,84,OPERATIONAL,service,property_developer,Builds villa/resort projects; direct client for construction contracts,"villa developer in Canggu, Bali",-8.6598487,115.14082409999999,ChIJYaGEhL9H0i0RI1rgtdM77N0
Villa Joanne Berawa,+62 878-7508-5597,"Jl. Subak Sari 13 No.1B, Tibubeneng, Bali, Kabupaten Badung, Bali 80361, Indonesia",,https://maps.google.com/?cid=15510756004906178814&g_mp=Cidnb29nbGUubWFwcy5wbGFjZXMudjEuUGxhY2VzLlNlYXJjaFRleHQQAhgEIAA,5,3,OPERATIONAL,service,property_developer,Builds villa/resort projects; direct client for construction contracts,"villa developer in Berawa, Bali",-8.6647664,115.1455512,ChIJdfoARgBH0i0R_pgwLmhGQdc
Villa Kaira Estate,+62 812-3789-3935,"Jl. Segara Perancak Jl. Pantai Berawa No.1, Canggu, Kec. Kuta Utara, Kabupaten Badung, Bali 80361, Indonesia",https://www.villasdirectbali.com/our-villa/villa-kaira/,https://maps.google.com/?cid=11395581253008420749&g_mp=Cidnb29nbGUubWFwcy5wbGFjZXMudjEuUGxhY2VzLlNlYXJjaFRleHQQAhgEIAA,4.6,60,OPERATIONAL,hotel,property_developer,Builds villa/resort projects; direct client for construction contracts,"villa developer in Berawa, Bali",-8.664544099999999,115.13860100000001,ChIJXTdD24JH0i0Rje-q8sU8JZ4
Villa Luja by GORO,+62 851-2103-1173,"gang eleven palms, Jl. Raya Uma Buluh, Canggu, Kec. Kuta Utara, Kabupaten Badung, Bali 80351, Indonesia",https://airbnb.com/h/cangguluxuryvilla,https://maps.google.com/?cid=16463390143942374331&g_mp=Cidnb29nbGUubWFwcy5wbGFjZXMudjEuUGxhY2VzLlNlYXJjaFRleHQQAhgEIAA,5,16,OPERATIONAL,service,property_developer,Builds villa/resort projects; direct client for construction contracts,"villa developer in Canggu, Bali",-8.6332195,115.1515434,ChIJnYIXw0k50i0RuzNa8Bu2eeQ
Villa Lushara Tropical 2BR Pool Villa · Walk to Berawa · Canggu,+62 813-3085-1645,"944X+74G, Jl. Abasan, Tibubeneng, Kec. Kuta Utara, Kabupaten Badung, Bali 80361, Indonesia",https://www.instagram.com/p/DaF6Zc4k2vV/?utm_source=ig_web_copy_link&igsh=MzRlODBiNWFlZA==,https://maps.google.com/?cid=10677611536030119882&g_mp=Cidnb29nbGUubWFwcy5wbGFjZXMudjEuUGxhY2VzLlNlYXJjaFRleHQQAhgEIAA,5,9,OPERATIONAL,service,property_developer,Builds villa/resort projects; direct client for construction contracts,"villa developer in Berawa, Bali",-8.6445297,115.14805480000001,ChIJdb40EAA50i0Ryjewnh5_LpQ
Villa Moana Canggu,+62 812-3814-4235,"Jl. Pantai Batu Mejan, Canggu, Kec. Kuta Utara, Kabupaten Badung, Bali 80351, Indonesia",https://www.villamoanacanggu.com/,https://maps.google.com/?cid=11087042060155762296&g_mp=Cidnb29nbGUubWFwcy5wbGFjZXMudjEuUGxhY2VzLlNlYXJjaFRleHQQAhgEIAA,4.8,24,OPERATIONAL,service,property_developer,Builds villa/resort projects; direct client for construction contracts,"villa developer in Canggu, Bali",-8.6549935,115.12717180000001,ChIJAUcm1xw50i0ReDZmFQMW3Zk
Villa NVL Canggu by Nagisa Bali,+62 811-3945-378,"Jalan Pantai Berawa, Jl. Tegal Sari Asri No.77, Canggu, Kec. Kuta Utara, Kabupaten Badung, Bali 80361, Indonesia",https://www.nagisa-bali.com/villas/villa-nvl-canggu/,https://maps.google.com/?cid=8909633610438076152&g_mp=Cidnb29nbGUubWFwcy5wbGFjZXMudjEuUGxhY2VzLlNlYXJjaFRleHQQAhgEIAA,4.7,51,OPERATIONAL,cottage,property_developer,Builds villa/resort projects; direct client for construction contracts,"villa developer in Canggu, Bali",-8.6627945,115.1443055,ChIJp3jX99450i0R-OYKPZBgpXs
Villa Sentosa Canggu,+62 819-9904-0999,"95H5+27F, Dalung, Kuta Utara, Badung Regency, Bali 80361, Indonesia",http://thebalinesevillaagency.com/,https://maps.google.com/?cid=3644189976519380224&g_mp=Cidnb29nbGUubWFwcy5wbGFjZXMudjEuUGxhY2VzLlNlYXJjaFRleHQQAhgEIAA,4.7,10,OPERATIONAL,service,property_developer,Builds villa/resort projects; direct client for construction contracts,"villa developer in Canggu, Bali",-8.6224504,115.15821600000001,ChIJreqIbAA50i0RAA161HnDkjI
Villa Suarga Canggu,+62 818-878-922,"Jl. Tanah Barak No.21F, Canggu, Kec. Kuta Utara, Kabupaten Badung, Bali 80361, Indonesia",,https://maps.google.com/?cid=12654238311591535804&g_mp=Cidnb29nbGUubWFwcy5wbGFjZXMudjEuUGxhY2VzLlNlYXJjaFRleHQQAhgEIAA,5,2,OPERATIONAL,association_or_organization,property_developer,Builds villa/resort projects; direct client for construction contracts,"villa developer in Canggu, Bali",-8.6483711,115.1339774,ChIJm9JVm2c50i0RvGSNCbPinK8
Villa Tentrem Berawa,+62 822-3534-2928,"Jl. Raya Semat gang VIII No.6, Canggu, Kec. Kuta Utara, Kabupaten Badung, Bali 80361, Indonesia",https://baliasiavilla.com/bali-villa-rental/villa-tentrem-berawa/,https://maps.google.com/?cid=15119391668633337566&g_mp=Cidnb29nbGUubWFwcy5wbGFjZXMudjEuUGxhY2VzLlNlYXJjaFRleHQQAhgEIAA,4.3,11,OPERATIONAL,service,property_developer,Builds villa/resort projects; direct client for construction contracts,"villa developer in Berawa, Bali",-8.6503941,115.1448266,ChIJtdu4bgA50i0R3v7j3J3e0tE
Villa Wow Berawa,+62 813-3887-7473,"Gg. Sri Kahyangan No.13, Tibubeneng, Kec. Kuta Utara, Kabupaten Badung, Bali 80361, Indonesia",https://villas.baliexception.com/rentals/villa-canggu-wow-403313.html,https://maps.google.com/?cid=14080562053969695717&g_mp=Cidnb29nbGUubWFwcy5wbGFjZXMudjEuUGxhY2VzLlNlYXJjaFRleHQQAhgEIAA,4.8,4,OPERATIONAL,service,property_developer,Builds villa/resort projects; direct client for construction contracts,"villa developer in Berawa, Bali",-8.664991299999999,115.14213260000001,ChIJZXPWSBVH0i0R5VO1CJY0aMM
Villa Yasa Canggu by Exotic Bali Properties,+62 853-3781-3496,"Jl. Pantai Batu Bolong, Canggu, Kec. Kuta Utara, Kabupaten Badung, Bali 80351, Indonesia",https://exoticbaliproperties.com/property/villa-yasa-canggu/,https://maps.google.com/?cid=5678735746315346410&g_mp=Cidnb29nbGUubWFwcy5wbGFjZXMudjEuUGxhY2VzLlNlYXJjaFRleHQQAhgEIAA,4.9,19,OPERATIONAL,service,property_developer,Builds villa/resort projects; direct client for construction contracts,"villa developer in Canggu, Bali",-8.652641,115.1338532,ChIJFzRKgsc50i0R6mFw9BLszk4
We Provide Property Bali - Umalas HQ,+62 811-1561-902,"Jl. Umalas Kauh No.109, Kerobokan Kelod, Kec. Kuta Utara, Kabupaten Badung, Bali 80361, Indonesia",https://weprovideproperty.id/,https://maps.google.com/?cid=16876823761793396094&g_mp=Cidnb29nbGUubWFwcy5wbGFjZXMudjEuUGxhY2VzLlNlYXJjaFRleHQQAhgEIAA,4.8,26,OPERATIONAL,service,property_developer,Builds villa/resort projects; direct client for construction contracts,property developer in Bali,-8.664114,115.1537432,ChIJMWGDbgBH0i0Rfi2RSsuFNuo
Yolla Realty | Real Estate Agency,+62 822-6622-0431,"Jl. Labuansait No.83, Pecatu, Kec. Kuta Sel., Kabupaten Badung, Bali 80361, Indonesia",https://yollarealty.com/,https://maps.google.com/?cid=12022617829223126494&g_mp=Cidnb29nbGUubWFwcy5wbGFjZXMudjEuUGxhY2VzLlNlYXJjaFRleHQQAhgEIAA,5,139,OPERATIONAL,real_estate_agency,property_developer,Builds villa/resort projects; direct client for construction contracts,real estate development company in Bali,-8.813822199999999,115.1098195,ChIJJSVIa9hF0i0R3lUflTfr2KY
ZIN Berawa Villas & Bungalows,+62 811-371-012,"Jl. Subak Sari 13 No.8, Tibubeneng, Kec. Kuta Utara, Kabupaten Badung, Bali 80361, Indonesia",https://zin.world/?utm_source=google_zinberawa,https://maps.google.com/?cid=6503435187043242179&g_mp=Cidnb29nbGUubWFwcy5wbGFjZXMudjEuUGxhY2VzLlNlYXJjaFRleHQQAhgEIAA,4.8,205,OPERATIONAL,service,property_developer,Builds villa/resort projects; direct client for construction contracts,"villa developer in Berawa, Bali",-8.667671799999999,115.14411580000001,ChIJUz7yU3ZH0i0RwxB9j9jXQFo
Zen Soul Bali Property Management,+62 823-4095-6390,"F7FW+H37, Jl. Raya Bedulu, Bedulu, Kec. Blahbatuh, Bedulu, Kecamatan Ubud, Kabupaten Gianyar, Bali 80552, Indonesia",https://www.zensoulbali.com/,https://maps.google.com/?cid=3080359245494137357&g_mp=Cidnb29nbGUubWFwcy5wbGFjZXMudjEuUGxhY2VzLlNlYXJjaFRleHQQAhgEIAA,5,10,OPERATIONAL,service,property_developer,Builds villa/resort projects; direct client for construction contracts,property developer in Bali,-8.5260526,115.29518789999999,ChIJr0D1agISx4QRDbJE0Gmivyo
iyandana property by PT IYAN DANA GROUP Rumah Villa Tanah Hotel Jual Sewa Rent Sale Real Estate Bali Kontruksi Terpercaya,+62 878-6002-4499,"Jl. Gatot Subroto Tim. No.900D Kapling 8, Kesiman Kertalangu, East Denpasar, Denpasar City, Bali 80237, Indonesia",http://www.iyandanaproperty.com/,https://maps.google.com/?cid=2326746511918358954&g_mp=Cidnb29nbGUubWFwcy5wbGFjZXMudjEuUGxhY2VzLlNlYXJjaFRleHQQAhgEIAA,5,214,OPERATIONAL,real_estate_agency,property_developer,Builds villa/resort projects; direct client for construction contracts,real estate development company in Bali,-8.6353501,115.2459983,ChIJl6j98ps_0i0RquFF_Z9DSiA
ACC PROPERTY BALI,+62 813-3156-7567,"Perum Puri Gading, Jl. Puri Gading I Blok B2 no. 15, Jimbaran, Kec. Kuta Sel., Kabupaten Badung, Bali 80361, Indonesia",https://www.acc-property.com/,https://maps.google.com/?cid=6579959059949522615&g_mp=Cidnb29nbGUubWFwcy5wbGFjZXMudjEuUGxhY2VzLlNlYXJjaFRleHQQAhgEIAA,5,6,OPERATIONAL,finance,property_investment,Funds hospitality projects; commissions new builds,property investment company in Bali,-8.8030364,115.15186380000002,ChIJs5dmK9pe8yMRt47nJOe1UFs
ARM Hospitality ( Akomodasi Raya Management),+62 821-2268-4340,"Jl. Teuku Umar Barat, Padangsambian Klod, Kec. Denpasar Bar., Kota Denpasar, Bali 80117, Indonesia",https://armhospitalityindonesia.com/,https://maps.google.com/?cid=5628609978566436810&g_mp=Cidnb29nbGUubWFwcy5wbGFjZXMudjEuUGxhY2VzLlNlYXJjaFRleHQQAhgEIAA,4.4,16,OPERATIONAL,corporate_office,property_investment,Funds hospitality projects; commissions new builds,hospitality investment company in Bali,-8.6738448,115.179841,ChIJv3zGZIVB0i0RyuerL_TWHE4
Alpha Partner Bali (Office),+62 812-3905-0948,"Jl. Pengubugan No.8, Kerobokan, Kec. Kuta Utara, Kabupaten Badung, Bali 80361, Indonesia",https://www.alphapartnerbali.com/,https://maps.google.com/?cid=1885553781780372164&g_mp=Cidnb29nbGUubWFwcy5wbGFjZXMudjEuUGxhY2VzLlNlYXJjaFRleHQQAhgEIAA,5,36,OPERATIONAL,general_contractor,property_investment,Funds hospitality projects; commissions new builds,property investment company in Bali,-8.6486985,115.16704299999999,ChIJ2S_zdNI50i0RxNrppyzVKho
AltEsc,+62 822-6666-5996,"RSG, 3rd Floor, 405 E, Pertokoan Graha Niaga Sanur, Jl. Bypass Ngurah Rai No.4, Pedungan, Denpasar Selatan, Kota Denpasar, Bali 80221, Indonesia",https://altesc.com/,https://maps.google.com/?cid=5685742678941791521&g_mp=Cidnb29nbGUubWFwcy5wbGFjZXMudjEuUGxhY2VzLlNlYXJjaFRleHQQAhgEIAA,,,OPERATIONAL,service,property_investment,Funds hospitality projects; commissions new builds,hospitality investment company in Bali,-8.7161426,115.20935840000001,ChIJX9qCYdtAX4oRIXWaltfQ504
Aura Property Group Indonesia,+62 812-2233-3656,"Jl. Danau Batur Raya No.40X, Benoa, Kec. Kuta Sel., Kabupaten Badung, Bali 80361, Indonesia",https://www.aurakreasindo.com/,https://maps.google.com/?cid=12043841053547782856&g_mp=Cidnb29nbGUubWFwcy5wbGFjZXMudjEuUGxhY2VzLlNlYXJjaFRleHQQAhgEIAA,5,3,OPERATIONAL,finance,property_investment,Funds hospitality projects; commissions new builds,property investment company in Bali,-8.7895301,115.18723139999999,ChIJIUFhHeZF0i0RyGL7j6BRJKc
BIG BALI GROUP,+62 888-7777-881,"Jl. Bumbak No.80, Kerobokan Kelod, Kec. Kuta, Kabupaten Badung, Bali 80361, Indonesia",https://bigbaligroup.com/,https://maps.google.com/?cid=6886050336995639522&g_mp=Cidnb29nbGUubWFwcy5wbGFjZXMudjEuUGxhY2VzLlNlYXJjaFRleHQQAhgEIAA,5,2,OPERATIONAL,general_contractor,property_investment,Funds hospitality projects; commissions new builds,property investment company in Bali,-8.6622715,115.1522051,ChIJkTpHQFlH0i0R4oAVMkwqkF8
BVR Group Asia,+62 811-3976-689,"Gg. Meduri Lingkungan Taman Mertanadi No.5, Kerobokan Kelod, Kec. Kuta Utara, Kabupaten Badung, Bali 80361, Indonesia",https://www.bvrgroupasia.com/,https://maps.google.com/?cid=2851720063468245340&g_mp=Cidnb29nbGUubWFwcy5wbGFjZXMudjEuUGxhY2VzLlNlYXJjaFRleHQQAhgEIAA,4.8,11,OPERATIONAL,,property_investment,Funds hospitality projects; commissions new builds,hospitality investment company in Bali,-8.681767599999999,115.16519670000001,ChIJt9gou41H0i0RXBHh5UlYkyc
Bali Cabin Hospitality Management,+62 889-8704-3474,"Jl. Gn. Agung No.84A, Pemecutan, Kec. Denpasar Utara, Kota Denpasar, Bali 80111, Indonesia",https://balicabin.com/,https://maps.google.com/?cid=14023934888927906063&g_mp=Cidnb29nbGUubWFwcy5wbGFjZXMudjEuUGxhY2VzLlNlYXJjaFRleHQQAhgEIAA,4.9,9,OPERATIONAL,service,property_investment,Funds hospitality projects; commissions new builds,hospitality investment company in Bali,-8.6524922,115.20176509999999,ChIJnx0nagBH0i0RD0nBv3oGn8I
Bali Capital Group,+62 823-4077-9304,"Lorong Bedangin No.11B, Peliatan, Kecamatan Ubud, Kabupaten Gianyar, Bali 80571, Indonesia",https://balicapitalgroup.com/,https://maps.google.com/?cid=16304396581541184317&g_mp=Cidnb29nbGUubWFwcy5wbGFjZXMudjEuUGxhY2VzLlNlYXJjaFRleHQQAhgEIAA,5,4,OPERATIONAL,service,property_investment,Funds hospitality projects; commissions new builds,hospitality investment company in Bali,-8.5110039,115.26936880000001,ChIJtzeLO_U90i0RPQPbd07aROI
Bali Dewata properti,+62 857-3990-9825,"Jln.p Selayar No.44a, Dauh Puri Klod, Kec. Denpasar Bar., Kota Denpasar, Bali 81133, Indonesia",,https://maps.google.com/?cid=12507320428774453938&g_mp=Cidnb29nbGUubWFwcy5wbGFjZXMudjEuUGxhY2VzLlNlYXJjaFRleHQQAhgEIAA,5,1,OPERATIONAL,finance,property_investment,Funds hospitality projects; commissions new builds,property investment company in Bali,-8.6725177,115.21231949999998,ChIJ52lxRPxB0i0RsnIW0antkq0
Bali Foreign Investment Advisory Service.,+62 811-3960-9998,"Jl. Pantai Pererenan No.77, Pererenan, Kec. Mengwi, Kabupaten Badung, Bali 80361, Indonesia",https://www.balinews.co.id/bali-foreign-investment-advisory-opens-new-concept-office-in-perenenean-bali-to-further-promote-an-inclusive-and-sustainable-economy/,https://maps.google.com/?cid=17181395849116139297&g_mp=Cidnb29nbGUubWFwcy5wbGFjZXMudjEuUGxhY2VzLlNlYXJjaFRleHQQAhgEIAA,,,OPERATIONAL,finance,property_investment,Funds hospitality projects; commissions new builds,hospitality investment company in Bali,-8.6403894,115.13078859999999,ChIJh7K-npzuyk0RIT_wa36UcO4
Bali Island Real Estate,+62 811-3856-611,"Jl. Danau Tamblingan No.2B, Sanur, Denpasar Selatan, Kota Denpasar, Bali 80228, Indonesia",,https://maps.google.com/?cid=6139371353861725503&g_mp=Cidnb29nbGUubWFwcy5wbGFjZXMudjEuUGxhY2VzLlNlYXJjaFRleHQQAhgEIAA,5,7,OPERATIONAL,finance,property_investment,Funds hospitality projects; commissions new builds,property investment company in Bali,-8.685423,115.26097879999999,ChIJFee2809B0i0RPx0j87dtM1U
Bali Living,+62 361 9093466,"Jl. Pandu No.61, Canggu, Kec. Kuta Utara, Kabupaten Badung, Bali 80361, Indonesia",,https://maps.google.com/?cid=7975902915583632143&g_mp=Cidnb29nbGUubWFwcy5wbGFjZXMudjEuUGxhY2VzLlNlYXJjaFRleHQQAhgEIAA,5,6,OPERATIONAL,finance,property_investment,Funds hospitality projects; commissions new builds,property investment company in Bali,-8.621324099999999,115.1659894,ChIJPcH_et040i0RD2NdjnEZsG4
Bali Nexus Investments Partners,+62 815-1927-1701,"Jl. Raya Ubud, Ubud, Kecamatan Ubud, Kabupaten Gianyar, Bali 80571, Indonesia",https://www.balinexus.com/,https://maps.google.com/?cid=2990180683587694055&g_mp=Cidnb29nbGUubWFwcy5wbGFjZXMudjEuUGxhY2VzLlNlYXJjaFRleHQQAhgEIAA,5,14,OPERATIONAL,finance,property_investment,Funds hospitality projects; commissions new builds,property investment company in Bali,-8.5060971,115.26033950000001,ChIJEymRoyU90i0R5616M31Bfyk
Bali Prime Hospitality,+62 821-3851-554,"Jl. Raya Desa, Giri Emas, Kec. Sawan, Kabupaten Buleleng, Bali 81171, Indonesia",,https://maps.google.com/?cid=586536902863581790&g_mp=Cidnb29nbGUubWFwcy5wbGFjZXMudjEuUGxhY2VzLlNlYXJjaFRleHQQAhgEIAA,5,19,OPERATIONAL,corporate_office,property_investment,Funds hospitality projects; commissions new builds,hospitality investment company in Bali,-8.0853448,115.1471026,ChIJjUefbgCX0S0RXnLXnjTMIwg
Bali Property Investama,+62 813-3801-0094,"Jl. Gilibiaha No.11, Dauh Puri Klod, Kec. Denpasar Bar., Kota Denpasar, Bali 80114, Indonesia",,https://maps.google.com/?cid=16956387233765742344&g_mp=Cidnb29nbGUubWFwcy5wbGFjZXMudjEuUGxhY2VzLlNlYXJjaFRleHQQAhgEIAA,4,9,OPERATIONAL,service,property_investment,Funds hospitality projects; commissions new builds,property investment company in Bali,-8.6735303,115.20926360000001,ChIJcZFhqMFA0i0RCFeTrlkwUes
Bali Property Tabanan,+62 813-3758-5200,"G44M+7QP, Jl. Batukaru, Wanasari, Kec. Tabanan, Kabupaten Tabanan, Bali 82181, Indonesia",,https://maps.google.com/?cid=311556456339447733&g_mp=Cidnb29nbGUubWFwcy5wbGFjZXMudjEuUGxhY2VzLlNlYXJjaFRleHQQAhgEIAA,5,1,OPERATIONAL,finance,property_investment,Funds hospitality projects; commissions new builds,property investment company in Bali,-8.494278,115.134457,ChIJMaOrTtM60i0RtZ-XQ_LeUgQ
Bali Saudara Investment,+62 878-1499-6430,"Jl. Batu Nunggul, Ungasan, Kec. Kuta Sel., Kabupaten Badung, Bali 80361, Indonesia",,https://maps.google.com/?cid=6893139132568280260&g_mp=Cidnb29nbGUubWFwcy5wbGFjZXMudjEuUGxhY2VzLlNlYXJjaFRleHQQAhgEIAA,5,3,OPERATIONAL,finance,property_investment,Funds hospitality projects; commissions new builds,property investment company in Bali,-8.823094099999999,115.1457456,ChIJu4C2VBVb0i0RxJwTCIVZqV8
Bali land and property for sales,+62 812-3630-4665,"Jl. Raya Cebok, Kedisan, Kec. Tegallalang, Kabupaten Gianyar, Bali 80561, Indonesia",http://balilandandpropertyforsale.com/?utm_source=gmb&utm_medium=referral,https://maps.google.com/?cid=6340113744599412261&g_mp=Cidnb29nbGUubWFwcy5wbGFjZXMudjEuUGxhY2VzLlNlYXJjaFRleHQQAhgEIAA,5,20,OPERATIONAL,finance,property_investment,Funds hospitality projects; commissions new builds,property investment company in Bali,-8.439280499999999,115.28901079999999,ChIJjy9tvIEZ0i0RJW5r_tub_Fc
Baliinout property,+62 815-2933-5556,"Tabanan property office, Bantas, Kec. Selemadeg Tim., Kabupaten Tabanan, Bali 82162, Indonesia",,https://maps.google.com/?cid=16896698943598343875&g_mp=Cidnb29nbGUubWFwcy5wbGFjZXMudjEuUGxhY2VzLlNlYXJjaFRleHQQAhgEIAA,5,3,OPERATIONAL,finance,property_investment,Funds hospitality projects; commissions new builds,property investment company in Bali,-8.4993236,115.0541757,ChIJI_WYcv8v0i0Rw7blqSoifeo
DYNASTY REAL ESTATE I Agent Properti Melayani Jual Beli Sewa dan KPR #2 Bali,+62 858-6944-4004,"Jl. Tukad Sanghyang No.99x, Dauh Puri Klod, Denpasar Selatan, Kota Denpasar, Bali 80225, Indonesia",https://sites.google.com/view/dynastyrealestatebali,https://maps.google.com/?cid=14400317393374809876&g_mp=Cidnb29nbGUubWFwcy5wbGFjZXMudjEuUGxhY2VzLlNlYXJjaFRleHQQAhgEIAA,5,59,OPERATIONAL,service,property_investment,Funds hospitality projects; commissions new builds,property investment company in Bali,-8.682703499999999,115.22490150000002,ChIJ79rR4qxH0i0RFA_8hF802Mc
Danapati Hospitality Management - Bali Branch,+62 881-0373-56659,"Jl. Bypass Ngurah Rai No.8, Benoa, Kec. Kuta Sel., Kabupaten Badung, Bali 80361, Indonesia",https://danapati.com/,https://maps.google.com/?cid=4821643398055079294&g_mp=Cidnb29nbGUubWFwcy5wbGFjZXMudjEuUGxhY2VzLlNlYXJjaFRleHQQAhgEIAA,5,2,OPERATIONAL,corporate_office,property_investment,Funds hospitality projects; commissions new builds,hospitality investment company in Bali,-8.7943573,115.21673519999999,ChIJx3_R-_NF0i0Rfi2u1h_r6UI
Dc Hospitality Supplier Bali,+62 813-3700-8651,"Jalan Raya Kerobokan No. 732C, Kerobokan Kaja, Kuta Utara, Kerobokan Kelod, Kuta Utara, Kerobokan Kelod, Kec. Kuta Utara, Kabupaten Badung, Bali 80361, Indonesia",https://www.hospitality-supplier.com/,https://maps.google.com/?cid=12780244567100050731&g_mp=Cidnb29nbGUubWFwcy5wbGFjZXMudjEuUGxhY2VzLlNlYXJjaFRleHQQAhgEIAA,3.1,37,OPERATIONAL,corporate_office,property_investment,Funds hospitality projects; commissions new builds,hospitality investment company in Bali,-8.6683229,115.16483889999999,ChIJBUoCE7s40i0RK02dnLiMXLE
EPS Hospitality & Consultant,+62 818-0560-8079,"Jl. Dharma Giri, Bitera, Kec. Gianyar, Kabupaten Gianyar, Bali 80515, Indonesia",http://www.epshospitality.com/,https://maps.google.com/?cid=961811530364047512&g_mp=Cidnb29nbGUubWFwcy5wbGFjZXMudjEuUGxhY2VzLlNlYXJjaFRleHQQAhgEIAA,5,2,OPERATIONAL,consultant,property_investment,Funds hospitality projects; commissions new builds,hospitality investment company in Bali,-8.5408954,115.3150615,ChIJuzCYg_490i0RmFA5sH0KWQ0
Emerhub Bali,+62 812-3659-9997,"Pertokoan Sunset Indah, Sanur Kaja, Jl. Sunset Road Kavling 4, Kuta, Badung Regency, Bali 80361, Indonesia",https://emerhub.com/bali/,https://maps.google.com/?cid=11082470102857756696&g_mp=Cidnb29nbGUubWFwcy5wbGFjZXMudjEuUGxhY2VzLlNlYXJjaFRleHQQAhgEIAA,4.7,113,OPERATIONAL,consultant,property_investment,Funds hospitality projects; commissions new builds,hospitality investment company in Bali,-8.7113848,115.1860484,ChIJYXUXCdpG0i0RGDC5UtfXzJk
HCI Group,+62 819-9845-3106,"Gg. Betet No.30, Sesetan, Denpasar Selatan, Kota Denpasar, Bali 80223, Indonesia",http://www.hcigroup.co.id/,https://maps.google.com/?cid=5964049498203457927&g_mp=Cidnb29nbGUubWFwcy5wbGFjZXMudjEuUGxhY2VzLlNlYXJjaFRleHQQAhgEIAA,5,6,OPERATIONAL,corporate_office,property_investment,Funds hospitality projects; commissions new builds,hospitality investment company in Bali,-8.6964654,115.21621239999999,ChIJr1oMuQ1F0i0Rh4lDc2uPxFI
Habitat Hospitality Bali – Hospitality & F&B Consultants,+62 811-386-212,"Bloom Seminyak, Jl. Raya Seminyak No.29 2nd Floor, Seminyak, Kec. Kuta, Kabupaten Badung, Bali 80361, Indonesia",http://www.habitatgroup.biz/,https://maps.google.com/?cid=18069572730595952434&g_mp=Cidnb29nbGUubWFwcy5wbGFjZXMudjEuUGxhY2VzLlNlYXJjaFRleHQQAhgEIAA,4.6,11,OPERATIONAL,consultant,property_investment,Funds hospitality projects; commissions new builds,hospitality investment company in Bali,-8.6935439,115.1678865,ChIJwTY3zuRH0i0RMsdBaqkExPo
Horizon Hospitality,+62 812-6060-4767,"Jl. Dewi Sri II No.8, Kuta, Kec. Kuta, Kabupaten Badung, Bali 80361, Indonesia",http://www.horizonhospitality.com/,https://maps.google.com/?cid=11219514389919677915&g_mp=Cidnb29nbGUubWFwcy5wbGFjZXMudjEuUGxhY2VzLlNlYXJjaFRleHQQAhgEIAA,5,3,OPERATIONAL,corporate_office,property_investment,Funds hospitality projects; commissions new builds,hospitality investment company in Bali,-8.709068199999999,115.18007229999998,ChIJZ7EoOABH0i0R272L4-S4s5s
Impi Hospitality Management,+62 878-0017-6888,"Jl. Bypass Ngurah Rai No.99, Tuban, Kec. Kuta, Kabupaten Badung, Bali 80361, Indonesia",https://www.impihotels.com/,https://maps.google.com/?cid=7116878965019493972&g_mp=Cidnb29nbGUubWFwcy5wbGFjZXMudjEuUGxhY2VzLlNlYXJjaFRleHQQAhgEIAA,4.5,8,OPERATIONAL,consultant,property_investment,Funds hospitality projects; commissions new builds,hospitality investment company in Bali,-8.7417365,115.18149039999999,ChIJTZRejDRF0i0RVMZvO7Y7xGI
KB Valbury Sekuritas - Cabang Denpasar,+62 361 225229,"Komplek Ibis Styles Hotel, Jl. Teuku Umar No.177, Dauh Puri Kauh, Kec. Denpasar Bar., Kota Denpasar, Bali 80114, Indonesia",http://valbury.co.id/,https://maps.google.com/?cid=17995353880312365421&g_mp=Cidnb29nbGUubWFwcy5wbGFjZXMudjEuUGxhY2VzLlNlYXJjaFRleHQQAhgEIAA,4.4,7,OPERATIONAL,finance,property_investment,Funds hospitality projects; commissions new builds,hospitality investment company in Bali,-8.679022,115.2050112,ChIJi6k_88RA0i0RbUF3uwJXvPk
Kahayana Management,+62 812-3830-9818,"Jl. Mertasari Oberoi No.2, Seminyak, Kec. Kuta Utara, Kabupaten Badung, Bali 80361, Indonesia",http://kahayanamanagement.com/,https://maps.google.com/?cid=8516709244298976862&g_mp=Cidnb29nbGUubWFwcy5wbGFjZXMudjEuUGxhY2VzLlNlYXJjaFRleHQQAhgEIAA,3,2,OPERATIONAL,finance,property_investment,Funds hospitality projects; commissions new builds,hospitality investment company in Bali,-8.6836328,115.1598668,ChIJY0kM8KBH0i0RXt65Ke9tMXY
Kanaan Land,+62 361 2108174,"Jl. Hayam Wuruk No.181, Sumerta Kelod, Kec. Denpasar Tim., Kota Denpasar, Bali 80239, Indonesia",http://www.kanaanland.co.id/,https://maps.google.com/?cid=14481319739050539344&g_mp=Cidnb29nbGUubWFwcy5wbGFjZXMudjEuUGxhY2VzLlNlYXJjaFRleHQQAhgEIAA,4.5,15,OPERATIONAL,finance,property_investment,Funds hospitality projects; commissions new builds,hospitality investment company in Bali,-8.661194,115.24024729999998,ChIJk8sRf21B0i0RULn1zJP798g
Karma Group,+62 361 728287,"Jl. Bypass Ngurah Rai No.61, Pemogan, Denpasar Selatan, Kota Denpasar, Bali 80361, Indonesia",https://karmagroup.com/?utm_source=google&utm_medium=localseo&utm_campaign=localplaces&utm_content=karma_group,https://maps.google.com/?cid=10869039493084082112&g_mp=Cidnb29nbGUubWFwcy5wbGFjZXMudjEuUGxhY2VzLlNlYXJjaFRleHQQAhgEIAA,3.8,128,OPERATIONAL,resort_hotel,property_investment,Funds hospitality projects; commissions new builds,hospitality investment company in Bali,-8.7211721,115.1930994,ChIJmy-LlE1B0i0RwO_3EtWV1pY
Lifestyle Retreats Indonesia,+62 887-3404-130,"Jl. Taman Sari No.2, Benoa, Kec. Kuta Sel., Kabupaten Badung, Bali 80361, Indonesia",http://www.lifestyleretreats.com/,https://maps.google.com/?cid=11143917923572595297&g_mp=Cidnb29nbGUubWFwcy5wbGFjZXMudjEuUGxhY2VzLlNlYXJjaFRleHQQAhgEIAA,4.8,19,OPERATIONAL,corporate_office,property_investment,Funds hospitality projects; commissions new builds,hospitality investment company in Bali,-8.7917413,115.20535939999999,ChIJiQkA6WlD0i0RYTqn-E4mp5o
Luxury Palm Bali,+62 822-3089-1640,"Jl. Dukuh Indah No.58, Kerobokan Kelod, Kec. Kuta Utara, Kabupaten Badung, Bali 80361, Indonesia",https://www.luxurypalmbali.com/,https://maps.google.com/?cid=10755974286700212422&g_mp=Cidnb29nbGUubWFwcy5wbGFjZXMudjEuUGxhY2VzLlNlYXJjaFRleHQQAhgEIAA,5,1,OPERATIONAL,finance,property_investment,Funds hospitality projects; commissions new builds,property investment company in Bali,-8.6657618,115.16114009999998,ChIJTUZar7ZH0i0RxnAATKDlRJU
MAJA Hospitality Management,+62 859-5139-5758,"Jl. Pura Pengulapan II No.88, Ungasan, Kec. Kuta Sel., Kabupaten Badung, Bali 80361, Indonesia",https://majahospitality.com/,https://maps.google.com/?cid=2411227502168076333&g_mp=Cidnb29nbGUubWFwcy5wbGFjZXMudjEuUGxhY2VzLlNlYXJjaFRleHQQAhgEIAA,,,OPERATIONAL,service,property_investment,Funds hospitality projects; commissions new builds,hospitality investment company in Bali,-8.8087033,115.1604991,ChIJq-_j9GRb0i0RLXBhU6NmdiE
Mahadana Property Bali,+62 881-0374-84440,"Jl. Tukad Pakerisan No.69, Panjer, Kec. Denpasar Bar., Kota Denpasar, Bali 80225, Indonesia",http://www.mahadanaproperty.co.id/,https://maps.google.com/?cid=4553589847230656181&g_mp=Cidnb29nbGUubWFwcy5wbGFjZXMudjEuUGxhY2VzLlNlYXJjaFRleHQQAhgEIAA,5,8,OPERATIONAL,finance,property_investment,Funds hospitality projects; commissions new builds,property investment company in Bali,-8.687009399999999,115.2265461,ChIJoS0xeX5B0i0RtS4CEdeZMT8
Mata Air Realty - Bali Property,+62 812-3994-8080,"Jl. Banjar Padang No.34, Kerobokan, Kec. Kuta Utara, Kabupaten Badung, Bali 80363, Indonesia",https://www.mataair.id/,https://maps.google.com/?cid=14727435300277785798&g_mp=Cidnb29nbGUubWFwcy5wbGFjZXMudjEuUGxhY2VzLlNlYXJjaFRleHQQAhgEIAA,4,4,OPERATIONAL,finance,property_investment,Funds hospitality projects; commissions new builds,property investment company in Bali,-8.655197,115.1636758,ChIJ_UV7ReFH0i0RxhSbVWBcYsw
North Bali Investment,+62 899-0064-485,"R2VR+398, Celukbuluh Jl. Desa Kalibukbuk-Anturan, Anturan, Kec. Buleleng, Kabupaten Buleleng, Bali 81119, Indonesia",,https://maps.google.com/?cid=5087129357807848868&g_mp=Cidnb29nbGUubWFwcy5wbGFjZXMudjEuUGxhY2VzLlNlYXJjaFRleHQQAhgEIAA,5,1,OPERATIONAL,finance,property_investment,Funds hospitality projects; commissions new builds,property investment company in Bali,-8.1573081,115.04097209999999,ChIJWU6kBwCb0S0RpA2ZujIdmUY
Nusantara Hospitality,+62 819-1077-8999,"Jl. Mahendradatta Selatan No.7B, Pemecutan Klod, Kec. Denpasar Bar., Kota Denpasar, Bali 80119, Indonesia",https://www.nusantarahospitality.com/,https://maps.google.com/?cid=17767174982851883985&g_mp=Cidnb29nbGUubWFwcy5wbGFjZXMudjEuUGxhY2VzLlNlYXJjaFRleHQQAhgEIAA,,,OPERATIONAL,service,property_investment,Funds hospitality projects; commissions new builds,hospitality investment company in Bali,-8.6856301,115.18687670000001,ChIJlat1r85H0i0R0fMXK4OvkfY
Nuvaya Hospitality Group,+62 878-1032-7530,"Perumahan Buana Permai Jl. Gn. Tangkuban Perahu, Padangsambian, Kec. Denpasar Bar., Kota Denpasar, Bali 80117, Indonesia",https://www.nuvayabali.com/,https://maps.google.com/?cid=9217314879419329838&g_mp=Cidnb29nbGUubWFwcy5wbGFjZXMudjEuUGxhY2VzLlNlYXJjaFRleHQQAhgEIAA,,,OPERATIONAL,service,property_investment,Funds hospitality projects; commissions new builds,hospitality investment company in Bali,-8.6584816,115.1813668,ChIJbwLVaXVH0i0RLi22Igx76n8
OXO Living,+62 811-2877-7772,"Gg. Jalak VIB No.4, Tibubeneng, Kec. Kuta Utara, Kabupaten Badung, Bali 80365, Indonesia",https://oxoliving.com/,https://maps.google.com/?cid=6381478118650750346&g_mp=Cidnb29nbGUubWFwcy5wbGFjZXMudjEuUGxhY2VzLlNlYXJjaFRleHQQAhgEIAA,5,41,OPERATIONAL,service,property_investment,Funds hospitality projects; commissions new builds,hospitality investment company in Bali,-8.6499921,115.1457748,ChIJUZu3jNA50i0RiiUb1ImQj1g
PT. Aishwarya Bali International,+62 888-8778-998,"Jl. Werkudara Jl. Raya Legian, Legian, Kec. Kuta, Kabupaten Badung, Bali 80361, Indonesia",http://www.aishwarya-international.com/,https://maps.google.com/?cid=9200572701851670372&g_mp=Cidnb29nbGUubWFwcy5wbGFjZXMudjEuUGxhY2VzLlNlYXJjaFRleHQQAhgEIAA,5,9,OPERATIONAL,consultant,property_investment,Funds hospitality projects; commissions new builds,hospitality investment company in Bali,-8.7000172,115.16732049999999,ChIJQX75j0eKNIgRZFcGKCAAr38
PT. Dunia Raya Group,+62 899-9210-687,"Jl. Raya Munggu Jl. Raya Tanah Lot, Munggu, Kec. Mengwi, Kabupaten Badung, Bali 80351, Indonesia",https://duniarayagroup.com/,https://maps.google.com/?cid=14758780748559839965&g_mp=Cidnb29nbGUubWFwcy5wbGFjZXMudjEuUGxhY2VzLlNlYXJjaFRleHQQAhgEIAA,5,3,OPERATIONAL,finance,property_investment,Funds hospitality projects; commissions new builds,property investment company in Bali,-8.6295579,115.1317078,ChIJ0eue99c50i0R3XLIO-W40cw
PT. Trinity Konsultan Group,+62 823-4187-8520,"Jl. Gn. Soputan IA, Pemecutan Klod, Kec. Denpasar Bar., Kota Denpasar, Bali 80119, Indonesia",http://www.trinitykonsultangroup.com/,https://maps.google.com/?cid=12345965070392732289&g_mp=Cidnb29nbGUubWFwcy5wbGFjZXMudjEuUGxhY2VzLlNlYXJjaFRleHQQAhgEIAA,4.8,17,OPERATIONAL,corporate_office,property_investment,Funds hospitality projects; commissions new builds,hospitality investment company in Bali,-8.685325599999999,115.1891715,ChIJyR78cPNB0i0Rgaoj3tGtVas
PTAH BALI - VAST BALI,+62 821-4633-3864,"Jl. A.A. Gede Rai No.10, Lodtunduh, Kecamatan Ubud, Kabupaten Gianyar, Bali 80571, Indonesia",,https://maps.google.com/?cid=3794564264573091989&g_mp=Cidnb29nbGUubWFwcy5wbGFjZXMudjEuUGxhY2VzLlNlYXJjaFRleHQQAhgEIAA,5,5,OPERATIONAL,finance,property_investment,Funds hospitality projects; commissions new builds,property investment company in Bali,-8.55503,115.26198079999998,ChIJ8aZ3wsY90i0RlUBFGxgAqTQ
Pacifico Hospitality,+62 878-6249-5362,"Jl. Sunset Road No.28, Seminyak, Kec. Kuta, Kabupaten Badung, Bali 80361, Indonesia",http://pacificohospitality.com/,https://maps.google.com/?cid=6260635127117112514&g_mp=Cidnb29nbGUubWFwcy5wbGFjZXMudjEuUGxhY2VzLlNlYXJjaFRleHQQAhgEIAA,,,OPERATIONAL,consultant,property_investment,Funds hospitality projects; commissions new builds,hospitality investment company in Bali,-8.686865599999999,115.1704247,ChIJpRiZMW1H0i0RwuQlVHo-4lY
Premier Group - Premier Hospitality Asia,+62 812-3757-8265,"Jl. Raya Canggu No.9x, Kerobokan, Kec. Kuta Utara, Kabupaten Badung, Bali 80361, Indonesia",,https://maps.google.com/?cid=10249457996185715401&g_mp=Cidnb29nbGUubWFwcy5wbGFjZXMudjEuUGxhY2VzLlNlYXJjaFRleHQQAhgEIAA,,,OPERATIONAL,consultant,property_investment,Funds hospitality projects; commissions new builds,hospitality investment company in Bali,-8.6460765,115.1706195,ChIJ_5g0D4c50i0RycLvWr5jPY4
PutraMahkota.id,+62 819-3111-1237,"Jl. Raya Padang Luwih No.59, Dalung, Kec. Kuta Utara, Kabupaten Badung, Bali 80361, Indonesia",https://putramahkota.id/,https://maps.google.com/?cid=14300612297874996068&g_mp=Cidnb29nbGUubWFwcy5wbGFjZXMudjEuUGxhY2VzLlNlYXJjaFRleHQQAhgEIAA,4.7,3,OPERATIONAL,consultant,property_investment,Funds hospitality projects; commissions new builds,hospitality investment company in Bali,-8.6181839,115.17587630000001,ChIJxwdEcdg50i0RZPtr9R37dcY
Real Estate Investment,+62 822-4718-1295,"Jl. Bypass Ngurah Rai No.500, Sanur, Denpasar Selatan, Kota Denpasar, Bali 80228, Indonesia",http://www.rei24.com/,https://maps.google.com/?cid=5552918935348380512&g_mp=Cidnb29nbGUubWFwcy5wbGFjZXMudjEuUGxhY2VzLlNlYXJjaFRleHQQAhgEIAA,5,8,OPERATIONAL,real_estate_agency,property_investment,Funds hospitality projects; commissions new builds,property investment company in Bali,-8.704092,115.25471879999999,ChIJMbqxr-JB0i0RYAP731nuD00
Revolt Group,+62 888-8887-777,"Jl. Pemelisan Agung No.77, Tibubeneng, Kec. Kuta Utara, Kabupaten Badung, Bali 80361, Indonesia",http://revolt-group.com/,https://maps.google.com/?cid=638343591788060330&g_mp=Cidnb29nbGUubWFwcy5wbGFjZXMudjEuUGxhY2VzLlNlYXJjaFRleHQQAhgEIAA,4.6,10,OPERATIONAL,finance,property_investment,Funds hospitality projects; commissions new builds,property investment company in Bali,-8.6604837,115.13704609999998,ChIJx7rkdixH0i0Rqp4sWR3a2wg
Savanna Group - PT. Tirta Sedana Abadi,+62 823-5973-8899,"Jl. Merak Dua No.88, Ungasan, Kec. Kuta Sel., Kabupaten Badung, Bali 80361, Indonesia",http://savannagrp.com/,https://maps.google.com/?cid=12983682873176230306&g_mp=Cidnb29nbGUubWFwcy5wbGFjZXMudjEuUGxhY2VzLlNlYXJjaFRleHQQAhgEIAA,5,2,OPERATIONAL,consultant,property_investment,Funds hospitality projects; commissions new builds,hospitality investment company in Bali,-8.821172299999999,115.1659562,ChIJS995LGC_pEQRogn-W8hOL7Q
Sini Vie Resort & Spa Seminyak by iNi Vie Hospitality,+62 812-3850-4678,"Jl. Dewi Saraswati No.88 A, Seminyak, Kec. Kuta Utara, Kabupaten Badung, Bali 80361, Indonesia",http://inivie.com/sinivieresort/?utm_source=google&utm_medium=organic&utm_campaign=google_business_profile,https://maps.google.com/?cid=13626504647984864063&g_mp=Cidnb29nbGUubWFwcy5wbGFjZXMudjEuUGxhY2VzLlNlYXJjaFRleHQQAhgEIAA,4.8,1339,OPERATIONAL,resort_hotel,property_investment,Funds hospitality projects; commissions new builds,hospitality investment company in Bali,-8.6811955,115.1725843,ChIJcc-wiB5H0i0RP9tY8ccRG70
The Cakap Group - Bali Hospitality Management & Restaurant Consultants,+62 821-6000-3633,"Jl. Raya Canggu No.668, Tibubeneng, Kec. Kuta Utara, 80365, Tibubeneng, Kec. Kuta Utara, Kabupaten Badung, Bali 80361, Indonesia",https://thecakapgroup.com/,https://maps.google.com/?cid=1204930158897928146&g_mp=Cidnb29nbGUubWFwcy5wbGFjZXMudjEuUGxhY2VzLlNlYXJjaFRleHQQAhgEIAA,4.7,60,OPERATIONAL,consultant,property_investment,Funds hospitality projects; commissions new builds,hospitality investment company in Bali,-8.6437689,115.15660829999997,ChIJSd3RHmE50i0R0hdEdJjFuBA
The Olivia Hospitality & Property Management,+62 819-9947-5009,"Samping Tiki Bromo, Jl. Gunung Bromo No.23, Tegal Kertha, Kec. Denpasar Bar., Kota Denpasar, Bali 80122, Indonesia",,https://maps.google.com/?cid=202554491255049460&g_mp=Cidnb29nbGUubWFwcy5wbGFjZXMudjEuUGxhY2VzLlNlYXJjaFRleHQQAhgEIAA,,,OPERATIONAL,service,property_investment,Funds hospitality projects; commissions new builds,hospitality investment company in Bali,-8.6629376,115.19761190000001,ChIJUdtWV5RB0i0R9MzqkjyezwI
U Property Stars Bali,+62 811-3993-303,"Jl. Pulau Serangan No.19, Dauh Puri Klod, Kec. Denpasar Bar., Kota Denpasar, Bali 80114, Indonesia",,https://maps.google.com/?cid=7835933041634493068&g_mp=Cidnb29nbGUubWFwcy5wbGFjZXMudjEuUGxhY2VzLlNlYXJjaFRleHQQAhgEIAA,5,1,OPERATIONAL,finance,property_investment,Funds hospitality projects; commissions new builds,property investment company in Bali,-8.680027599999999,115.21224950000001,ChIJH4sJcVZB0i0RjMJetpXTvmw
"Umana Bali, LXR Hotels & Resorts",+62 361 3007000,"Jl. Melasti, Ungasan, Kec. Kuta Sel., Kabupaten Badung, Bali 80364, Indonesia",https://www.hilton.com/en/hotels/dpsolol-umana-bali-resort/?SEO_id=GMB-APAC-OL-DPSOLOL,https://maps.google.com/?cid=6404979283656245571&g_mp=Cidnb29nbGUubWFwcy5wbGFjZXMudjEuUGxhY2VzLlNlYXJjaFRleHQQAhgEIAA,4.9,1150,OPERATIONAL,resort_hotel,property_investment,Funds hospitality projects; commissions new builds,hospitality investment company in Bali,-8.843874099999999,115.1588927,ChIJu2Y6Idtb0i0RQwERNLkO41g
01ISLANDS SUMBA REAL ESTATE,+62 813-3870-8090,"Jl. Pantai Pererenan No.98, Pererenan, Kec. Mengwi, Bali, 80361, Indonesia",http://www.01islands.com/,https://maps.google.com/?cid=13816645329260722046&g_mp=Cidnb29nbGUubWFwcy5wbGFjZXMudjEuUGxhY2VzLlNlYXJjaFRleHQQAhgEIAA,5,5,OPERATIONAL,real_estate_agency,real_estate_agency,Sells land and off-plan villas; refers buyers who need a builder,"real estate agency in Pererenan, Bali",-8.644632099999999,115.12777340000001,ChIJl5wtYGxH0i0RfjclJrmVvr8
8 Degree Real Estate Agency,+62 878-4661-6888,"Teratai S18, Jl. Kayu Tulang, Canggu, Kec. Kuta Utara, Kabupaten Badung, Bali 80361, Indonesia",https://8degree.co/?utm_source=gmb&utm_medium=organic&utm_campaign=gmb,https://maps.google.com/?cid=9114516770272915057&g_mp=Cidnb29nbGUubWFwcy5wbGFjZXMudjEuUGxhY2VzLlNlYXJjaFRleHQQAhgEIAA,5,18,OPERATIONAL,service,real_estate_agency,Sells land and off-plan villas; refers buyers who need a builder,"real estate agency in Canggu, Bali",-8.643716,115.1437742,ChIJJf4tH8A50i0RcS51N7ZEfX4
AD PROPERTIES,+62 813-3945-5009,"AD Properties Bali, 5 no 12, Jl. Bidadari, Seminyak, Bali, Kabupaten Badung, Bali 80361, Indonesia",https://anniedeanproperties.com/,https://maps.google.com/?cid=18005039057878471189&g_mp=Cidnb29nbGUubWFwcy5wbGFjZXMudjEuUGxhY2VzLlNlYXJjaFRleHQQAhgEIAA,4.3,16,OPERATIONAL,real_estate_agency,real_estate_agency,Sells land and off-plan villas; refers buyers who need a builder,"real estate agency in Seminyak, Bali",-8.6832663,115.17207830000001,ChIJ116dTTtH0i0RFVLh26C_3vk
AR HOSPITALITY BALI,+62 877-6183-6477,"Jl. Umalas 1 No.58, Kerobokan Kelod, Kec. Kuta Utara, Kabupaten Badung, Bali 80361, Indonesia",http://arh.co.id/,https://maps.google.com/?cid=4623068511469378430&g_mp=Cidnb29nbGUubWFwcy5wbGFjZXMudjEuUGxhY2VzLlNlYXJjaFRleHQQAhgEIAA,5,1,OPERATIONAL,consultant,real_estate_agency,Sells land and off-plan villas; refers buyers who need a builder,"real estate agency in Umalas, Bali",-8.6690133,115.1573557,ChIJsz3XAaBH0i0RfhttLlFwKEA
Aastha House,+62 811-856-855,"Jl. Pantai Berawa Gg. HIU No.3, Tibubeneng, Kec. Kuta Utara, Kabupaten Badung, Bali, Indonesia",,https://maps.google.com/?cid=17964451661440681174&g_mp=Cidnb29nbGUubWFwcy5wbGFjZXMudjEuUGxhY2VzLlNlYXJjaFRleHQQAhgEIAA,4.8,4,OPERATIONAL,service,real_estate_agency,Sells land and off-plan villas; refers buyers who need a builder,"real estate agency in Berawa, Bali",-8.661793800000002,115.13822149999999,ChIJ1djmQ0NH0i0R1gTZOJuNTvk
Abimanyu Villas Seminyak,+62 812-3889-817,"Gg. Bima Jl. Raya Seminyak No.4, Seminyak, Kec. Kuta Utara, Kabupaten Badung, Bali 80361, Indonesia",https://www.baliabimanyuvillas.com/,https://maps.google.com/?cid=3278693006417211916&g_mp=Cidnb29nbGUubWFwcy5wbGFjZXMudjEuUGxhY2VzLlNlYXJjaFRleHQQAhgEIAA,4.4,50,OPERATIONAL,travel_agency,real_estate_agency,Sells land and off-plan villas; refers buyers who need a builder,"real estate agency in Seminyak, Bali",-8.691828500000002,115.16571279999998,ChIJz6BX47E40i0RDDIOB-tBgC0
Abirama Properties Bali,+62 813-3988-1868,"Jl. Bumbak No.108, Kerobokan, Kec. Kuta Utara, Kabupaten Badung, Bali 80361, Indonesia",https://www.instagram.com/p/C-9uBi3ypTQ/?igsh=NTc4MTIwNjQ2YQ==,https://maps.google.com/?cid=5993273237412147734&g_mp=Cidnb29nbGUubWFwcy5wbGFjZXMudjEuUGxhY2VzLlNlYXJjaFRleHQQAhgEIAA,5,21,OPERATIONAL,real_estate_agency,real_estate_agency,Sells land and off-plan villas; refers buyers who need a builder,"real estate agency in Umalas, Bali",-8.65771,115.1529097,ChIJG6-XDoxH0i0RFnLOdUFiLFM
Ajna Property Bali,+62 813-5387-3252,"Teratai Promenade, Jl. Shortcut Teratai Batu Bolong Shop P2, Canggu, Kec. Kuta Utara, Kabupaten Badung, Bali 80363, Indonesia",http://www.ajnaproperty.com/,https://maps.google.com/?cid=9181551605771382174&g_mp=Cidnb29nbGUubWFwcy5wbGFjZXMudjEuUGxhY2VzLlNlYXJjaFRleHQQAhgEIAA,5,12,OPERATIONAL,service,real_estate_agency,Sells land and off-plan villas; refers buyers who need a builder,"real estate agency in Canggu, Bali",-8.6438694,115.1422492,ChIJERswBEZH0i0Rnq3rHIpsa38
Alam Dewata Estate,+62 821-4008-5709,"Jl. Sempol No.27, Pererenan, Kec. Mengwi, Kabupaten Badung, Bali 80351, Indonesia",http://www.alamdewataestate.com/,https://maps.google.com/?cid=4987614399402226187&g_mp=Cidnb29nbGUubWFwcy5wbGFjZXMudjEuUGxhY2VzLlNlYXJjaFRleHQQAhgEIAA,5,32,OPERATIONAL,corporate_office,real_estate_agency,Sells land and off-plan villas; refers buyers who need a builder,"real estate agency in Pererenan, Bali",-8.6393141,115.1372646,ChIJya1opbs50i0RCzL-6N6QN0U
Alex Villas Sales Office,+62 811-3830-4587,"Jl. Echo Beach No.2, Tibubeneng, Kec. Kuta Utara, Kabupaten Badung, Bali 80361, Indonesia",https://alex-villas.com/,https://maps.google.com/?cid=17972574065728960572&g_mp=Cidnb29nbGUubWFwcy5wbGFjZXMudjEuUGxhY2VzLlNlYXJjaFRleHQQAhgEIAA,5,12,OPERATIONAL,real_estate_agency,real_estate_agency,Sells land and off-plan villas; refers buyers who need a builder,"real estate agency in Berawa, Bali",-8.6543533,115.1404769,ChIJ_bJM8Sg50i0RPDgs1-Noa_k
Alfred Property | Real Estate Bali,+62 821-4480-3358,"Jl. Canggu Padang Linjong No.12a, Canggu, Kec. Kuta Utara, Kabupaten Badung, Bali 80361, Indonesia",https://www.alfredproperty.com/,https://maps.google.com/?cid=17992597050701259228&g_mp=Cidnb29nbGUubWFwcy5wbGFjZXMudjEuUGxhY2VzLlNlYXJjaFRleHQQAhgEIAA,5,1,OPERATIONAL,consultant,real_estate_agency,Sells land and off-plan villas; refers buyers who need a builder,"real estate agency in Canggu, Bali",-8.6418046,115.1392216,ChIJQ58EX-Y50i0R3CHKUbCLsvk
Almalki real estate,+62 813-5363-1729,"Jl. Umalas, Kerobokan Kelod, Kec. Kuta Utara, Bali, 80361, Indonesia",,https://maps.google.com/?cid=17094359467988672413&g_mp=Cidnb29nbGUubWFwcy5wbGFjZXMudjEuUGxhY2VzLlNlYXJjaFRleHQQAhgEIAA,,,OPERATIONAL,consultant,real_estate_agency,Sells land and off-plan villas; refers buyers who need a builder,"real estate agency in Umalas, Bali",-8.6679525,115.16415470000001,ChIJ8zVG9YdH0i0Rnd9MyF1dO-0
Aluna Bali Property - Real Estate Agency,+62 813-3896-6091,"84RM+MQ7, Jl. Nelayan No.74, Canggu, Kec. Kuta Utara, Kabupaten Badung, Bali 80351, Indonesia",https://alunabali.com/,https://maps.google.com/?cid=7635327567710790188&g_mp=Cidnb29nbGUubWFwcy5wbGFjZXMudjEuUGxhY2VzLlNlYXJjaFRleHQQAhgEIAA,5,3,OPERATIONAL,service,real_estate_agency,Sells land and off-plan villas; refers buyers who need a builder,"real estate agency in Canggu, Bali",-8.6584031,115.1343209,ChIJBRmxQhlH0i0RLCImGfgh9mk
Andrew James Bali Property Agent | Ora Properties,+61 420 501 284,"Jl. Bumbak No.144, Kerobokan, Kec. Kuta Utara, Kabupaten Badung, Bali 80361, Indonesia",https://ora.properties/,https://maps.google.com/?cid=9670017488904976101&g_mp=Cidnb29nbGUubWFwcy5wbGFjZXMudjEuUGxhY2VzLlNlYXJjaFRleHQQAhgEIAA,5,4,OPERATIONAL,service,real_estate_agency,Sells land and off-plan villas; refers buyers who need a builder,"real estate agency in Kerobokan, Bali",-8.6628113,115.15208039999999,ChIJzYsYQgNH0i0R5fb-FazNMoY
BALI CENTRAL PROPERTY - REAL ESTATE AGENCY,+62 819-1175-5888,"Jl. Raya Semer, Kerobokan Kelod, Kec. Kuta Utara, Kabupaten Badung, Bali 80361, Indonesia",,https://maps.google.com/?cid=17471395977602570268&g_mp=Cidnb29nbGUubWFwcy5wbGFjZXMudjEuUGxhY2VzLlNlYXJjaFRleHQQAhgEIAA,,,OPERATIONAL,service,real_estate_agency,Sells land and off-plan villas; refers buyers who need a builder,"real estate agency in Kerobokan, Bali",-8.6588982,115.16296249999998,ChIJ8e46OwBH0i0RHJgw_xLedvI
BALI PROPERTY GROUP,+62 853-3315-1515,"Jl. Canggu Permai IV No.B1, BERAWA, Kec. Kuta Utara, Kabupaten Badung, Bali 80361, Indonesia",https://balipgroup.com/,https://maps.google.com/?cid=6050945608861993&g_mp=Cidnb29nbGUubWFwcy5wbGFjZXMudjEuUGxhY2VzLlNlYXJjaFRleHQQAhgEIAA,5,4,OPERATIONAL,finance,real_estate_agency,Sells land and off-plan villas; refers buyers who need a builder,"real estate agency in Berawa, Bali",-8.6495294,115.14585,ChIJc_a-5pQ50i0RKUmSj01_FQA
BVR Property,+62 361 9348918,"Gg. Meduri No.5, Seminyak, Kec. Kuta Utara, Kabupaten Badung, Bali 80236, Indonesia",https://bvrproperty.com/,https://maps.google.com/?cid=17220988000277617540&g_mp=Cidnb29nbGUubWFwcy5wbGFjZXMudjEuUGxhY2VzLlNlYXJjaFRleHQQAhgEIAA,3.7,92,OPERATIONAL,real_estate_agency,real_estate_agency,Sells land and off-plan villas; refers buyers who need a builder,"real estate agency in Berawa, Bali",-8.6817735,115.16527710000001,ChIJX8abZj1H0i0RhNvPdVg9_e4
Bali Bumi Real Estate Agency,+62 812-3914-3437,"Jalan Raya Adegan Adegan, Ped, Kec. Nusa Penida, Kabupaten Klungkung, Bali 80771, Indonesia",https://balibumi.com/,https://maps.google.com/?cid=13161366997912652772&g_mp=Cidnb29nbGUubWFwcy5wbGFjZXMudjEuUGxhY2VzLlNlYXJjaFRleHQQAhgEIAA,5,14,OPERATIONAL,real_estate_agency,real_estate_agency,Sells land and off-plan villas; refers buyers who need a builder,"real estate agency in Berawa, Bali",-8.694137099999999,115.5082911,ChIJAc-mpe5z0i0R5AsifY2RprY
Bali Coconut Living,+62 361 8476727,"Jl. Bumbak No.89b, Kerobokan, Kec. Kuta Utara, Kabupaten Badung, Bali 80361, Indonesia",http://www.balicoconutliving.com/?UTM_source=GMB_listing&UTM_medium=organic,https://maps.google.com/?cid=10263282167963951746&g_mp=Cidnb29nbGUubWFwcy5wbGFjZXMudjEuUGxhY2VzLlNlYXJjaFRleHQQAhgEIAA,4.7,148,OPERATIONAL,real_estate_agency,real_estate_agency,Sells land and off-plan villas; refers buyers who need a builder,"real estate agency in Canggu, Bali",-8.6546141,115.15357730000001,ChIJhUdCrGJH0i0RgqIXK8GAbo4
Bali Golden Realty,+62 813-2830-060,"Jl. Raya Padang Luwih No.12, Dalung, Kec. Kuta Utara, Kabupaten Badung, Bali 80113, Indonesia",https://baligoldenrealty.com/,https://maps.google.com/?cid=15516218487044206945&g_mp=Cidnb29nbGUubWFwcy5wbGFjZXMudjEuUGxhY2VzLlNlYXJjaFRleHQQAhgEIAA,5,1,OPERATIONAL,consultant,real_estate_agency,Sells land and off-plan villas; refers buyers who need a builder,"real estate agency in Berawa, Bali",-8.6133521,115.17589040000001,ChIJSzv7eNE50i0RYXGeaYGuVNc
Bali Land Office - Full Service Realtor - Land - Villas - Longterm Rentals,+62 361 738803,"Jl. Umalas No.1A, Kerobokan Kelod, Kuta/Kerobokan, Kabupaten Badung, Bali 80361, Indonesia",http://www.balilandoffice.com/,https://maps.google.com/?cid=4529541625871230538&g_mp=Cidnb29nbGUubWFwcy5wbGFjZXMudjEuUGxhY2VzLlNlYXJjaFRleHQQAhgEIAA,4.6,26,OPERATIONAL,real_estate_agency,real_estate_agency,Sells land and off-plan villas; refers buyers who need a builder,"real estate agency in Umalas, Bali",-8.668055599999999,115.1647222,ChIJk0VY5GlH0i0RSmZmNRwq3D4
Bali Legals,+62 812-2880-8010,"Jl. Sunset Road Number 29b, Seminyak, Kec. Kuta, Kabupaten Badung, Bali 80361, Indonesia",https://balilegals.com/,https://maps.google.com/?cid=4604996812743203267&g_mp=Cidnb29nbGUubWFwcy5wbGFjZXMudjEuUGxhY2VzLlNlYXJjaFRleHQQAhgEIAA,4.9,242,OPERATIONAL,consultant,real_estate_agency,Sells land and off-plan villas; refers buyers who need a builder,"real estate agency in Seminyak, Bali",-8.6877259,115.170936,ChIJT9Jr8RpH0i0Rw1ld7zM86D8
Bali Life Property,+62 813-3792-8484,"Jl. Pengubengan Kauh, Kerobokan, Kec. Kuta Utara, Kabupaten Badung, Bali 80361, Indonesia",https://bali-life.pro/,https://maps.google.com/?cid=6214809400084362120&g_mp=Cidnb29nbGUubWFwcy5wbGFjZXMudjEuUGxhY2VzLlNlYXJjaFRleHQQAhgEIAA,5,12,OPERATIONAL,real_estate_agency,real_estate_agency,Sells land and off-plan villas; refers buyers who need a builder,"real estate agency in Kerobokan, Bali",-8.6628023,115.1684638,ChIJnR41fb1H0i0RiHPJzjhwP1Y
Bali Luxury Homes Property,+62 812-9925-4082,"Jl. Raya Tumbakbayuh - Pererenan Gg. PR.Ratu Ngurah No.9X, Tumbak Bayuh, Kec. Mengwi, Kabupaten Badung, Bali 80351, Indonesia",http://www.baliluxury-homes.com/,https://maps.google.com/?cid=4016254947333658129&g_mp=Cidnb29nbGUubWFwcy5wbGFjZXMudjEuUGxhY2VzLlNlYXJjaFRleHQQAhgEIAA,4.4,7,OPERATIONAL,real_estate_agency,real_estate_agency,Sells land and off-plan villas; refers buyers who need a builder,"real estate agency in Canggu, Bali",-8.6177568,115.14247879999999,ChIJn-oCCgA50i0REVY6d5iavDc
Bali Property Scout,+62 823-4189-1047,"Jl. Sempol No.17B, Pererenan, Kec. Mengwi, Kabupaten Badung, Bali 80351, Indonesia",https://balipropertyscout.com/,https://maps.google.com/?cid=3038201845323080600&g_mp=Cidnb29nbGUubWFwcy5wbGFjZXMudjEuUGxhY2VzLlNlYXJjaFRleHQQAhgEIAA,5,4,OPERATIONAL,consultant,real_estate_agency,Sells land and off-plan villas; refers buyers who need a builder,"real estate agency in Pererenan, Bali",-8.6406847,115.1365007,ChIJvbkCkvM50i0RmCNrMnvcKSo
Bali Real Estate Consultants,+62 877-6131-1941,"Jl. Bypass Ngurah Rai No.67, Kedonganan, Kec. Kuta, Kabupaten Badung, Bali 80361, Indonesia",https://balirealestateconsultants.com/,https://maps.google.com/?cid=11427286309429450130&g_mp=Cidnb29nbGUubWFwcy5wbGFjZXMudjEuUGxhY2VzLlNlYXJjaFRleHQQAhgEIAA,4.6,27,OPERATIONAL,real_estate_agency,real_estate_agency,Sells land and off-plan villas; refers buyers who need a builder,"real estate agency in Berawa, Bali",-8.7667387,115.17856400000001,ChIJE0ZMZ8xB0i0RkhU6pFrglZ4
Bali Villa 4 Bedroom,+62 821-4616-3049,"Jl. Kayu Aya, Seminyak, Kec. Kuta, Kabupaten Badung, Bali 80361, Indonesia",https://balivilla4bedroom.com/,https://maps.google.com/?cid=257147866590988637&g_mp=Cidnb29nbGUubWFwcy5wbGFjZXMudjEuUGxhY2VzLlNlYXJjaFRleHQQAhgEIAA,4.7,6,OPERATIONAL,service,real_estate_agency,Sells land and off-plan villas; refers buyers who need a builder,"real estate agency in Seminyak, Bali",-8.682999299999999,115.15675970000001,ChIJuS3IHhNH0i0RXcnnSp-SkQM
Bali property 8833,+62 881-0109-20734,"Jl. Raya Padonan No.1B, Tibubeneng, Kec. Kuta Utara, Kabupaten Badung, Bali 80361, Indonesia",https://baliproperty8833.com/,https://maps.google.com/?cid=17746103496557592705&g_mp=Cidnb29nbGUubWFwcy5wbGFjZXMudjEuUGxhY2VzLlNlYXJjaFRleHQQAhgEIAA,4.9,40,OPERATIONAL,real_estate_agency,real_estate_agency,Sells land and off-plan villas; refers buyers who need a builder,"real estate agency in Canggu, Bali",-8.6261128,115.16486499999999,ChIJ566nwrM50i0RgQCicxvTRvY
Balisa Villa Umalas,+62 813-8982-068,"Jl. Bumbak Gg. Pulau 27, Kerobokan, Kec. Kuta Utara, Kabupaten Badung, Bali 80361, Indonesia",,https://maps.google.com/?cid=5926746939797357931&g_mp=Cidnb29nbGUubWFwcy5wbGFjZXMudjEuUGxhY2VzLlNlYXJjaFRleHQQAhgEIAA,5,5,OPERATIONAL,service,real_estate_agency,Sells land and off-plan villas; refers buyers who need a builder,"real estate agency in Umalas, Bali",-8.6530323,115.15544369999999,ChIJOdtrj_xH0i0Ra0VBxPAIQFI
Balitecture Realty,+62 811-3909-045,"Jl. Pemelisan Agung, Tibubeneng, Kec. Kuta Utara, Kabupaten Badung, Bali 80361, Indonesia",https://www.balitecturerealty.com/,https://maps.google.com/?cid=8220709655472940758&g_mp=Cidnb29nbGUubWFwcy5wbGFjZXMudjEuUGxhY2VzLlNlYXJjaFRleHQQAhgEIAA,5,7,OPERATIONAL,service,real_estate_agency,Sells land and off-plan villas; refers buyers who need a builder,"real estate agency in Canggu, Bali",-8.6598183,115.13763079999998,ChIJmyUArEhH0i0R1qYWYODTFXI
Best Bali Real Estate,+62 812-3814-014,"Jl. Karang Sari No.5, Sanur, Denpasar Selatan, Kota Denpasar, Bali 80228, Indonesia",http://www.bestbalirealestate.com/,https://maps.google.com/?cid=4357538166403029803&g_mp=Cidnb29nbGUubWFwcy5wbGFjZXMudjEuUGxhY2VzLlNlYXJjaFRleHQQAhgEIAA,4.6,8,OPERATIONAL,service,real_estate_agency,Sells land and off-plan villas; refers buyers who need a builder,"real estate agency in Berawa, Bali",-8.701879600000002,115.26103820000002,ChIJpRh_Nc5B0i0RK9uoB-AVeTw
"Best Properties In Bali - Real Estate Agents In Bali - Buy House , Villa Or Property In Bali",+62 896-5135-2649,"943Q+2R3, Jl. Pantai Batu Bolong, Canggu, Kec. Kuta Utara, Kabupaten Badung, Bali 80361, Indonesia",,https://maps.google.com/?cid=9370117912277319192&g_mp=Cidnb29nbGUubWFwcy5wbGFjZXMudjEuUGxhY2VzLlNlYXJjaFRleHQQAhgEIAA,5,2,OPERATIONAL,service,real_estate_agency,Sells land and off-plan villas; refers buyers who need a builder,"real estate agency in Canggu, Bali",-8.647499999999999,115.139551,ChIJa6xBCX040i0RGH7QoJhYCYI
Betterplace (formerly bnbprofits),+62 813-7773-2003,"Jl. Raya Semat, Taman Tamora, Tibubeneng, Kec. Kuta Utara, Kabupaten Badung, Bali 80361, Indonesia",https://betterplace.cc/?utm_source=google&utm_medium=maps&utm_campaign=berawa_profile,https://maps.google.com/?cid=7881350062327583735&g_mp=Cidnb29nbGUubWFwcy5wbGFjZXMudjEuUGxhY2VzLlNlYXJjaFRleHQQAhgEIAA,4.7,373,OPERATIONAL,service,real_estate_agency,Sells land and off-plan villas; refers buyers who need a builder,"real estate agency in Canggu, Bali",-8.6568278,115.1406802,ChIJtQdk3b9H0i0R99OJ3x8uYG0
Bloom Umalas Villa,+62 811-3930-307,"85V4+H2V, Kerobokan, Kuta Utara, Badung Regency, Bali 80361, Indonesia",https://wa.me/628113930307,https://maps.google.com/?cid=8752028098418831846&g_mp=Cidnb29nbGUubWFwcy5wbGFjZXMudjEuUGxhY2VzLlNlYXJjaFRleHQQAhgEIAA,4,1,OPERATIONAL,service,real_estate_agency,Sells land and off-plan villas; refers buyers who need a builder,"real estate agency in Umalas, Bali",-8.656062499999999,115.15506249999999,ChIJl1GpQwBH0i0R5vF9bi9zdXk
Blue Beach Bali | Real Estate - Canggu Office,+62 822-6669-1098,"Jl. Raya Kayutulang No.45-39, Canggu, Kec. Kuta Utara, Kabupaten Badung, Bali 80351, Indonesia",https://bluebeachbali.com/,https://maps.google.com/?cid=7201596138862076391&g_mp=Cidnb29nbGUubWFwcy5wbGFjZXMudjEuUGxhY2VzLlNlYXJjaFRleHQQAhgEIAA,5,10,OPERATIONAL,consultant,real_estate_agency,Sells land and off-plan villas; refers buyers who need a builder,"real estate agency in Canggu, Bali",-8.638949,115.14732120000001,ChIJHwA7ta850i0R5-GyWIg18WM
Blue Origin Bali,+62 823-1327-6100,"Pererenan, Mengwi, Badung Regency, Bali 80351, Indonesia",https://baliedge.com/,https://maps.google.com/?cid=437795788505313744&g_mp=Cidnb29nbGUubWFwcy5wbGFjZXMudjEuUGxhY2VzLlNlYXJjaFRleHQQAhgEIAA,4.8,28,OPERATIONAL,service,real_estate_agency,Sells land and off-plan villas; refers buyers who need a builder,"real estate agency in Pererenan, Bali",-8.637706699999999,115.12827050000001,ChIJGQYPcQA50i0R0HEFOvNcEwY
Brighton Canggu - Jual Beli Sewa KPR Properti - Agen Properti Bali,+62 361 9399115,"Jl. Gunung Salak Utara No.108, Kerobokan, Kec. Kuta Utara, Kabupaten Badung, Bali 80361, Indonesia",http://www.brighton.co.id/,https://maps.google.com/?cid=816966583241526298&g_mp=Cidnb29nbGUubWFwcy5wbGFjZXMudjEuUGxhY2VzLlNlYXJjaFRleHQQAhgEIAA,4.7,23,OPERATIONAL,service,real_estate_agency,Sells land and off-plan villas; refers buyers who need a builder,"real estate agency in Canggu, Bali",-8.6569573,115.1741789,ChIJoURhVCo50i0RGsx5a8dyVgs
CASA MARGARITA BALI,+62 877-6188-8660,"Gg. Pandan Asri 1 No.2, Canggu, Kec. Mengwi, Kabupaten Badung, Bali 80361, Indonesia",http://www.casamargaritabali.com/,https://maps.google.com/?cid=17544957752337366250&g_mp=Cidnb29nbGUubWFwcy5wbGFjZXMudjEuUGxhY2VzLlNlYXJjaFRleHQQAhgEIAA,4.4,40,OPERATIONAL,travel_agency,real_estate_agency,Sells land and off-plan villas; refers buyers who need a builder,"real estate agency in Canggu, Bali",-8.6209566,115.1469589,ChIJwY_0Zvk40i0R6vxNWx42fPM
Canggu Properti,+62 812-1111-6820,"Jl. Tegal Sari No.23, Tibubeneng, Kec. Kuta Utara, Kabupaten Badung, Bali 80361, Tibubeneng, Kec. Kuta Utara, Kabupaten Badung, Bali 81114, Indonesia",https://cangguproperti.com/,https://maps.google.com/?cid=8523983036081667344&g_mp=Cidnb29nbGUubWFwcy5wbGFjZXMudjEuUGxhY2VzLlNlYXJjaFRleHQQAhgEIAA,4.5,32,OPERATIONAL,finance,real_estate_agency,Sells land and off-plan villas; refers buyers who need a builder,"real estate agency in Canggu, Bali",-8.658029299999999,115.14342420000001,ChIJlTWOnGU50i0REH0ayWhFS3Y
Cherish Villa Umalas Bali,+62 813-1443-4388,"Gg. Pulau 31A, Kerobokan, Kec. Kuta Utara, Kabupaten Badung, Bali 80361, Indonesia",,https://maps.google.com/?cid=1822124310122567322&g_mp=Cidnb29nbGUubWFwcy5wbGFjZXMudjEuUGxhY2VzLlNlYXJjaFRleHQQAhgEIAA,5,15,OPERATIONAL,service,real_estate_agency,Sells land and off-plan villas; refers buyers who need a builder,"real estate agency in Umalas, Bali",-8.653815999999999,115.1549321,ChIJ6db6f5U50i0RmpZ18Wd8SRk
El Agua Villas,+62 878-1997-5335,"Jl. Bumbak No.80, Kerobokan Kelod, Kec. Kuta Utara, Kabupaten Badung, Kerobokan, Kec. Kuta Utara, Bali, 80361, Indonesia",https://elaguavillas.com/,https://maps.google.com/?cid=11199060443366714&g_mp=Cidnb29nbGUubWFwcy5wbGFjZXMudjEuUGxhY2VzLlNlYXJjaFRleHQQAhgEIAA,5,2,OPERATIONAL,real_estate_agency,real_estate_agency,Sells land and off-plan villas; refers buyers who need a builder,"real estate agency in Kerobokan, Bali",-8.6621095,115.15168849999998,ChIJ_ZTxGQVH0i0ROoWLc3zJJwA
Elite Havens,+62 361 737498,"Jl. Raya Semer Banjar Semer No.883, Kerobokan, Kec. Kuta Utara, Kabupaten Badung, Bali 80361, Indonesia",https://www.elitehavens.com/?utm_source=google&utm_medium=organic&utm_campaign=gmblisting&utm_content=bali,https://maps.google.com/?cid=9116213267300375023&g_mp=Cidnb29nbGUubWFwcy5wbGFjZXMudjEuUGxhY2VzLlNlYXJjaFRleHQQAhgEIAA,4.1,89,OPERATIONAL,travel_agency,real_estate_agency,Sells land and off-plan villas; refers buyers who need a builder,"real estate agency in Kerobokan, Bali",-8.657422,115.1629562,ChIJD7io6sVG0i0R71kktqpLg34
Elska Villa,+62 887-3330-008,"Jl. Umalas 1 No.7, Kerobokan Kelod, Kec. Kuta Utara, Kabupaten Badung, Bali 80361, Indonesia",https://www.airbnb.com/rooms/52816878,https://maps.google.com/?cid=11440266637009164584&g_mp=Cidnb29nbGUubWFwcy5wbGFjZXMudjEuUGxhY2VzLlNlYXJjaFRleHQQAhgEIAA,4.8,24,OPERATIONAL,service,real_estate_agency,Sells land and off-plan villas; refers buyers who need a builder,"real estate agency in Umalas, Bali",-8.6700772,115.16107739999998,ChIJVSbsuu1H0i0RKBmvquT9w54
Exotiq Property,+62 819-9959-9998,"Jl. Raya Tiyingtutul Gg. Lely No.2, Pererenan, Kec. Kuta Utara, Kabupaten Badung, Bali 80351, Indonesia",https://www.exotiqproperty.com/,https://maps.google.com/?cid=4761868558567073520&g_mp=Cidnb29nbGUubWFwcy5wbGFjZXMudjEuUGxhY2VzLlNlYXJjaFRleHQQAhgEIAA,4.7,23,OPERATIONAL,real_estate_agency,real_estate_agency,Sells land and off-plan villas; refers buyers who need a builder,"real estate agency in Canggu, Bali",-8.6308281,115.14027129999998,ChIJgV5e9Q1H0i0R8OZ9fDmOFUI
Focus on 4,+61 434 158 672,"Jl. Camplung Tanduk No.24, Seminyak, Kec. Kuta, Kabupaten Badung, Bali 80361, Indonesia",https://focuson4.com/,https://maps.google.com/?cid=12969081838100435260&g_mp=Cidnb29nbGUubWFwcy5wbGFjZXMudjEuUGxhY2VzLlNlYXJjaFRleHQQAhgEIAA,4.9,18,OPERATIONAL,travel_agency,real_estate_agency,Sells land and off-plan villas; refers buyers who need a builder,"real estate agency in Seminyak, Bali",-8.6908482,115.1668452,ChIJRaDssKJH0i0RPFHy9jdv-7M
Friede Property Office,+62 813-3919-8826,"948G+CJH, Jl. Babadan, Pererenan, Kec. Mengwi, Kabupaten Badung, Bali 80361, Indonesia",https://www.friede-property.com/,https://maps.google.com/?cid=16022371508271730864&g_mp=Cidnb29nbGUubWFwcy5wbGFjZXMudjEuUGxhY2VzLlNlYXJjaFRleHQQAhgEIAA,5,2,OPERATIONAL,consultant,real_estate_agency,Sells land and off-plan villas; refers buyers who need a builder,"real estate agency in Pererenan, Bali",-8.6339375,115.12656249999999,ChIJl36ZTAA50i0RsFDgIf_lWt4
Geonet Properties,+61 1800 951 331,"Jl. Raya Kerobokan No.86, Kerobokan Kelod, Kec. Kuta Utara, Kabupaten Badung, Bali 80361, Indonesia",https://geonet.properties/,https://maps.google.com/?cid=12477735800710012111&g_mp=Cidnb29nbGUubWFwcy5wbGFjZXMudjEuUGxhY2VzLlNlYXJjaFRleHQQAhgEIAA,4.8,62,OPERATIONAL,real_estate_agency,real_estate_agency,Sells land and off-plan villas; refers buyers who need a builder,"real estate agency in Kerobokan, Bali",-8.6785249,115.16439849999999,ChIJd8ioS8M50i0Rz5x-0pnSKa0
HARTONO BAMS - EXCELLENT BALI PROPERTY,+62 812-3766-6061,"BATU MEJAN SQUARE Jalan Raya Batu Mejan No.88, Canggu, Jln Raya Batu Mejan No.88, Canggu, Kec. Kuta Utara, Kabupaten Badung, Bali 80224, Indonesia",,https://maps.google.com/?cid=8248397925840957381&g_mp=Cidnb29nbGUubWFwcy5wbGFjZXMudjEuUGxhY2VzLlNlYXJjaFRleHQQAhgEIAA,5,6,OPERATIONAL,real_estate_agency,real_estate_agency,Sells land and off-plan villas; refers buyers who need a builder,"real estate agency in Canggu, Bali",-8.654067399999999,115.12693219999998,ChIJ_QP4OiJB0i0Rxa_RLzYyeHI
Harcourts Purba Bali,+62 878-3848-0460,"Jl. Pemelisan Agung No.22, Tibubeneng, Kec. Kuta Utara, Kabupaten Badung, Bali 80363, Indonesia",http://www.harcourtspurbabali.com/,https://maps.google.com/?cid=13819083164809994798&g_mp=Cidnb29nbGUubWFwcy5wbGFjZXMudjEuUGxhY2VzLlNlYXJjaFRleHQQAhgEIAA,4.8,20,OPERATIONAL,service,real_estate_agency,Sells land and off-plan villas; refers buyers who need a builder,"real estate agency in Canggu, Bali",-8.6594505,115.1385631,ChIJ6ciHmpxH0i0RLqIU-Os-x78
House Renting,+62 812-3654-5723,"Villa manggo, pererenan, Kec. Mengwi, Kabupaten Badung, Bali 80361, Indonesia",http://www.house-renting.com/,https://maps.google.com/?cid=9987082105605626374&g_mp=Cidnb29nbGUubWFwcy5wbGFjZXMudjEuUGxhY2VzLlNlYXJjaFRleHQQAhgEIAA,5,6,OPERATIONAL,real_estate_agency,real_estate_agency,Sells land and off-plan villas; refers buyers who need a builder,"real estate agency in Pererenan, Bali",-8.5802775,115.15228809999999,ChIJpeAEQF840i0RBppI30I-mYo
KLS ARCHITECTURE STUDIO,+62 813-3900-7365,"Jl. Pantai Pererenan No.1B, Pererenan, Kec. Mengwi, Kabupaten Badung, Bali 80351, Indonesia",https://www.klsbaliestate.com/explore-projects,https://maps.google.com/?cid=3361975310676215633&g_mp=Cidnb29nbGUubWFwcy5wbGFjZXMudjEuUGxhY2VzLlNlYXJjaFRleHQQAhgEIAA,4.6,32,OPERATIONAL,general_contractor,real_estate_agency,Sells land and off-plan villas; refers buyers who need a builder,"real estate agency in Pererenan, Bali",-8.6320329,115.13432519999999,ChIJL_DAgJg50i0RUUd9iLsiqC4
Kana-ya Umalas,+62 878-0205-7355,"Jl. Umalas II No.83, Kerobokan Kelod, Kec. Kuta Utara, Kabupaten Badung, Bali 80361, Indonesia",,https://maps.google.com/?cid=14933095876494359141&g_mp=Cidnb29nbGUubWFwcy5wbGFjZXMudjEuUGxhY2VzLlNlYXJjaFRleHQQAhgEIAA,5,2,OPERATIONAL,service,real_estate_agency,Sells land and off-plan villas; refers buyers who need a builder,"real estate agency in Umalas, Bali",-8.666918899999999,115.15602769999998,ChIJb5WTYf5H0i0RZfpLq5QDPc8
Karaya Villas Umalas,+62 813-3383-3883,"Jl. Raya Kerobokan Gang Karaya No.369, Kerobokan Kelod, Kec. Kuta Utara, Kabupaten Badung, Bali 80361, Indonesia",https://www.karayavillasumalas.com/,https://maps.google.com/?cid=10728841779765390780&g_mp=Cidnb29nbGUubWFwcy5wbGFjZXMudjEuUGxhY2VzLlNlYXJjaFRleHQQAhgEIAA,5,48,OPERATIONAL,service,real_estate_agency,Sells land and off-plan villas; refers buyers who need a builder,"real estate agency in Umalas, Bali",-8.6679209,115.1649889,ChIJQ3GzU4ZH0i0RvC1JPsGA5JQ
Kedungu Real Estate,+62 812-3909-1085,"Jl. Pantai Kedungu, Belalang, Kec. Kediri, Kabupaten Tabanan, Bali 82121, Indonesia",https://kedungurealestate.com/,https://maps.google.com/?cid=15851898703149237979&g_mp=Cidnb29nbGUubWFwcy5wbGFjZXMudjEuUGxhY2VzLlNlYXJjaFRleHQQAhgEIAA,5,18,OPERATIONAL,real_estate_agency,real_estate_agency,Sells land and off-plan villas; refers buyers who need a builder,"real estate agency in Pererenan, Bali",-8.605269,115.0887919,ChIJn78pebY50i0R24avMOJB_ds
Kibarer Property,+62 882-1908-2080,"Jl. Petitenget No.9, Kerobokan, Bali, Kabupaten Badung, Bali 80361, Indonesia",https://www.villabalisale.com/?utm_source=Kibarer+Google+business&utm_medium=Business+google&utm_campaign=Google+business+kp&utm_id=Business+,https://maps.google.com/?cid=4335079588986633039&g_mp=Cidnb29nbGUubWFwcy5wbGFjZXMudjEuUGxhY2VzLlNlYXJjaFRleHQQAhgEIAA,4.6,342,OPERATIONAL,real_estate_agency,real_estate_agency,Sells land and off-plan villas; refers buyers who need a builder,"real estate agency in Berawa, Bali",-8.6714175,115.1607535,ChIJ_dyPn2tH0i0RTzuY_upLKTw
Kibarer Property Canggu,+62 361 9064565,"Jl. Pantai Batu Bolong No.57, Canggu, Kec. Kuta Utara, Kabupaten Badung, Bali 80361, Indonesia",http://www.villabalisale.com/,https://maps.google.com/?cid=4395786216832326157&g_mp=Cidnb29nbGUubWFwcy5wbGFjZXMudjEuUGxhY2VzLlNlYXJjaFRleHQQAhgEIAA,4.3,14,OPERATIONAL,real_estate_agency,real_estate_agency,Sells land and off-plan villas; refers buyers who need a builder,"real estate agency in Canggu, Bali",-8.6512143,115.13459979999999,ChIJVVWFHYg40i0RDVrZOkb4AD0
Kibarer Property Pererenan,+62 812-3960-5454,"Jl. Sempol No.25, Pererenan, Kec. Mengwi, Kabupaten Badung, Bali 80351, Indonesia",http://villabalisale.com/,https://maps.google.com/?cid=229707450554930585&g_mp=Cidnb29nbGUubWFwcy5wbGFjZXMudjEuUGxhY2VzLlNlYXJjaFRleHQQAhgEIAA,4.5,6,OPERATIONAL,finance,real_estate_agency,Sells land and off-plan villas; refers buyers who need a builder,"real estate agency in Pererenan, Bali",-8.637133,115.13840429999998,ChIJfWTaapM50i0RmVWWkLUVMAM
Kosong Satu Group,+62 813-3870-8090,"Jl. Pantai Pererenan No.98C, Pererenan, Kec. Mengwi, Kabupaten Badung, Bali 80351, Indonesia",https://www.kosongsatugroup.com/,https://maps.google.com/?cid=4458990727062798916&g_mp=Cidnb29nbGUubWFwcy5wbGFjZXMudjEuUGxhY2VzLlNlYXJjaFRleHQQAhgEIAA,5,1,OPERATIONAL,,real_estate_agency,Sells land and off-plan villas; refers buyers who need a builder,"real estate agency in Pererenan, Bali",-8.644597599999999,115.1277988,ChIJ2bw1yGc50i0RRMJWB3GE4T0
Kubu Bali Property,+62 361 739188,"Raya kerobokan Kelod No.188 Lt.2, Seminyak, Kerobokan Kelod, Kec. Kuta Utara, Kabupaten Badung, Bali 80361, Indonesia",http://www.kububaliproperty.com/,https://maps.google.com/?cid=5703421246935897438&g_mp=Cidnb29nbGUubWFwcy5wbGFjZXMudjEuUGxhY2VzLlNlYXJjaFRleHQQAhgEIAA,5,1,OPERATIONAL,real_estate_agency,real_estate_agency,Sells land and off-plan villas; refers buyers who need a builder,"real estate agency in Kerobokan, Bali",-8.665375599999999,115.1667087,ChIJ50ck7UJH0i0RXpUH9GefJk8
LBV Seminyak Apartment,+62 857-4184-9910,"Jl. Nakula Jl. Dewi Ratih No.3, Seminyak, Kec. Kuta, Kabupaten Badung, Bali 80361, Indonesia",https://leisurebalivilla.com/n/lbv-seminyak-apartment,https://maps.google.com/?cid=4011755533997728350&g_mp=Cidnb29nbGUubWFwcy5wbGFjZXMudjEuUGxhY2VzLlNlYXJjaFRleHQQAhgEIAA,,,OPERATIONAL,real_estate_agency,real_estate_agency,Sells land and off-plan villas; refers buyers who need a builder,"real estate agency in Seminyak, Bali",-8.699548,115.1748633,ChIJdQukAdxH0i0RXmKkKWeerDc
LJH Realty Grand Canggu,+62 361 9070702,"Pertokoan Anyar Kencana Jl. Raya Canggu No.2, Kerobokan, Kec. Kuta Utara, Kabupaten Badung, Bali 80361, Indonesia",,https://maps.google.com/?cid=10799941397426981623&g_mp=Cidnb29nbGUubWFwcy5wbGFjZXMudjEuUGxhY2VzLlNlYXJjaFRleHQQAhgEIAA,5,135,OPERATIONAL,real_estate_agency,real_estate_agency,Sells land and off-plan villas; refers buyers who need a builder,"real estate agency in Canggu, Bali",-8.646426199999999,115.165384,ChIJDX3be6I40i0R98qr_HoZ4ZU
LUXO PROPERTY,+62 823-1352-4101,"Jl. Pantai Pererenan No.80, Pererenan, Kec. Mengwi, Kabupaten Badung, Bali 80351, Indonesia",https://www.luxoproperty.co.id/,https://maps.google.com/?cid=5285645813529888953&g_mp=Cidnb29nbGUubWFwcy5wbGFjZXMudjEuUGxhY2VzLlNlYXJjaFRleHQQAhgEIAA,5,19,OPERATIONAL,real_estate_agency,real_estate_agency,Sells land and off-plan villas; refers buyers who need a builder,"real estate agency in Pererenan, Bali",-8.642277499999999,115.1291755,ChIJkYwh_is50i0Rucj649xiWkk
LaChance Real Estate,+62 812-3911-7885,"Jl. Pantai Munggu No.8, Munggu, Kec. Mengwi, Kabupaten Badung, Bali 80351, Indonesia",https://lachance.estate/,https://maps.google.com/?cid=6389640776825223795&g_mp=Cidnb29nbGUubWFwcy5wbGFjZXMudjEuUGxhY2VzLlNlYXJjaFRleHQQAhgEIAA,4.8,68,OPERATIONAL,real_estate_agency,real_estate_agency,Sells land and off-plan villas; refers buyers who need a builder,"real estate agency in Canggu, Bali",-8.637152799999999,115.12148010000001,ChIJM0jsWXs50i0Rc7oEyW6QrFg
Lasette Bali,+62 821-4274-3131,"Jl Umalas Il, No. 18, Kerobokan Kelod, Banjar, Umalas Kangin, Kec. Kuta Utara, Kabupaten Badung, Bali 80361, Indonesia",http://lasettebali.com/,https://maps.google.com/?cid=12996920862474589982&g_mp=Cidnb29nbGUubWFwcy5wbGFjZXMudjEuUGxhY2VzLlNlYXJjaFRleHQQAhgEIAA,5,4,OPERATIONAL,real_estate_agency,real_estate_agency,Sells land and off-plan villas; refers buyers who need a builder,"real estate agency in Umalas, Bali",-8.6678362,115.16050340000001,ChIJyU7xhK4XfygRHlep7alWXrQ
"Legal Legends Indonesia | Canggu | Visas, Business & Property Consulting in Bali",+62 812-3995-1929,"Jl. Subak Canggu No.1B, Canggu, Kec. Kuta Utara, Kabupaten Badung, Bali 80361, Indonesia",https://www.legallegendsindonesia.com/,https://maps.google.com/?cid=15241150077232516477&g_mp=Cidnb29nbGUubWFwcy5wbGFjZXMudjEuUGxhY2VzLlNlYXJjaFRleHQQAhgEIAA,4.9,240,OPERATIONAL,travel_agency,real_estate_agency,Sells land and off-plan villas; refers buyers who need a builder,"real estate agency in Canggu, Bali",-8.6529831,115.13805479999999,ChIJs3R2UxVH0i0RfY3cgT5xg9M
Legion Real Estate,+62 895-0019-76098,"Jl. Sunset Road No.900b, Seminyak, Kec. Kuta, Kabupaten Badung, Bali 80361, Indonesia",https://legion-real-estate.com/,https://maps.google.com/?cid=9693434281362481602&g_mp=Cidnb29nbGUubWFwcy5wbGFjZXMudjEuUGxhY2VzLlNlYXJjaFRleHQQAhgEIAA,4.4,36,OPERATIONAL,real_estate_agency,real_estate_agency,Sells land and off-plan villas; refers buyers who need a builder,"real estate agency in Seminyak, Bali",-8.6873237,115.1708883,ChIJqdst9V5H0i0RwmE08h7_hYY
Lila Villa Pererenan,+62 888-8888-7777,"946Q+XJF, Gg. Jl. Damai Jl. Sempol, Pererenan, Kec. Mengwi, Kabupaten Badung, Bali 80351, Indonesia",http://baliinvestclub.id/,https://maps.google.com/?cid=16202482415741923284&g_mp=Cidnb29nbGUubWFwcy5wbGFjZXMudjEuUGxhY2VzLlNlYXJjaFRleHQQAhgEIAA,4.2,5,OPERATIONAL,service,real_estate_agency,Sells land and off-plan villas; refers buyers who need a builder,"real estate agency in Pererenan, Bali",-8.6372052,115.13859459999999,ChIJp6IFlB050i0R1G_PpenH2uA
Listings Bali,+62 822-4766-3578,"Jl. By Pass Tanah Lot No.13, Beraban, Kec. Kediri, Kabupaten Tabanan, Bali 80351, Indonesia",https://listingsbali.com/,https://maps.google.com/?cid=11772141621536855003&g_mp=Cidnb29nbGUubWFwcy5wbGFjZXMudjEuUGxhY2VzLlNlYXJjaFRleHQQAhgEIAA,4.4,34,OPERATIONAL,real_estate_agency,real_estate_agency,Sells land and off-plan villas; refers buyers who need a builder,"real estate agency in Pererenan, Bali",-8.605282899999999,115.1066808,ChIJTb-Kq_U50i0R25NL7W4MX6M
Luxindo Property,+62 361 9347277,"Jl. Raya Kerobokan No.102, Kerobokan Kelod, Kec. Kuta Utara, Kabupaten Badung, Bali 80361, Indonesia",http://www.luxindoproperty.com/,https://maps.google.com/?cid=3164489686160097744&g_mp=Cidnb29nbGUubWFwcy5wbGFjZXMudjEuUGxhY2VzLlNlYXJjaFRleHQQAhgEIAA,4.5,26,OPERATIONAL,real_estate_agency,real_estate_agency,Sells land and off-plan villas; refers buyers who need a builder,"real estate agency in Berawa, Bali",-8.6797263,115.164403,ChIJLTH78RVH0i0R0MH1dpqG6is
Lux’ST & Real Estate Team,+62 822-312-312,"Jl. Canggu Padang Linjong No.8, Canggu, Kec. Kuta Utara, Kabupaten Badung, Bali 80351, Indonesia",https://luxst.io/,https://maps.google.com/?cid=3610335331050457673&g_mp=Cidnb29nbGUubWFwcy5wbGFjZXMudjEuUGxhY2VzLlNlYXJjaFRleHQQAhgEIAA,,,OPERATIONAL,real_estate_agency,real_estate_agency,Sells land and off-plan villas; refers buyers who need a builder,"real estate agency in Canggu, Bali",-8.6370225,115.14290349999997,ChIJcxQKiTo50i0RSQpO79p8GjI
MDT Property Group,+62 821-4780-5686,"Jl. Sunset Road No.88, Seminyak, Kec. Kuta, Kabupaten Badung, Bali 80361, Indonesia",http://www.mdtpropertygroup.com/,https://maps.google.com/?cid=7445859967281706012&g_mp=Cidnb29nbGUubWFwcy5wbGFjZXMudjEuUGxhY2VzLlNlYXJjaFRleHQQAhgEIAA,5,5,OPERATIONAL,real_estate_agency,real_estate_agency,Sells land and off-plan villas; refers buyers who need a builder,"real estate agency in Seminyak, Bali",-8.690494,115.17245,ChIJyT1yjEVH0i0RHLQgvTACVWc
MIO&PARTNERS.,+62 812-3782-4915,"Jl. Dukuh Indah No.51, Kerobokan Kelod, Kec. Kuta Utara, Kabupaten Badung, Bali 80361, Indonesia",https://www.mioandpartners.com/,https://maps.google.com/?cid=15195554707713415362&g_mp=Cidnb29nbGUubWFwcy5wbGFjZXMudjEuUGxhY2VzLlNlYXJjaFRleHQQAhgEIAA,5,23,OPERATIONAL,real_estate_agency,real_estate_agency,Sells land and off-plan villas; refers buyers who need a builder,"real estate agency in Umalas, Bali",-8.6653223,115.16323219999998,ChIJS2QEa3lH0i0RwthFRn904dI
Maier Group Bali - Berawa Office,+62 823-3992-6102,"Jl. Raya Semat No.17A, Canggu, Kec. Kuta Utara, Kabupaten Badung, Bali 80361, Indonesia",,https://maps.google.com/?cid=7082953140309845004&g_mp=Cidnb29nbGUubWFwcy5wbGFjZXMudjEuUGxhY2VzLlNlYXJjaFRleHQQAhgEIAA,,,OPERATIONAL,general_contractor,real_estate_agency,Sells land and off-plan villas; refers buyers who need a builder,"real estate agency in Berawa, Bali",-8.6543796,115.141939,ChIJI015wXY50i0RDOTnoFq0S2I
Mata Property,+62 813-8435-6601,"Jl. Gn. Tangkuban Perahu, Kerobokan Kelod, Kec. Kuta Utara, Kabupaten Badung, Bali 80361, Indonesia",https://matapropertybali.com/,https://maps.google.com/?cid=14882280407143799719&g_mp=Cidnb29nbGUubWFwcy5wbGFjZXMudjEuUGxhY2VzLlNlYXJjaFRleHQQAhgEIAA,5,84,OPERATIONAL,real_estate_agency,real_estate_agency,Sells land and off-plan villas; refers buyers who need a builder,"real estate agency in Umalas, Bali",-8.672517599999999,115.16944140000001,ChIJo9u-pi53wAARp9uPOy57iM4
Millovia Bali Real Estate,+62 823-2634-6453,"Jl. Pulau Batanta No.18b, Dauh Puri Kauh, Kec. Denpasar Bar., Kota Denpasar, Bali 80113, Indonesia",https://millovia.com/,https://maps.google.com/?cid=7010073050593438016&g_mp=Cidnb29nbGUubWFwcy5wbGFjZXMudjEuUGxhY2VzLlNlYXJjaFRleHQQAhgEIAA,5,3,OPERATIONAL,real_estate_agency,real_estate_agency,Sells land and off-plan villas; refers buyers who need a builder,"real estate agency in Berawa, Bali",-8.6826562,115.2000882,ChIJgy49gC9B0i0RQCkpbkzISGE
NEXA TOWNHOUSE UMALAS,+62 851-2694-4306,"Gg. Nakula, Kerobokan, Kec. Kuta Utara, Kabupaten Badung, Bali 80361, Indonesia",https://nexaumalas.com/,https://maps.google.com/?cid=925581145791400306&g_mp=Cidnb29nbGUubWFwcy5wbGFjZXMudjEuUGxhY2VzLlNlYXJjaFRleHQQAhgEIAA,4.9,77,OPERATIONAL,service,real_estate_agency,Sells land and off-plan villas; refers buyers who need a builder,"real estate agency in Umalas, Bali",-8.6548801,115.15102419999998,ChIJ-24g_-lH0i0Rcgmy7SVT2Aw
NF Group Indonesia Real Estate,+62 811-3098-8881,"Jl. Raya Canggu No.160, Canggu, Kec. Kuta Utara, Kabupaten Badung, Bali 80351, Indonesia",https://nfgroup-indonesia.com/,https://maps.google.com/?cid=9481079548972088044&g_mp=Cidnb29nbGUubWFwcy5wbGFjZXMudjEuUGxhY2VzLlNlYXJjaFRleHQQAhgEIAA,4.3,6,OPERATIONAL,real_estate_agency,real_estate_agency,Sells land and off-plan villas; refers buyers who need a builder,"real estate agency in Canggu, Bali",-8.6361303,115.1431274,ChIJGYL4DgvWVSQR7Lqz652Pk4M
NextGen Real Estate Co. - Berawa Bali,+62 821-3008-0039,"Gg. Strawberry, Tibubeneng, Kec. Kuta Utara, Kabupaten Badung, Tibubeneng, Kec. Kuta Utara, Berawa, Bali 80361, Indonesia",,https://maps.google.com/?cid=15914331338172625689&g_mp=Cidnb29nbGUubWFwcy5wbGFjZXMudjEuUGxhY2VzLlNlYXJjaFRleHQQAhgEIAA,4.5,2,OPERATIONAL,real_estate_agency,real_estate_agency,Sells land and off-plan villas; refers buyers who need a builder,"real estate agency in Berawa, Bali",-8.6559106,115.1421316,ChIJBf6xGY050i0RGXOlyQgQ29w
Oniriq Property Real Estate Agency,+62 823-3982-5879,"Jl. Raya Kerobokan No.5x, Kerobokan Kelod, Kec. Kuta Utara, Kabupaten Badung, Bali 80361, Indonesia",https://oniriqproperty.com/,https://maps.google.com/?cid=15258514472344251691&g_mp=Cidnb29nbGUubWFwcy5wbGFjZXMudjEuUGxhY2VzLlNlYXJjaFRleHQQAhgEIAA,4.8,25,OPERATIONAL,service,real_estate_agency,Sells land and off-plan villas; refers buyers who need a builder,"real estate agency in Umalas, Bali",-8.6632136,115.1671934,ChIJc6tmIWlH0i0RK208zBEiwdM
PROPERTIA REAL ESTATE ULUWATU,+62 818-0888-7711,"54M7+C2V, Jl. Labuansait, Pecatu, Kec. Kuta Sel., Kabupaten Badung, Bali 80361, Indonesia",http://www.propertia.com/,https://maps.google.com/?cid=5523502551818293681&g_mp=Cidnb29nbGUubWFwcy5wbGFjZXMudjEuUGxhY2VzLlNlYXJjaFRleHQQAhgEIAA,5,28,OPERATIONAL,real_estate_agency,real_estate_agency,Sells land and off-plan villas; refers buyers who need a builder,"real estate agency in Canggu, Bali",-8.816429000000001,115.1126178,ChIJp_Ur-M1F0i0RsdEXXU5sp0w
Pellago Real Estate & Property Management,+62 811-3821-7238,"Jl. Pantai Berawa.150 c, Canggu, Kec. Kuta Utara, Kabupaten Badung, Bali 80361, Tibubeneng, Kec. Kuta Utara, Kabupaten Badung, Bali 80351, Indonesia",https://pellagobali.com/,https://maps.google.com/?cid=4790926690229467454&g_mp=Cidnb29nbGUubWFwcy5wbGFjZXMudjEuUGxhY2VzLlNlYXJjaFRleHQQAhgEIAA,5,47,OPERATIONAL,real_estate_agency,real_estate_agency,Sells land and off-plan villas; refers buyers who need a builder,"real estate agency in Canggu, Bali",-8.6497127,115.1493126,ChIJt5G0Q7I50i0RPrkQ_HDKfEI
Power Property,+62 812-3888-897,"Mertanadi square, Jl. Mertanadi No.31 Blok B5, Kerobokan Kelod, Kec. Kuta Utara, Kabupaten Badung, Bali 80361, Indonesia",http://www.powerbali.com/,https://maps.google.com/?cid=10707913476601814358&g_mp=Cidnb29nbGUubWFwcy5wbGFjZXMudjEuUGxhY2VzLlNlYXJjaFRleHQQAhgEIAA,4.6,18,OPERATIONAL,real_estate_agency,real_estate_agency,Sells land and off-plan villas; refers buyers who need a builder,"real estate agency in Kerobokan, Bali",-8.6799122,115.16734559999999,ChIJX7xdJT1H0i0RVh148pImmpQ
Prestige Property Bali,+62 823-2255-4909,"84MX+C38, Jl. Subak Sari Unit No. 1, Tibubeneng, Kec. Kuta Utara, Kabupaten Badung, Bali 80361, Indonesia",https://prestigepropertybali.com/,https://maps.google.com/?cid=14205201742493691603&g_mp=Cidnb29nbGUubWFwcy5wbGFjZXMudjEuUGxhY2VzLlNlYXJjaFRleHQQAhgEIAA,5,18,OPERATIONAL,real_estate_agency,real_estate_agency,Sells land and off-plan villas; refers buyers who need a builder,"real estate agency in Berawa, Bali",-8.666437499999999,115.14768749999999,ChIJlblZ2ZJH0i0R064Y8LgDI8U
Property Canggu,+62 812-3601-1142,"Jl. Padang Tawang, Canggu, Kec. Kuta Utara, Kabupaten Badung, Bali 80361, Indonesia",https://www.facebook.com/Cangguland/,https://maps.google.com/?cid=15725631255016436063&g_mp=Cidnb29nbGUubWFwcy5wbGFjZXMudjEuUGxhY2VzLlNlYXJjaFRleHQQAhgEIAA,5,2,OPERATIONAL,real_estate_agency,real_estate_agency,Sells land and off-plan villas; refers buyers who need a builder,"real estate agency in Canggu, Bali",-8.6186856,115.155644,ChIJM1ZUSY850i0RX_EI-E6qPNo
Property Plaza,+62 823-4189-1047,"Jl. Sempol No.17B, Pererenan, Kec. Mengwi, Kabupaten Badung, Bali 80351, Indonesia",https://www.property-plaza.id/,https://maps.google.com/?cid=723173956541073727&g_mp=Cidnb29nbGUubWFwcy5wbGFjZXMudjEuUGxhY2VzLlNlYXJjaFRleHQQAhgEIAA,,,OPERATIONAL,service,real_estate_agency,Sells land and off-plan villas; refers buyers who need a builder,"real estate agency in Pererenan, Bali",-8.6406847,115.1365007,ChIJ6fO0jWI50i0RP8lxxuE6CQo
Pure Land Real Estate Bali,+62 815-5717-590,"Jl. Camplung Tanduk Gg. Puri Kubu No.63F, Seminyak, Badung, Kabupaten Badung, Bali 80361, Indonesia",https://purelandbali.com/,https://maps.google.com/?cid=17030217967789011134&g_mp=Cidnb29nbGUubWFwcy5wbGFjZXMudjEuUGxhY2VzLlNlYXJjaFRleHQQAhgEIAA,,,OPERATIONAL,real_estate_agency,real_estate_agency,Sells land and off-plan villas; refers buyers who need a builder,"real estate agency in Seminyak, Bali",-8.6928229,115.16329900000001,ChIJY3CqIkQ_0i0RvvCJAQN9V-w
Puri Warisan Agung,+62 819-9939-6009,"Jl. Raya Canggu Gg. Puri Warisan Agung No.100x, Tibubeneng, Kec. Kuta Utara, Kabupaten Badung, Bali 80361, Indonesia",,https://maps.google.com/?cid=14804714691253217661&g_mp=Cidnb29nbGUubWFwcy5wbGFjZXMudjEuUGxhY2VzLlNlYXJjaFRleHQQAhgEIAA,4.2,45,OPERATIONAL,real_estate_agency,real_estate_agency,Sells land and off-plan villas; refers buyers who need a builder,"real estate agency in Canggu, Bali",-8.6429251,115.1557913,ChIJgYg4Z5A40i0RfaknrZLpdM0
REMAX Jaya Canggu,+62 823-4020-0100,"Jl. Sempol No.27, Canggu, Kec. Mengwi, Kabupaten Badung, Bali 80351, Indonesia",http://www.villabalihub.com/,https://maps.google.com/?cid=5637313154641004141&g_mp=Cidnb29nbGUubWFwcy5wbGFjZXMudjEuUGxhY2VzLlNlYXJjaFRleHQQAhgEIAA,5,3,OPERATIONAL,real_estate_agency,real_estate_agency,Sells land and off-plan villas; refers buyers who need a builder,"real estate agency in Canggu, Bali",-8.6391166,115.13767949999999,ChIJZ__LFN050i0RbYYDRnLCO04
Ray White Canggu,+62 819-9880-0666,"Jl. Pantai Berawa No.25, Tibubeneng, Kec. Kuta Utara, Kabupaten Badung, Bali 80361, Indonesia",http://www.raywhitecanggu.com/,https://maps.google.com/?cid=7128231343461422412&g_mp=Cidnb29nbGUubWFwcy5wbGFjZXMudjEuUGxhY2VzLlNlYXJjaFRleHQQAhgEIAA,4.4,7,OPERATIONAL,real_estate_agency,real_estate_agency,Sells land and off-plan villas; refers buyers who need a builder,"real estate agency in Canggu, Bali",-8.655620100000002,115.1477899,ChIJG-cGyupH0i0RTNXSz6OQ7GI
Ray White Kuta - Property Agent & Real Estate Bali,+62 819-1500-1000,"Jl. Merta Nadi No.88 D, Kuta, Kec. Kuta, Kabupaten Badung, Bali 80361, Indonesia",https://www.raywhitekuta.com/,https://maps.google.com/?cid=11204294263858143235&g_mp=Cidnb29nbGUubWFwcy5wbGFjZXMudjEuUGxhY2VzLlNlYXJjaFRleHQQAhgEIAA,4.5,68,OPERATIONAL,service,real_estate_agency,Sells land and off-plan villas; refers buyers who need a builder,"real estate agency in Canggu, Bali",-8.710035600000001,115.18280589999999,ChIJtY1g8MhG0i0RAyA2JEWmfZs
Ray White Seminyak,+62 819-9880-0666,"Jl. Sunset Road No.105x, Seminyak, Kec. Kuta, Kabupaten Badung, Bali 80361, Indonesia",http://www.raywhiteseminyak.com/,https://maps.google.com/?cid=11363960373977158042&g_mp=Cidnb29nbGUubWFwcy5wbGFjZXMudjEuUGxhY2VzLlNlYXJjaFRleHQQAhgEIAA,4,4,OPERATIONAL,real_estate_agency,real_estate_agency,Sells land and off-plan villas; refers buyers who need a builder,"real estate agency in Seminyak, Bali",-8.684019200000002,115.168164,ChIJNwrk--BH0i0RmhGGVMDltJ0
Richter Real Estate,+62 857-9247-5804,"9583+9V6, Jl. Panggang, Tibubeneng, Kec. Kuta Utara, Kabupaten Badung, Bali 80361, Indonesia",,https://maps.google.com/?cid=10119937655850252201&g_mp=Cidnb29nbGUubWFwcy5wbGFjZXMudjEuUGxhY2VzLlNlYXJjaFRleHQQAhgEIAA,5,55,OPERATIONAL,real_estate_agency,real_estate_agency,Sells land and off-plan villas; refers buyers who need a builder,"real estate agency in Berawa, Bali",-8.6337022,115.15425,ChIJsfP6UAA50i0RqbcNJq49cYw
SO LIVING BALI,+62 818-0332-3030,"Jl. Pengubengan Kauh No.94, Kerobokan Kelod, Kec. Kuta Utara, Kabupaten, Kerobokan Kelod, Kec. Kuta Utara, Kabupaten Badung, Bali 80361, Indonesia",https://solivingbali.com/,https://maps.google.com/?cid=1457416331848238213&g_mp=Cidnb29nbGUubWFwcy5wbGFjZXMudjEuUGxhY2VzLlNlYXJjaFRleHQQAhgEIAA,,,OPERATIONAL,real_estate_agency,real_estate_agency,Sells land and off-plan villas; refers buyers who need a builder,"real estate agency in Kerobokan, Bali",-8.6646854,115.17028549999998,ChIJ5_4iDWhH0i0RhcSqnW7IORQ
SUNSET REAL ESTATE BALI,+62 813-3926-4244,"Jl. Bidadari Gg. Periuk No.89, Seminyak, Kec. Kuta, Kabupaten Badung, Bali 80361, Indonesia",https://www.sunsetrealestatebali.com/,https://maps.google.com/?cid=5397828517048557814&g_mp=Cidnb29nbGUubWFwcy5wbGFjZXMudjEuUGxhY2VzLlNlYXJjaFRleHQQAhgEIAA,4.6,9,OPERATIONAL,real_estate_agency,real_estate_agency,Sells land and off-plan villas; refers buyers who need a builder,"real estate agency in Seminyak, Bali",-8.683888699999999,115.1702266,ChIJH1xb5QtH0i0R9iAn9W_w6Eo
Samahita Group,+62 361 3454555,"Gg. Berlian, Kerobokan Kelod, Kec. Kuta Utara, Kabupaten Badung, Bali 80361, Indonesia",https://samahitagroup.com/,https://maps.google.com/?cid=8220066895256132789&g_mp=Cidnb29nbGUubWFwcy5wbGFjZXMudjEuUGxhY2VzLlNlYXJjaFRleHQQAhgEIAA,4.6,10,OPERATIONAL,general_contractor,real_estate_agency,Sells land and off-plan villas; refers buyers who need a builder,"real estate agency in Kerobokan, Bali",-8.6767371,115.16853560000001,ChIJawgd2EtH0i0RtZywGUqLE3I
Seacrest Real Estate,+62 812-2524-0294,"Jl. Raya Babakan Canggu No.6, Canggu, Kec. Kuta Utara, Kabupaten Badung, Bali 80363, Indonesia",https://seacrest.id/,https://maps.google.com/?cid=6816167123550955917&g_mp=Cidnb29nbGUubWFwcy5wbGFjZXMudjEuUGxhY2VzLlNlYXJjaFRleHQQAhgEIAA,,,OPERATIONAL,consultant,real_estate_agency,Sells land and off-plan villas; refers buyers who need a builder,"real estate agency in Pererenan, Bali",-8.6323828,115.1494197,ChIJ9ZAtKwA50i0RjWnzoOLjl14
Seven Stones Indonesia,+62 877-7711-7701,"Jl. Sunset Road No.9a, Seminyak, Kec. Kuta, Kabupaten Badung, Bali 80361, Indonesia",https://sevenstonesindonesia.com/,https://maps.google.com/?cid=11924788214515829662&g_mp=Cidnb29nbGUubWFwcy5wbGFjZXMudjEuUGxhY2VzLlNlYXJjaFRleHQQAhgEIAA,4.5,75,OPERATIONAL,consultant,real_estate_agency,Sells land and off-plan villas; refers buyers who need a builder,"real estate agency in Seminyak, Bali",-8.6897929,115.1727854,ChIJ88gS3SZH0i0Rngv7a7NbfaU
Shama Property,+62 823-4156-5421,"Jl. Tegal Permai No.57A, Kerobokan Kaja, Kec. Kuta Utara, Kabupaten Badung, Bali 80361, Indonesia",https://www.shamaproperty.com/,https://maps.google.com/?cid=12631269354269451118&g_mp=Cidnb29nbGUubWFwcy5wbGFjZXMudjEuUGxhY2VzLlNlYXJjaFRleHQQAhgEIAA,5,3,OPERATIONAL,real_estate_agency,real_estate_agency,Sells land and off-plan villas; refers buyers who need a builder,"real estate agency in Umalas, Bali",-8.6303799,115.1724385,ChIJJRQ8DHk50i0RbiOC641IS68
Sofia Sands realty Bali LLC,+62 821-7349-8032,"Kerobokan, Kuta Utara, Badung Regency, Bali 80361, Indonesia",https://sofiasandbali.com/,https://maps.google.com/?cid=13649799364055161160&g_mp=Cidnb29nbGUubWFwcy5wbGFjZXMudjEuUGxhY2VzLlNlYXJjaFRleHQQAhgEIAA,5,3,OPERATIONAL,real_estate_agency,real_estate_agency,Sells land and off-plan villas; refers buyers who need a builder,"real estate agency in Kerobokan, Bali",-8.6637127,115.15541460000001,ChIJpz7wxPtH0i0RSFncrTPUbb0
Sora Realty Bali,+62 819-9919-9277,"Pertokoan Kunti Plaza, Jl. Kunti I No.5, Seminyak, Kuta, Badung Regency, Bali 80361, Indonesia",,https://maps.google.com/?cid=9516000524270003205&g_mp=Cidnb29nbGUubWFwcy5wbGFjZXMudjEuUGxhY2VzLlNlYXJjaFRleHQQAhgEIAA,4.9,40,OPERATIONAL,consultant,real_estate_agency,Sells land and off-plan villas; refers buyers who need a builder,"real estate agency in Berawa, Bali",-8.6886763,115.1711268,ChIJJ6TdZvxH0i0RBWSLEw-gD4Q
Sore Property Bali,+62 897-0273-992,"Jl. Pantai Pererenan No.25, Pererenan, Kec. Mengwi, Kabupaten Badung, Bali 80351, Indonesia",,https://maps.google.com/?cid=2978978203449571416&g_mp=Cidnb29nbGUubWFwcy5wbGFjZXMudjEuUGxhY2VzLlNlYXJjaFRleHQQAhgEIAA,,,OPERATIONAL,corporate_office,real_estate_agency,Sells land and off-plan villas; refers buyers who need a builder,"real estate agency in Pererenan, Bali",-8.6345438,115.1333301,ChIJR5tlRJk50i0RWDg-iuR0Vyk
Spirobali Real Estate,+62 819-3463-3282,"Jl. Raya Muding No.44, Kerobokan Kaja, Kec. Kuta Utara, Kabupaten Badung, Bali 80117, Indonesia",http://www.spirobali.com/,https://maps.google.com/?cid=14676016466221346595&g_mp=Cidnb29nbGUubWFwcy5wbGFjZXMudjEuUGxhY2VzLlNlYXJjaFRleHQQAhgEIAA,5,4,OPERATIONAL,service,real_estate_agency,Sells land and off-plan villas; refers buyers who need a builder,"real estate agency in Kerobokan, Bali",-8.6506305,115.17818249999999,ChIJEaopGXg50i0RIy_oGjivq8s
Suasa Real Estate,+62 878-2551-7684,"Jl. Tegal Sari No.5, Tibubeneng, Kec. Kuta Utara, Kabupaten Badung, Bali 80361, Indonesia",https://www.suasarealestate.com/,https://maps.google.com/?cid=12781431313365950701&g_mp=Cidnb29nbGUubWFwcy5wbGFjZXMudjEuUGxhY2VzLlNlYXJjaFRleHQQAhgEIAA,4.7,22,OPERATIONAL,real_estate_agency,real_estate_agency,Sells land and off-plan villas; refers buyers who need a builder,"real estate agency in Canggu, Bali",-8.657278699999999,115.14654159999999,ChIJYe5_9RdH0i0R7WA7gg_EYLE
Svaha Property,+62 811-287-828,"Jl. Pantai Berawa No.88, Tibubeneng, Kec. Kuta Utara, Kabupaten Badung, Bali 80363, Indonesia",https://www.svahaproperty.com/home,https://maps.google.com/?cid=6301394758564938072&g_mp=Cidnb29nbGUubWFwcy5wbGFjZXMudjEuUGxhY2VzLlNlYXJjaFRleHQQAhgEIAA,5,9,OPERATIONAL,real_estate_agency,real_estate_agency,Sells land and off-plan villas; refers buyers who need a builder,"real estate agency in Berawa, Bali",-8.660628899999999,115.1443377,ChIJn8lvlppH0i0RWIHFjSUNc1c
TECHNO HOUSE office,+62 888-9995-544,"Jalan shortcut teratai Jl. Pantai Batu Bolong No.80351, Canggu, Kec. Kuta Utara, Kabupaten Badung, Bali 80351, Indonesia",https://techno-house.io/,https://maps.google.com/?cid=9391911471909831005&g_mp=Cidnb29nbGUubWFwcy5wbGFjZXMudjEuUGxhY2VzLlNlYXJjaFRleHQQAhgEIAA,5,2,OPERATIONAL,real_estate_agency,real_estate_agency,Sells land and off-plan villas; refers buyers who need a builder,"real estate agency in Canggu, Bali",-8.643988799999999,115.1426277,ChIJo5qivx450i0RXQEaJbnFVoI
Taman Rahasia Villa Seminyak - Bali Villa Rentals,+62 821-4739-8552,"Jl. Raya Taman Gg. Flamboyan, Seminyak, Kec. Kuta Utara, Kabupaten Badung, Bali 80361, Indonesia",http://www.sitaravillasbali.com/,https://maps.google.com/?cid=12561451823310652070&g_mp=Cidnb29nbGUubWFwcy5wbGFjZXMudjEuUGxhY2VzLlNlYXJjaFRleHQQAhgEIAA,4.2,14,OPERATIONAL,travel_agency,real_estate_agency,Sells land and off-plan villas; refers buyers who need a builder,"real estate agency in Seminyak, Bali",-8.6781214,115.1652599,ChIJmWqRGz5H0i0RpkKdP-E9U64
The Agency Bali,+62 811-370-390,"Jl. Raya Canggu No.99C, Pererenan, Kec. Mengwi, Kabupaten Badung, Bali 80351, Indonesia",http://theagencybali.com/,https://maps.google.com/?cid=2659107769703156711&g_mp=Cidnb29nbGUubWFwcy5wbGFjZXMudjEuUGxhY2VzLlNlYXJjaFRleHQQAhgEIAA,5,3,OPERATIONAL,service,real_estate_agency,Sells land and off-plan villas; refers buyers who need a builder,"real estate agency in Canggu, Bali",-8.633080800000002,115.13696049999999,ChIJbV0kQUc50i0R50ujkG0M5yQ
The Bali Agent,+62 819-9977-7288,"Jl. Raya Kerobokan No.88X, Kerobokan Kelod, Kec. Kuta Utara, Kabupaten Badung, Bali 80361, Indonesia",http://www.thebaliagent.com/,https://maps.google.com/?cid=1328649214458715578&g_mp=Cidnb29nbGUubWFwcy5wbGFjZXMudjEuUGxhY2VzLlNlYXJjaFRleHQQAhgEIAA,4.8,47,OPERATIONAL,service,real_estate_agency,Sells land and off-plan villas; refers buyers who need a builder,"real estate agency in Seminyak, Bali",-8.671154099999999,115.16507299999999,ChIJBYGVcr5H0i0Rut3pymtPcBI
The Bali Homes,+62 812-3667-8887,"Jl. Raya Seseh No.2, Munggu, Kec. Mengwi, Kabupaten Badung, Bali 80351, Indonesia",https://thebalihomes.com/,https://maps.google.com/?cid=4395927065207431273&g_mp=Cidnb29nbGUubWFwcy5wbGFjZXMudjEuUGxhY2VzLlNlYXJjaFRleHQQAhgEIAA,5,7,OPERATIONAL,real_estate_agency,real_estate_agency,Sells land and off-plan villas; refers buyers who need a builder,"real estate agency in Berawa, Bali",-8.6251771,115.1236129,ChIJ_8-_7yhH0i0RaeA2DGB4AT0
The Loft Units Kerobokan,+62 821-4460-5507,"Jl. Bedugul Gg. 3, Kerobokan, Kec. Kuta Utara, Kabupaten Badung, Bali 80361, Indonesia",,https://maps.google.com/?cid=16088464455411237740&g_mp=Cidnb29nbGUubWFwcy5wbGFjZXMudjEuUGxhY2VzLlNlYXJjaFRleHQQAhgEIAA,4.4,17,OPERATIONAL,condominium_complex,real_estate_agency,Sells land and off-plan villas; refers buyers who need a builder,"real estate agency in Kerobokan, Bali",-8.6444764,115.16328899999999,ChIJl068JIM50i0RbANJji61Rd8
Uluwatu Real Estate,+62 877-0059-0004,"Jl. Labuansait No.250, Pecatu, Kec. Kuta Sel., Kabupaten Badung, Bali 80361, Indonesia",https://www.uluwaturealestate.com/,https://maps.google.com/?cid=8385312842914540615&g_mp=Cidnb29nbGUubWFwcy5wbGFjZXMudjEuUGxhY2VzLlNlYXJjaFRleHQQAhgEIAA,5,6,OPERATIONAL,real_estate_agency,real_estate_agency,Sells land and off-plan villas; refers buyers who need a builder,"real estate agency in Berawa, Bali",-8.8128868,115.10231449999999,ChIJcyuz1IBF0i0RRyxxdJqdXnQ
Umalas Living,+62 881-0819-66339,"Jl. Umalas Tunon No.22, Kerobokan Kelod, Kec. Kuta Utara, Kabupaten Badung, Bali 80361, Indonesia",http://www.cpmbali.com/,https://maps.google.com/?cid=7200205831816889985&g_mp=Cidnb29nbGUubWFwcy5wbGFjZXMudjEuUGxhY2VzLlNlYXJjaFRleHQQAhgEIAA,4.7,71,OPERATIONAL,lodging,real_estate_agency,Sells land and off-plan villas; refers buyers who need a builder,"real estate agency in Umalas, Bali",-8.66564,115.15082029999999,ChIJPT6s__1H0i0RgUYkQw5F7GM
Unicorn Properties Estate Agency in Bali,+62 812-2987-8510,"Jl. Segara Perancak Jl. Pantai Berawa No.1, Canggu, Kec. Kuta Utara, Kabupaten Badung, Bali 80361, Indonesia",https://unicorn-properties.com/,https://maps.google.com/?cid=15813623876685294677&g_mp=Cidnb29nbGUubWFwcy5wbGFjZXMudjEuUGxhY2VzLlNlYXJjaFRleHQQAhgEIAA,3.8,10,OPERATIONAL,service,real_estate_agency,Sells land and off-plan villas; refers buyers who need a builder,"real estate agency in Canggu, Bali",-8.664339400000001,115.13942549999999,ChIJz_l3mi7axQ8RVWx2tSFHdds
Villa Alam Seminyak by Villa Bugis Seminyak,+62 812-3683-2838,"Villa Alam, Jl. Drupadi Gg. Damai, Seminyak, Kec. Kuta, Kabupaten Badung, Bali 80361, Indonesia",https://villabugis.com/our-villas/villa-alam-seminyak/,https://maps.google.com/?cid=14984100207866695813&g_mp=Cidnb29nbGUubWFwcy5wbGFjZXMudjEuUGxhY2VzLlNlYXJjaFRleHQQAhgEIAA,4.7,23,OPERATIONAL,service,real_estate_agency,Sells land and off-plan villas; refers buyers who need a builder,"real estate agency in Seminyak, Bali",-8.6889942,115.1627248,ChIJn9-E0hhH0i0RhVDA-L838s8
Villa Alore Seminyak by Villa Bugis Seminyak,+62 812-3683-2838,"Villa Alore, Jl. Raya Seminyak Gg. Keraton, Seminyak, Kec. Kuta, Kabupaten Badung, Bali 80361, Indonesia",https://villabugis.com/our-villas/villa-alore-seminyak/,https://maps.google.com/?cid=17195418546322767095&g_mp=Cidnb29nbGUubWFwcy5wbGFjZXMudjEuUGxhY2VzLlNlYXJjaFRleHQQAhgEIAA,4.6,32,OPERATIONAL,service,real_estate_agency,Sells land and off-plan villas; refers buyers who need a builder,"real estate agency in Seminyak, Bali",-8.6946206,115.16456240000001,ChIJtXMuBeBG0i0R93y7CRBmou4
Villa Anggrek Bali,+62 361 8444567,"Jl. Kunti I Gg. Melati No.1, Seminyak, Kec. Kuta, Kabupaten Badung, Bali 80361, Indonesia",,https://maps.google.com/?cid=9048067669652296029&g_mp=Cidnb29nbGUubWFwcy5wbGFjZXMudjEuUGxhY2VzLlNlYXJjaFRleHQQAhgEIAA,3.5,4,OPERATIONAL,service,real_estate_agency,Sells land and off-plan villas; refers buyers who need a builder,"real estate agency in Seminyak, Bali",-8.689025599999999,115.1695219,ChIJfcuFAq440i0RXVFSWZsxkX0
Villa Banyu,+62 361 8475977,"Jl. Beraban, Kerobokan Kelod, Kec. Kuta Utara, Kabupaten Badung, Bali 80361, Indonesia",http://www.villabanyu.com/,https://maps.google.com/?cid=2835553458592266061&g_mp=Cidnb29nbGUubWFwcy5wbGFjZXMudjEuUGxhY2VzLlNlYXJjaFRleHQQAhgEIAA,4.8,40,OPERATIONAL,service,real_estate_agency,Sells land and off-plan villas; refers buyers who need a builder,"real estate agency in Seminyak, Bali",-8.681413299999999,115.16201509999999,ChIJsU_x_hZH0i0RTbcF4djoWSc
Villa Casa Coral - Umalas,+62 877-3147-6478,"Jl. Dukuh Indah No.86, Kerobokan Kelod, Kec. Kuta Utara, Kabupaten Badung, Bali 80361, Indonesia",http://www.villabalimanagement.com/,https://maps.google.com/?cid=16470526590472143915&g_mp=Cidnb29nbGUubWFwcy5wbGFjZXMudjEuUGxhY2VzLlNlYXJjaFRleHQQAhgEIAA,5,2,OPERATIONAL,service,real_estate_agency,Sells land and off-plan villas; refers buyers who need a builder,"real estate agency in Umalas, Bali",-8.666051999999999,115.159373,ChIJM4GjTQNH0i0RK8S3YKsQk-Q
Villa Cemara Seminyak by Villa Bugis Seminyak,+62 812-3683-2838,"Villa Cemara, Jl. Raya Seminyak Gg. Keraton, Seminyak, Kec. Kuta, Kabupaten Badung, Bali 80361, Indonesia",https://villabugis.com/our-villas/villa-cemara-seminyak/,https://maps.google.com/?cid=12192779799858889360&g_mp=Cidnb29nbGUubWFwcy5wbGFjZXMudjEuUGxhY2VzLlNlYXJjaFRleHQQAhgEIAA,4.8,26,OPERATIONAL,service,real_estate_agency,Sells land and off-plan villas; refers buyers who need a builder,"real estate agency in Seminyak, Bali",-8.694413299999999,115.16570679999998,ChIJM6sZ-t9G0i0RkMIlu6B0Nak
Villa Cliffhouse Umalas,+62 821-2128-8560,"85X3+QPG, Jl. Pengeritan, Kerobokan, Kec. Kuta Utara, Kabupaten Badung, Bali 80361, Indonesia",,https://maps.google.com/?cid=318205007001509106&g_mp=Cidnb29nbGUubWFwcy5wbGFjZXMudjEuUGxhY2VzLlNlYXJjaFRleHQQAhgEIAA,5,9,OPERATIONAL,housing_complex,real_estate_agency,Sells land and off-plan villas; refers buyers who need a builder,"real estate agency in Umalas, Bali",-8.6509545,115.1545967,ChIJpf-fCAA50i0R8lwTmMR9agQ
Villa Damai Seminyak by Villa Bugis Seminyak,+62 812-3683-2838,"Villa Damai, Jl. Drupadi Gg. Kubu Carik, Seminyak, Kec. Kuta, Kabupaten Badung, Bali 80361, Indonesia",https://villabugis.com/our-villas/villa-damai-seminyak/,https://maps.google.com/?cid=17791402586731693896&g_mp=Cidnb29nbGUubWFwcy5wbGFjZXMudjEuUGxhY2VzLlNlYXJjaFRleHQQAhgEIAA,4.7,21,OPERATIONAL,service,real_estate_agency,Sells land and off-plan villas; refers buyers who need a builder,"real estate agency in Seminyak, Bali",-8.6893956,115.1634284,ChIJIxwbNB9H0i0RSMcbxmPC5_Y
Villa Jaclan Seminyak by Villa Bugis Seminyak,+62 812-3683-2838,"Villa Jaclan, Jl. Raya Seminyak Gg. Keraton, Seminyak, Kec. Kuta, Kabupaten Badung, Bali 80361, Indonesia",https://villabugis.com/our-villas/villa-jaclan-seminyak/,https://maps.google.com/?cid=2503371541885147950&g_mp=Cidnb29nbGUubWFwcy5wbGFjZXMudjEuUGxhY2VzLlNlYXJjaFRleHQQAhgEIAA,4.9,16,OPERATIONAL,service,real_estate_agency,Sells land and off-plan villas; refers buyers who need a builder,"real estate agency in Seminyak, Bali",-8.6947427,115.164946,ChIJYeGXCOBG0i0RLtviZifDvSI
Villa Kebun Seminyak by Villa Bugis Seminyak,+62 812-3683-2838,"Villa Kebun, Jl. Abimanyu Gg. Melon, Seminyak, Kec. Kuta, Kabupaten Badung, Bali 80361, Indonesia",https://villabugis.com/our-villas/villa-kebun-seminyak/,https://maps.google.com/?cid=11322344885862080447&g_mp=Cidnb29nbGUubWFwcy5wbGFjZXMudjEuUGxhY2VzLlNlYXJjaFRleHQQAhgEIAA,4.9,16,OPERATIONAL,service,real_estate_agency,Sells land and off-plan villas; refers buyers who need a builder,"real estate agency in Seminyak, Bali",-8.6936026,115.1640627,ChIJm7Nk5h9H0i0Rvx9Fcq8MIZ0
Villa Lethem Umalas,+62 822-4796-9555,"Jl. Kuwum Ⅱ, Gang Carik I No.2, Kerobokan Kelod, Kec. Kuta Utara, Kabupaten Badung, Bali 80361, Indonesia",,https://maps.google.com/?cid=8312054423891971824&g_mp=Cidnb29nbGUubWFwcy5wbGFjZXMudjEuUGxhY2VzLlNlYXJjaFRleHQQAhgEIAA,4.6,5,OPERATIONAL,service,real_estate_agency,Sells land and off-plan villas; refers buyers who need a builder,"real estate agency in Umalas, Bali",-8.6644349,115.15658540000001,ChIJA6kE7sBH0i0R8I7LmXVZWnM
Villa Mahkota,+62 877-3619-8684,"Villa Mahkota, Jl. Raya Seminyak Gg. Keraton, Seminyak, Kec. Kuta, Kabupaten Badung, Bali 80361, Indonesia",https://www.balirealtyhv.com/villa/villa-mahkota-seminyak/,https://maps.google.com/?cid=4800147328416231586&g_mp=Cidnb29nbGUubWFwcy5wbGFjZXMudjEuUGxhY2VzLlNlYXJjaFRleHQQAhgEIAA,4.8,39,OPERATIONAL,service,real_estate_agency,Sells land and off-plan villas; refers buyers who need a builder,"real estate agency in Seminyak, Bali",-8.6944319,115.1654626,ChIJlbRA_N9G0i0RojDKG5CMnUI
Villa Naya Umalas,+62 813-3627-272,"Gg. Pulau 33, Kerobokan, Kec. Kuta Utara, Kabupaten Badung, Bali 80361, Indonesia",https://villanayaumalas.com/,https://maps.google.com/?cid=216172789078472289&g_mp=Cidnb29nbGUubWFwcy5wbGFjZXMudjEuUGxhY2VzLlNlYXJjaFRleHQQAhgEIAA,5,2,OPERATIONAL,service,real_estate_agency,Sells land and off-plan villas; refers buyers who need a builder,"real estate agency in Umalas, Bali",-8.6552376,115.15592740000001,ChIJ_Yg3IABH0i0RYbYgnwEAAAM
Villa Santai Seminyak,+62 895-4282-48357,"Villa Santai, Jl. Drupadi Gg. Damai, Seminyak, Kec. Kuta, Kabupaten Badung, Bali 80361, Indonesia",,https://maps.google.com/?cid=16683040487482340015&g_mp=Cidnb29nbGUubWFwcy5wbGFjZXMudjEuUGxhY2VzLlNlYXJjaFRleHQQAhgEIAA,4.8,25,OPERATIONAL,service,real_estate_agency,Sells land and off-plan villas; refers buyers who need a builder,"real estate agency in Seminyak, Bali",-8.68895,115.16397579999999,ChIJb1CetBhH0i0RrzLYze4Qhuc
Villa Santi Seminyak by Villa Bugis Seminyak,+62 812-3683-2838,"Villa Santi, Jl. Raya Seminyak Gg. Keraton, Seminyak, Kec. Kuta, Kabupaten Badung, Bali 80361, Indonesia",https://villabugis.com/our-villas/villa-santi-seminyak/,https://maps.google.com/?cid=10790576071015590553&g_mp=Cidnb29nbGUubWFwcy5wbGFjZXMudjEuUGxhY2VzLlNlYXJjaFRleHQQAhgEIAA,4.8,17,OPERATIONAL,service,real_estate_agency,Sells land and off-plan villas; refers buyers who need a builder,"real estate agency in Seminyak, Bali",-8.6945303,115.16505889999999,ChIJMzkm-1ZH0i0Rmeq2AsTTv5U
Villa Sasmaya 1 Seminyak,+62 857-9233-1208,"Gg. Pudak No.10a, Seminyak, Kec. Kuta, Kabupaten Badung, Bali 80361, Indonesia",https://sliceofdream.com/,https://maps.google.com/?cid=13499140042617509894&g_mp=Cidnb29nbGUubWFwcy5wbGFjZXMudjEuUGxhY2VzLlNlYXJjaFRleHQQAhgEIAA,5,3,OPERATIONAL,travel_agency,real_estate_agency,Sells land and off-plan villas; refers buyers who need a builder,"real estate agency in Seminyak, Bali",-8.6945784,115.1711135,ChIJ1yIATB5H0i0RBth35ViUVrs
Wellstate Properties,+62 813-3737-1717,"Jl. Raya Semat, Tibubeneng, Kec. Kuta Utara, Kabupaten Badung, Bali 80361, Indonesia",https://well-state.com/,https://maps.google.com/?cid=4725155664267740496&g_mp=Cidnb29nbGUubWFwcy5wbGFjZXMudjEuUGxhY2VzLlNlYXJjaFRleHQQAhgEIAA,5,27,OPERATIONAL,real_estate_agency,real_estate_agency,Sells land and off-plan villas; refers buyers who need a builder,"real estate agency in Berawa, Bali",-8.6549103,115.14190609999999,ChIJdzjB6uBhgIURUIUarQogk0E
Yaran Bali Indonesia at de Lagoon Seminyak Residence,+62 811-3855-533,"Jl. Dewi Saraswati III, Padangsambian Klod, Kec. Denpasar Bar., Kota Denpasar, Bali 80117, Indonesia",https://yaranbali.com.au/,https://maps.google.com/?cid=3660822947477671120&g_mp=Cidnb29nbGUubWFwcy5wbGFjZXMudjEuUGxhY2VzLlNlYXJjaFRleHQQAhgEIAA,5,2,OPERATIONAL,general_contractor,real_estate_agency,Sells land and off-plan villas; refers buyers who need a builder,"real estate agency in Seminyak, Bali",-8.685539499999999,115.17609069999997,ChIJuRZ8PkGJagUR0EwBKhPbzTI
YoNa Kerobokan,+62 812-4625-6959,"Jl. Tunjung Sari Perumahan Alam Sari Permai Gg. Anggrek No.41, Padangsambian Kaja, Kec. Denpasar Bar., Kota Denpasar, Bali 80117, Indonesia",,https://maps.google.com/?cid=5959149557718630934&g_mp=Cidnb29nbGUubWFwcy5wbGFjZXMudjEuUGxhY2VzLlNlYXJjaFRleHQQAhgEIAA,4.8,12,OPERATIONAL,service,real_estate_agency,Sells land and off-plan villas; refers buyers who need a builder,"real estate agency in Kerobokan, Bali",-8.6394965,115.18136949999999,ChIJf6_kCV450i0RFsI-J_Mms1I
unreal Bali,+62 815-2911-1555,"Jl. Dukuh Indah No.86, Kerobokan Kelod, Kec. Kuta Utara, Kabupaten Badung, Bali 80361, Indonesia",https://www.unrealbali.com/,https://maps.google.com/?cid=8481296136754528795&g_mp=Cidnb29nbGUubWFwcy5wbGFjZXMudjEuUGxhY2VzLlNlYXJjaFRleHQQAhgEIAA,5,4,OPERATIONAL,service,real_estate_agency,Sells land and off-plan villas; refers buyers who need a builder,"real estate agency in Kerobokan, Bali",-8.6658518,115.1592369,ChIJVeXRMdZH0i0RG4Iliuads3U
ALENY Vila By VoLa,+62 811-3960-4343,"Jl. Plawa Gg. Melati No.18, Seminyak, Kec. Kuta, Kabupaten Badung, Bali 80361, Indonesia",,https://maps.google.com/?cid=12168476829334037938&g_mp=Cidnb29nbGUubWFwcy5wbGFjZXMudjEuUGxhY2VzLlNlYXJjaFRleHQQAhgEIAA,5,21,OPERATIONAL,service,villa_management,Manages portfolios of villas; refers renovation and build work,"villa management company in Seminyak, Bali",-8.6924168,115.1710556,ChIJb85uAshH0i0RsuUGdjQd36g
Adam Jyota Villa Management,+62 851-0176-3233,"Jl. Dukuh Sari Gg. Banteng No.F6, Sesetan, Denpasar Selatan, Kota Denpasar, Bali 80223, Indonesia",http://www.adamjyota.com/,https://maps.google.com/?cid=14974767654369913339&g_mp=Cidnb29nbGUubWFwcy5wbGFjZXMudjEuUGxhY2VzLlNlYXJjaFRleHQQAhgEIAA,4.6,14,OPERATIONAL,service,villa_management,Manages portfolios of villas; refers renovation and build work,villa management company in Bali,-8.6911756,115.2129463,ChIJq6qqqn040i0R-2m6iNcP0c8
Alcove Villas by Manta Villas,+62 877-8687-7419,"Jl. Raya Uluwatu Pecatu No.108, Pecatu, Kec. Kuta Sel., Kabupaten Badung, Bali 80361, Indonesia",https://alcovevillas.com/,https://maps.google.com/?cid=17163695116076706382&g_mp=Cidnb29nbGUubWFwcy5wbGFjZXMudjEuUGxhY2VzLlNlYXJjaFRleHQQAhgEIAA,4.9,12,OPERATIONAL,service,villa_management,Manages portfolios of villas; refers renovation and build work,"villa management company in Uluwatu, Bali",-8.8353986,115.12148610000001,ChIJUzvcfd9b0i0RTurbWsWxMe4
Alfred in Bali | West Office,+62 821-3877-6508,"Jl. Canggu Padang Linjong No.12a, Canggu, Kec. Kuta Utara, Kabupaten Badung, Bali 80351, Indonesia",http://alfredinbali.com/,https://maps.google.com/?cid=15672874881776143279&g_mp=Cidnb29nbGUubWFwcy5wbGFjZXMudjEuUGxhY2VzLlNlYXJjaFRleHQQAhgEIAA,4.4,13,OPERATIONAL,service,villa_management,Manages portfolios of villas; refers renovation and build work,"villa management company in Canggu, Bali",-8.6418046,115.1392216,ChIJW6PlYAA50i0Rr8tooao8gdk
Altura Villa Management,+62 812-3685-2412,"Gg. Sandat Kabupaten No.1, banjar Werdhi Kosala, Ungasan, Kec. Kuta Sel, Kabupaten Badung, Bali 80361, Indonesia",https://alturavillamanagement.com/,https://maps.google.com/?cid=14712570820050092120&g_mp=Cidnb29nbGUubWFwcy5wbGFjZXMudjEuUGxhY2VzLlNlYXJjaFRleHQQAhgEIAA,5,2,OPERATIONAL,travel_agency,villa_management,Manages portfolios of villas; refers renovation and build work,"villa management company in Uluwatu, Bali",-8.818026699999999,115.1477444,ChIJ1TZGG-db0i0RWADd1TWNLcw
Amed Villa Management,+62 812-2785-5362,"Amed Square, Jl. I Ketut Natih No.801-108, Amed, Purwakerti, Kec. Abang, Kabupaten Karangasem, Bali 80852, Indonesia",https://www.amedvillamanagement.com/,https://maps.google.com/?cid=6893469634894161228&g_mp=Cidnb29nbGUubWFwcy5wbGFjZXMudjEuUGxhY2VzLlNlYXJjaFRleHQQAhgEIAA,,,OPERATIONAL,service,villa_management,Manages portfolios of villas; refers renovation and build work,villa management company in Bali,-8.3351728,115.6442222,ChIJKfqx5TMB0i0RTOXOGRyGql8
Apex Property,+62 823-4219-4697,"Jl. sukanan No.10, Cemagi, Kec. Mengwi, Kabupaten Badung, Bali 80361, Indonesia",https://www.apexbali.com/,https://maps.google.com/?cid=13091367045819081119&g_mp=Cidnb29nbGUubWFwcy5wbGFjZXMudjEuUGxhY2VzLlNlYXJjaFRleHQQAhgEIAA,4.7,52,OPERATIONAL,real_estate_agency,villa_management,Manages portfolios of villas; refers renovation and build work,villa management company in Bali,-8.6289334,115.11315619999999,ChIJRS_VJ_M50i0RnyFNlvfgrbU
Aramanis Villas - Seminyak 3 & 4 Bedroom Villas Complex,+62 361 8475977,"Jl. Plawa Gg. Beji No.5, Seminyak, Kec. Kuta, Kabupaten Badung, Bali 80361, Indonesia",http://www.villaaramanis.com/,https://maps.google.com/?cid=9646516815794466950&g_mp=Cidnb29nbGUubWFwcy5wbGFjZXMudjEuUGxhY2VzLlNlYXJjaFRleHQQAhgEIAA,4.8,122,OPERATIONAL,service,villa_management,Manages portfolios of villas; refers renovation and build work,"villa management company in Seminyak, Bali",-8.6918759,115.17205049999998,ChIJkWNgOSdH0i0RhvBCPe9P34U
Art of Living - Villa Management,+62 813-2517-0730,"54H3+Q57, Pecatu, Uluwatu, Badung Regency, Bali 80362, Indonesia",https://www.instagram.com/artofliving.stays/,https://maps.google.com/?cid=5779681875435643741&g_mp=Cidnb29nbGUubWFwcy5wbGFjZXMudjEuUGxhY2VzLlNlYXJjaFRleHQQAhgEIAA,4.9,16,OPERATIONAL,service,villa_management,Manages portfolios of villas; refers renovation and build work,villa management company in Bali,-8.8205625,115.1029375,ChIJh1BFfTtF0i0RXeMaLAuONVA
Avily Villa Seminyak Ametys 1 Queen Villa,+62 813-2015-9405,"Jl. Dewi Saraswati II No.1, Seminyak, Kec. Kuta, Kabupaten Badung, Bali 80361, Indonesia",,https://maps.google.com/?cid=14827109394638443654&g_mp=Cidnb29nbGUubWFwcy5wbGFjZXMudjEuUGxhY2VzLlNlYXJjaFRleHQQAhgEIAA,5,1,OPERATIONAL,service,villa_management,Manages portfolios of villas; refers renovation and build work,"villa management company in Seminyak, Bali",-8.683786,115.17418029999999,ChIJH5fdHpVH0i0RhhRI4W95xM0
"Ayora Villas - Uluwatu, Bali",+62 813-3692-064,"Gg. Bangsing, Pecatu, Kec. Kuta Sel., Kabupaten Badung, Bali 80361, Indonesia",http://ayoravillasbali.com/,https://maps.google.com/?cid=16344788922470844390&g_mp=Cidnb29nbGUubWFwcy5wbGFjZXMudjEuUGxhY2VzLlNlYXJjaFRleHQQAhgEIAA,5,49,OPERATIONAL,service,villa_management,Manages portfolios of villas; refers renovation and build work,"villa management company in Uluwatu, Bali",-8.8203193,115.12415659999999,ChIJB1uMSgBb0i0R5kedNO1a1OI
Bali Asia Villa,+62 811-3999-378,"Jl. Nuansa Indah Selatan Utara II No.6, Pemecutan Kaja, Kec. Denpasar Utara, Kota Denpasar, Bali 80118, Indonesia",https://baliasiavilla.com/,https://maps.google.com/?cid=6063159389389122603&g_mp=Cidnb29nbGUubWFwcy5wbGFjZXMudjEuUGxhY2VzLlNlYXJjaFRleHQQAhgEIAA,5,2,OPERATIONAL,service,villa_management,Manages portfolios of villas; refers renovation and build work,villa management company in Bali,-8.6392928,115.1946823,ChIJCXSleYhH0i0RK-wcNVerJFQ
Bali Home Immo Property - Uluwatu,+62 853-3774-3862,"55J3+67V, Uluwatu St, Ungasan, South Kuta, Badung Regency, Bali 80361, Ungasan, Kec. Kuta Sel., Uluwatu, Bali 80362, Indonesia",https://bali-home-immo.com/villa-for-sale-uluwatu,https://maps.google.com/?cid=14078254281575646851&g_mp=Cidnb29nbGUubWFwcy5wbGFjZXMudjEuUGxhY2VzLlNlYXJjaFRleHQQAhgEIAA,4.8,121,OPERATIONAL,service,villa_management,Manages portfolios of villas; refers renovation and build work,"villa management company in Uluwatu, Bali",-8.819380299999999,115.15320140000001,ChIJCWBwUK9b0i0Rg0bw5q0BYMM
Bali Homes Management (BHM),+62 231 730668,"Jl. Raya Semer no. 883, Br. Semer, Kerobokan Kelod, Kerobokan, Kuta, Badung Regency, Bali 80361, Indonesia",http://bhmvillas.com/,https://maps.google.com/?cid=16914826547646259506&g_mp=Cidnb29nbGUubWFwcy5wbGFjZXMudjEuUGxhY2VzLlNlYXJjaFRleHQQAhgEIAA,5,1,OPERATIONAL,service,villa_management,Manages portfolios of villas; refers renovation and build work,"villa management company in Umalas, Bali",-8.6574359,115.16295430000001,ChIJa0rf52BH0i0RMmHNYSCJveo
Bali Homes Villa - Properties for Rent and Sale,+62 813-5433-0810,"Villa Tangra, Jl. Drupadi No.10, Seminyak, Kuta, Badung Regency, Bali 80361, Indonesia",,https://maps.google.com/?cid=8639988631674836784&g_mp=Cidnb29nbGUubWFwcy5wbGFjZXMudjEuUGxhY2VzLlNlYXJjaFRleHQQAhgEIAA,4,1,OPERATIONAL,service,villa_management,Manages portfolios of villas; refers renovation and build work,"villa management company in Seminyak, Bali",-8.689617499999999,115.16199449999999,ChIJU7-jrGRH0i0RMFdkRuJn53c
Bali Icon Property,+62 812-3848-5603,"Jl. Umalas II, Kerobokan Kelod, Kec. Kuta Utara, Kabupaten Badung, Bali 80361, Indonesia",http://bali-icon-property.com/,https://maps.google.com/?cid=6448426155322851969&g_mp=Cidnb29nbGUubWFwcy5wbGFjZXMudjEuUGxhY2VzLlNlYXJjaFRleHQQAhgEIAA,5,2,OPERATIONAL,service,villa_management,Manages portfolios of villas; refers renovation and build work,"villa management company in Umalas, Bali",-8.6677567,115.1590819,ChIJB0vlym5H0i0RgUJbTGxpfVk
Bali Immobilier,+62 812-3928-9654,"Jl. Umalas Lestari (Dukuh Indah Umalas, Kerobokan Kelod, Kec. Kuta Utara, Kabupaten Badung, Bali 80361, Indonesia",http://bali-immobilier.com/,https://maps.google.com/?cid=281260147360259843&g_mp=Cidnb29nbGUubWFwcy5wbGFjZXMudjEuUGxhY2VzLlNlYXJjaFRleHQQAhgEIAA,5,32,OPERATIONAL,real_estate_agency,villa_management,Manages portfolios of villas; refers renovation and build work,"villa management company in Umalas, Bali",-8.666326699999999,115.1604088,ChIJ_Ysn52hH0i0RA9_hJJ085wM
Bali Luxury Stays (BLS),+62 823-4003-6461,"Jl. Subak Canggu No.2, Canggu, Kec. Kuta Utara, Kabupaten Badung, Bali 80361, Indonesia",https://baliluxurystays.com/,https://maps.google.com/?cid=1870178315210611572&g_mp=Cidnb29nbGUubWFwcy5wbGFjZXMudjEuUGxhY2VzLlNlYXJjaFRleHQQAhgEIAA,5,10,OPERATIONAL,service,villa_management,Manages portfolios of villas; refers renovation and build work,villa management company in Bali,-8.6519076,115.13939400000001,ChIJTSUM8KzsRocRdFvE4EQ19Bk
Bali Lyfe Ventures,+62 888-6100-181,"Jl. Raya Canggu No.99, Desa Adat, Pererenan, Kec. Mengwi, Kabupaten Badung, Bali 80351, Indonesia",https://www.instagram.com/balilyfeventures/,https://maps.google.com/?cid=16944902282177618620&g_mp=Cidnb29nbGUubWFwcy5wbGFjZXMudjEuUGxhY2VzLlNlYXJjaFRleHQQAhgEIAA,4.3,6,OPERATIONAL,service,villa_management,Manages portfolios of villas; refers renovation and build work,"villa management company in Pererenan, Bali",-8.6334644,115.1372729,ChIJuy3D__s50i0RvCLnAtliKOs
Bali Made Villas,+62 819-3435-6949,"Jl. Nyuh Bojog, Gang Nyuh Gede Jl. Nyuh Bojog No.6, Mas, Kecamatan Ubud, Kabupaten Gianyar, Bali 80571, Indonesia",https://www.balimadevillas.com/,https://maps.google.com/?cid=473889760837361204&g_mp=Cidnb29nbGUubWFwcy5wbGFjZXMudjEuUGxhY2VzLlNlYXJjaFRleHQQAhgEIAA,,,OPERATIONAL,service,villa_management,Manages portfolios of villas; refers renovation and build work,"villa management company in Ubud, Bali",-8.523802,115.25780220000001,ChIJ2_PUhak90i0RNN5nCTqYkwY
Bali Management Villa and Rental,+62 857-4002-9045,"Jalan Lb Sari No.1, Kerobokan Kelod, Kec. Kuta Utara, Kabupaten Badung, Bali 80361, Indonesia",,https://maps.google.com/?cid=11110726051585008425&g_mp=Cidnb29nbGUubWFwcy5wbGFjZXMudjEuUGxhY2VzLlNlYXJjaFRleHQQAhgEIAA,5,4,OPERATIONAL,service,villa_management,Manages portfolios of villas; refers renovation and build work,villa management company in Bali,-8.6759483,115.15704489999999,ChIJ4RaFNQBH0i0RKSNnDXo6MZo
Bali Premium Villa – Luxury Villa Rentals & Villa Management in Bali,+62 811-3809-193,"Gedung Juara Holding Group, Jl. Pemuda | No.1, Panjer, Denpasar Selatan, Kota Denpasar, Bali 80226, Indonesia",https://balipremiumvilla.com/,https://maps.google.com/?cid=6032907343844081259&g_mp=Cidnb29nbGUubWFwcy5wbGFjZXMudjEuUGxhY2VzLlNlYXJjaFRleHQQAhgEIAA,5,3,OPERATIONAL,real_estate_agency,villa_management,Manages portfolios of villas; refers renovation and build work,villa management company in Bali,-8.6770059,115.23843459999999,ChIJvetatCJB0i0Ra_6r-EMxuVM
Bali Prime Villas,+62 813-3816-7284,"JALAN PANTAI BERAWA 150 UNIT 3 RT. 000, Tibubeneng, Kec. Kuta Utara, Kabupaten Badung, Bali 80351, Indonesia",https://bali-prime-villas.com/,https://maps.google.com/?cid=7498283746780839950&g_mp=Cidnb29nbGUubWFwcy5wbGFjZXMudjEuUGxhY2VzLlNlYXJjaFRleHQQAhgEIAA,,,OPERATIONAL,service,villa_management,Manages portfolios of villas; refers renovation and build work,"villa management company in Berawa, Bali",-8.6497805,115.1497198,ChIJkTW25wA50i0RDgD1D1dBD2g
Bali Villa Long Term Rentals,+62 821-1159-8787,"Jl. Raya Kerobokan No.120, Kerobokan Kelod, Kec. Kuta Utara, Kabupaten Badung, Bali 80361, Indonesia",https://www.balilongtermrentals.com/,https://maps.google.com/?cid=14664980496766498085&g_mp=Cidnb29nbGUubWFwcy5wbGFjZXMudjEuUGxhY2VzLlNlYXJjaFRleHQQAhgEIAA,4.4,56,OPERATIONAL,real_estate_agency,villa_management,Manages portfolios of villas; refers renovation and build work,villa management company in Bali,-8.6809882,115.16437979999998,ChIJVVVVVXw40i0RJXXMOxB6hMs
Bali Villa Management,+62 361 9004777,"Jl. Tunjung Sari No.69, Padangsambian Kaja, Kec. Denpasar Bar., Kota Denpasar, Bali 80117, Indonesia",,https://maps.google.com/?cid=15114432342365225731&g_mp=Cidnb29nbGUubWFwcy5wbGFjZXMudjEuUGxhY2VzLlNlYXJjaFRleHQQAhgEIAA,4.5,14,OPERATIONAL,service,villa_management,Manages portfolios of villas; refers renovation and build work,villa management company in Bali,-8.6401243,115.18271000000001,ChIJfcuFAq440i0RA8NavCJAwdE
Bali Villa Manager,+62 821-1159-8787,"Jl. Raya Kerobokan No.98, Kerobokan Kelod, Kec. Kuta Utara, Kabupaten Badung, Bali 80361, Indonesia",http://www.balivillamanager.com/,https://maps.google.com/?cid=11166344574146132831&g_mp=Cidnb29nbGUubWFwcy5wbGFjZXMudjEuUGxhY2VzLlNlYXJjaFRleHQQAhgEIAA,5,1,OPERATIONAL,service,villa_management,Manages portfolios of villas; refers renovation and build work,villa management company in Bali,-8.679497999999999,115.164351,ChIJT8ncDxZH0i0RXzuXdTrT9po
Bali Villa Properties,+62 361 735288,"Jl. Kunti No.117, Seminyak, Kec. Kuta, Kabupaten Badung, Bali 80361, Indonesia",http://www.balivillaproperties.com/,https://maps.google.com/?cid=10711953095950347045&g_mp=Cidnb29nbGUubWFwcy5wbGFjZXMudjEuUGxhY2VzLlNlYXJjaFRleHQQAhgEIAA,4.8,4,OPERATIONAL,service,villa_management,Manages portfolios of villas; refers renovation and build work,villa management company in Bali,-8.68827,115.17030999999999,ChIJW9Cj5CNH0i0RJSvEHpaAqJQ
Bali Villas Holiday Vacation Rentals,+62 811-3901-068,"Jl. Dewi Saraswati No.121, Seminyak, Kec. Kuta, Kabupaten Badung, Bali 80361, Indonesia",,https://maps.google.com/?cid=15398615426087383893&g_mp=Cidnb29nbGUubWFwcy5wbGFjZXMudjEuUGxhY2VzLlNlYXJjaFRleHQQAhgEIAA,4.7,189,OPERATIONAL,corporate_office,villa_management,Manages portfolios of villas; refers renovation and build work,"villa management company in Seminyak, Bali",-8.6817891,115.17299759999999,ChIJPzCmVSNH0i0RVfPJCCXfstU
Bali Villas Management,+62 361 7474640,"Jl. Dewi Sri No.26, Kuta, Kec. Kuta, Kabupaten Badung, Bali 80361, Indonesia",,https://maps.google.com/?cid=4924669764634204772&g_mp=Cidnb29nbGUubWFwcy5wbGFjZXMudjEuUGxhY2VzLlNlYXJjaFRleHQQAhgEIAA,1,1,OPERATIONAL,service,villa_management,Manages portfolios of villas; refers renovation and build work,villa management company in Bali,-8.706299999999999,115.17799000000001,ChIJ9aCycc9G0i0RZNogFQ_xV0Q
Bali1 Villa Management,+62 821-4471-8003,"Jl. Drupadi No.3, Seminyak, Kec. Kuta, Kabupaten Badung, Bali 80361, Indonesia",,https://maps.google.com/?cid=16241497457782481608&g_mp=Cidnb29nbGUubWFwcy5wbGFjZXMudjEuUGxhY2VzLlNlYXJjaFRleHQQAhgEIAA,,,OPERATIONAL,service,villa_management,Manages portfolios of villas; refers renovation and build work,"villa management company in Seminyak, Bali",-8.6840079,115.1644842,ChIJ6Rbv-RdH0i0RyOKI_-JjZeE
BaliSuperHost,+62 812-3709-7070,"Jl. Cok Rai Pudak No.184, Mas, Kecamatan Ubud, Kabupaten Gianyar, Bali 80571, Indonesia",https://bestay.co/,https://maps.google.com/?cid=3125537607251620559&g_mp=Cidnb29nbGUubWFwcy5wbGFjZXMudjEuUGxhY2VzLlNlYXJjaFRleHQQAhgEIAA,4,106,OPERATIONAL,service,villa_management,Manages portfolios of villas; refers renovation and build work,"villa management company in Ubud, Bali",-8.5347004,115.2721418,ChIJv6RuScw90i0Rz3Jb3OQjYCs
Banyan Properties (Formerly ANI),+62 851-9024-1416,"Jl. Nyuh Bojog No.5, Mas, Kecamatan Ubud, Kabupaten Gianyar, Bali 80571, Indonesia",https://www.banyanproperties.co/,https://maps.google.com/?cid=3775002010711269901&g_mp=Cidnb29nbGUubWFwcy5wbGFjZXMudjEuUGxhY2VzLlNlYXJjaFRleHQQAhgEIAA,5,14,OPERATIONAL,consultant,villa_management,Manages portfolios of villas; refers renovation and build work,"villa management company in Ubud, Bali",-8.5220596,115.2566956,ChIJJ7z0Byw90i0RDaLU8lOAYzQ
Betterplace - Uluwatu,+62 821-4782-9837,"Jl. Labuansait, Pecatu, Kec. Kuta Sel., Kabupaten Badung, Bali 80361, Indonesia",https://betterplace.cc/?utm_source=google&utm_medium=maps&utm_campaign=uluwatu_profile,https://maps.google.com/?cid=3982628713305215232&g_mp=Cidnb29nbGUubWFwcy5wbGFjZXMudjEuUGxhY2VzLlNlYXJjaFRleHQQAhgEIAA,4.9,39,OPERATIONAL,service,villa_management,Manages portfolios of villas; refers renovation and build work,"villa management company in Uluwatu, Bali",-8.823043,115.12165650000001,ChIJW8-m2dFb0i0RABHUwLYjRTc
Bingin Villa Management,+62 812-7133-4777,"Jl. Pantai Cemongkak No.11, Pecatu, Uluwatu, Kabupaten Badung, Bali 80361, Indonesia",https://www.binginvillamanagement.com/?utm_source=google&utm_medium=organic&utm_campaign=google_business_profile,https://maps.google.com/?cid=7660365807784131012&g_mp=Cidnb29nbGUubWFwcy5wbGFjZXMudjEuUGxhY2VzLlNlYXJjaFRleHQQAhgEIAA,5,37,OPERATIONAL,service,villa_management,Manages portfolios of villas; refers renovation and build work,villa management company in Bali,-8.8131776,115.12306149999999,ChIJHwppCUZF0i0RxHmFph0WT2o
Boutique Villas Bali,+62 899-0899-011,"Jl. Petitenget No.19x, Kerobokan Kelod, Kec. Kuta Utara, Kabupaten Badung, Bali 80361, Indonesia",https://boutiquevillas-bali.com/,https://maps.google.com/?cid=17777046848699472724&g_mp=Cidnb29nbGUubWFwcy5wbGFjZXMudjEuUGxhY2VzLlNlYXJjaFRleHQQAhgEIAA,4.8,16,OPERATIONAL,service,villa_management,Manages portfolios of villas; refers renovation and build work,"villa management company in Seminyak, Bali",-8.6771427,115.1550565,ChIJD7YF1kxH0i0RVJs1DOzBtPY
Bukit Vista - Bali Property Management,+62 853-3758-2425,"Sektor Bunga, Jl. Anggrek Jl. Puri Gading No.I5 No. 2, Jimbaran, Kec. Kuta Sel., Kabupaten Badung, Bali 80361, Indonesia",https://www.bukitvista.com/bali-villa-management,https://maps.google.com/?cid=13628466862023630281&g_mp=Cidnb29nbGUubWFwcy5wbGFjZXMudjEuUGxhY2VzLlNlYXJjaFRleHQQAhgEIAA,4.4,131,OPERATIONAL,service,villa_management,Manages portfolios of villas; refers renovation and build work,villa management company in Bali,-8.8003274,115.1480102,ChIJa2E6NW9F0i0Ryd0ZgGcKIr0
CPM Bali,+62 881-0819-66339,"Jl. Tegal Sari No.23, Tibubeneng, Kec. Kuta Utara, Kabupaten Badung, Bali 80365, Indonesia",http://www.cpmbali.com/,https://maps.google.com/?cid=6406612549284572995&g_mp=Cidnb29nbGUubWFwcy5wbGFjZXMudjEuUGxhY2VzLlNlYXJjaFRleHQQAhgEIAA,3.2,20,OPERATIONAL,service,villa_management,Manages portfolios of villas; refers renovation and build work,"villa management company in Canggu, Bali",-8.65802,115.143395,ChIJhT17GodH0i0RQ6-qfSvc6Fg
Cabo Bali | Villa Management,+62 812-3968-3171,"Jl. Pantai Cemongkak, Pecatu, Kec. Kuta Sel., Kabupaten Badung, Bali 80361, Indonesia",http://www.cabobali.com/,https://maps.google.com/?cid=10414255397215269268&g_mp=Cidnb29nbGUubWFwcy5wbGFjZXMudjEuUGxhY2VzLlNlYXJjaFRleHQQAhgEIAA,5,20,OPERATIONAL,service,villa_management,Manages portfolios of villas; refers renovation and build work,villa management company in Bali,-8.8130492,115.1229109,ChIJgdvRegBF0i0RlPE1TxvehpA
Coastal Grand Villas,+62 813-3850-6040,"Gg. Kahyangan No.10a, Seminyak, Kec. Kuta, Kabupaten Badung, Bali 80361, Indonesia",https://www.coastal-grand.com/,https://maps.google.com/?cid=2053771855253506716&g_mp=Cidnb29nbGUubWFwcy5wbGFjZXMudjEuUGxhY2VzLlNlYXJjaFRleHQQAhgEIAA,4.4,14,OPERATIONAL,service,villa_management,Manages portfolios of villas; refers renovation and build work,"villa management company in Seminyak, Bali",-8.6864306,115.15922719999998,ChIJUxJkTAbDwSsRnIoU-p52gBw
EAZE Villas,+62 361 6201199,"Jalan Goal Lempeh No.30, Pecatu, Kec. Kuta Sel., Kabupaten Badung, Bali 80361, Indonesia",https://www.eazevillas.com/,https://maps.google.com/?cid=12891964573071222532&g_mp=Cidnb29nbGUubWFwcy5wbGFjZXMudjEuUGxhY2VzLlNlYXJjaFRleHQQAhgEIAA,4.4,86,OPERATIONAL,service,villa_management,Manages portfolios of villas; refers renovation and build work,"villa management company in Uluwatu, Bali",-8.8432133,115.11703310000001,ChIJtVOaretb0i0RBKfUgnl16bI
"ELLD Hotel ,Villa Management Company",+62 819-866-392,"Jl. Raya Babakan Canggu No.88, Canggu, Kec. Kuta Utara, Kabupaten Badung, Bali 80351, Indonesia",http://elldproperty.com/,https://maps.google.com/?cid=7708653367107978605&g_mp=Cidnb29nbGUubWFwcy5wbGFjZXMudjEuUGxhY2VzLlNlYXJjaFRleHQQAhgEIAA,4.9,95,OPERATIONAL,service,villa_management,Manages portfolios of villas; refers renovation and build work,villa management company in Bali,-8.6245509,115.15354520000001,ChIJ10MZT_g50i0RbQUXK2Wj-mo
Eclectic Villas - Bali Villa Management,+62 361 3616111,"Jl. Gunung Salak Utara, Padangsambian Klod, Kec. Denpasar Bar., Kota Denpasar, Bali 80117, Indonesia",http://www.eclecticvillas.com/,https://maps.google.com/?cid=15621166741387192064&g_mp=Cidnb29nbGUubWFwcy5wbGFjZXMudjEuUGxhY2VzLlNlYXJjaFRleHQQAhgEIAA,4.6,7,OPERATIONAL,service,villa_management,Manages portfolios of villas; refers renovation and build work,villa management company in Bali,-8.6661176,115.17705,ChIJ8bH-Uk9H0i0RAKeHBWOIydg
Elite Umalas Villas,+62 878-1499-2271,"Jl. Bumbak Dauh Umalas, Kerobokan, Kec. Kuta Utara, Kabupaten Badung, Bali 80361, Indonesia",,https://maps.google.com/?cid=13766865609302338190&g_mp=Cidnb29nbGUubWFwcy5wbGFjZXMudjEuUGxhY2VzLlNlYXJjaFRleHQQAhgEIAA,5,3,OPERATIONAL,service,villa_management,Manages portfolios of villas; refers renovation and build work,"villa management company in Umalas, Bali",-8.6588617,115.15052820000001,ChIJGVoeU2JH0i0RjuoB6VS7Db8
Exotic Bali Properties,+62 853-3781-3496,"Jl. Dewi Sri I No.2, Legian, Kec. Kuta, Kabupaten Badung, Bali 80361, Indonesia",https://exoticbaliproperties.com/,https://maps.google.com/?cid=18433182144368051664&g_mp=Cidnb29nbGUubWFwcy5wbGFjZXMudjEuUGxhY2VzLlNlYXJjaFRleHQQAhgEIAA,5,12,OPERATIONAL,service,villa_management,Manages portfolios of villas; refers renovation and build work,villa management company in Bali,-8.7007383,115.1775972,ChIJ5RuHdjEZrGcR0IUhQ3_Rz_8
Exotik Villas Bali,+62 812-3765-1008,"Jl. Raya Uluwatu No.75X, Ungasan, Kec. Kuta Sel., Kabupaten Badung, Bali 80364, Indonesia",http://www.exotik-villas-bali.com/,https://maps.google.com/?cid=15055018118711858239&g_mp=Cidnb29nbGUubWFwcy5wbGFjZXMudjEuUGxhY2VzLlNlYXJjaFRleHQQAhgEIAA,5,3,OPERATIONAL,travel_agency,villa_management,Manages portfolios of villas; refers renovation and build work,"villa management company in Uluwatu, Bali",-8.8204871,115.15048200000001,ChIJrbiKLr9F0i0RP9TjzDYr7tA
Farsight Villas & Hotels Management,+62 812-4651-7976,"Jl. Dewi Sri No.18, Legian, Kec. Kuta, Kabupaten Badung, Bali 80361, Indonesia",https://farsight24.com/,https://maps.google.com/?cid=161100424689498655&g_mp=Cidnb29nbGUubWFwcy5wbGFjZXMudjEuUGxhY2VzLlNlYXJjaFRleHQQAhgEIAA,3.4,17,OPERATIONAL,service,villa_management,Manages portfolios of villas; refers renovation and build work,villa management company in Bali,-8.703884,115.176289,ChIJvZ0-r-Rb0i0RHzrIkvtXPAI
Floro Villas Pererenan,+62 813-3720-3037,"Jl. Babadan No.8, Munggu, Kec. Mengwi, Kabupaten Badung, Bali 80351, Indonesia",,https://maps.google.com/?cid=18019655341746050548&g_mp=Cidnb29nbGUubWFwcy5wbGFjZXMudjEuUGxhY2VzLlNlYXJjaFRleHQQAhgEIAA,4.7,14,OPERATIONAL,service,villa_management,Manages portfolios of villas; refers renovation and build work,"villa management company in Pererenan, Bali",-8.6304471,115.1289635,ChIJbd-4efI50i0R9FW-ow-tEvo
Garden Villa Pererenan by BREIG,+62 821-4693-0256,"Jl. Babadan No.200, Pererenan, Kec. Mengwi, Kabupaten Badung, Bali 80351, Indonesia",,https://maps.google.com/?cid=6621772652385875791&g_mp=Cidnb29nbGUubWFwcy5wbGFjZXMudjEuUGxhY2VzLlNlYXJjaFRleHQQAhgEIAA,4.6,24,OPERATIONAL,service,villa_management,Manages portfolios of villas; refers renovation and build work,"villa management company in Pererenan, Bali",-8.6480562,115.12006729999999,ChIJo3OOEsY50i0RTzfbyCRD5Vs
Green Palm Villa by Optimum Bali Villas,+62 853-3800-2448,"Gg. KY Ceruring, Kerobokan, Kec. Kuta Utara, Kabupaten Badung, Bali 80361, Indonesia",https://optimumbali.com/villa-bali/rental/4-bedrooms-for-rent/green-palm-villa-kerobokan-umalas/,https://maps.google.com/?cid=18108976754689454406&g_mp=Cidnb29nbGUubWFwcy5wbGFjZXMudjEuUGxhY2VzLlNlYXJjaFRleHQQAhgEIAA,5,8,OPERATIONAL,travel_agency,villa_management,Manages portfolios of villas; refers renovation and build work,"villa management company in Kerobokan, Bali",-8.6473091,115.16555629999999,ChIJby84hsc50i0RRjEStWkCUPs
Havenland,+62 881-9090-888,"Jl. Tanah Barak No.25A, canggu, Canggu, Kec. Kuta Utara, Kabupaten Badung, Bali 80351, Indonesia",https://havenland.com/,https://maps.google.com/?cid=2535461350302996187&g_mp=Cidnb29nbGUubWFwcy5wbGFjZXMudjEuUGxhY2VzLlNlYXJjaFRleHQQAhgEIAA,5,4,OPERATIONAL,service,villa_management,Manages portfolios of villas; refers renovation and build work,"villa management company in Canggu, Bali",-8.6500328,115.13455859999998,ChIJE0ttnro50i0R29aKJqrELyM
Hideaway Villas Bali - Uluwatu,+62 878-0015-1000,"Uluwatu, Jl. Bangbang Bendot, Pecatu, South Kuta, Badung Regency, Bali 80361, Indonesia",https://hideawayvillasbali.com/uluwatu/,https://maps.google.com/?cid=6632821523862593953&g_mp=Cidnb29nbGUubWFwcy5wbGFjZXMudjEuUGxhY2VzLlNlYXJjaFRleHQQAhgEIAA,4.3,763,OPERATIONAL,service,villa_management,Manages portfolios of villas; refers renovation and build work,"villa management company in Uluwatu, Bali",-8.8247885,115.13611329999998,ChIJ1boJ8dZa0i0RoSFlpAiEDFw
Impian Property Management,+62 821-4790-9060,"Jl. Gunung Salak Utara No.33, Padangsambian Klod, Kec. Denpasar Bar., Kota Denpasar, Bali 80117, Indonesia",https://impianbali.com/,https://maps.google.com/?cid=16335988069270294455&g_mp=Cidnb29nbGUubWFwcy5wbGFjZXMudjEuUGxhY2VzLlNlYXJjaFRleHQQAhgEIAA,4.7,18,OPERATIONAL,service,villa_management,Manages portfolios of villas; refers renovation and build work,villa management company in Bali,-8.6695504,115.17832579999998,ChIJB_fXVNo50i0Rtw_g45gWteI
Individual Bali Hospitality (IBH) Management,+62 811-399-513,"Jl. Taman Sekar VI B No.B1, Padangsambian, Kec. Denpasar Bar., Kota Denpasar, Bali 80117, Indonesia",https://www.individualbali.com/,https://maps.google.com/?cid=15097712395582766751&g_mp=Cidnb29nbGUubWFwcy5wbGFjZXMudjEuUGxhY2VzLlNlYXJjaFRleHQQAhgEIAA,4.7,23,OPERATIONAL,travel_agency,villa_management,Manages portfolios of villas; refers renovation and build work,villa management company in Bali,-8.6532118,115.18344139999999,ChIJ7XmB1A9H0i0Rn_64w27ZhdE
JULIAS BALI,+31 6 14999140,"Jalan Sari Temuku Gang 4 No 6 Oberoi, Seminyak, Kec. Kuta, Kabupaten Badung, Bali 80362, Indonesia",http://www.juliasbali.com/,https://maps.google.com/?cid=11116815410124565812&g_mp=Cidnb29nbGUubWFwcy5wbGFjZXMudjEuUGxhY2VzLlNlYXJjaFRleHQQAhgEIAA,4.7,7,OPERATIONAL,service,villa_management,Manages portfolios of villas; refers renovation and build work,"villa management company in Seminyak, Bali",-8.6869207,115.1594727,ChIJuQixfxlH0i0RNC0QUrfcRpo
Joglo Adore by Elld Management Company,+62 819-866-392,"Jl. Munduk Batu Belah No.17, Pererenan, Kec. Mengwi, Kabupaten Badung, Bali 80351, Indonesia",,https://maps.google.com/?cid=13574951444285411361&g_mp=Cidnb29nbGUubWFwcy5wbGFjZXMudjEuUGxhY2VzLlNlYXJjaFRleHQQAhgEIAA,4.6,10,OPERATIONAL,service,villa_management,Manages portfolios of villas; refers renovation and build work,"villa management company in Canggu, Bali",-8.6424044,115.1338076,ChIJuVL7XXs50i0RIdDOV2rqY7w
KUM Villa Management,+62 878-6190-4009,"95V2+Q8H, Buduk, Mengwi, Badung Regency, Bali 80351, Indonesia",https://kummanagement.com/,https://maps.google.com/?cid=17089683753024362286&g_mp=Cidnb29nbGUubWFwcy5wbGFjZXMudjEuUGxhY2VzLlNlYXJjaFRleHQQAhgEIAA,,,OPERATIONAL,service,villa_management,Manages portfolios of villas; refers renovation and build work,"villa management company in Berawa, Bali",-8.6055175,115.15094370000001,ChIJX8zhnZE50i0RLhfIDtTAKu0
Kali Bali Properties,+62 812-3807-6561,"Jl. Tengah I No.10, Kerobokan, Kec. Kuta Utara, Kabupaten Badung, Bali 80361, Indonesia",,https://maps.google.com/?cid=4240103174782049928&g_mp=Cidnb29nbGUubWFwcy5wbGFjZXMudjEuUGxhY2VzLlNlYXJjaFRleHQQAhgEIAA,4,1,OPERATIONAL,service,villa_management,Manages portfolios of villas; refers renovation and build work,"villa management company in Kerobokan, Bali",-8.6492021,115.15951720000001,ChIJqXfd-dg50i0RiN7jV1_f1zo
Lima Beach Villa by Unicorn Villas Bali,+62 851-3365-4733,"Unnamed Road, Pererenan, Kec. Mengwi, Kabupaten Badung, Bali 80351, Indonesia",https://unicornvillasbali.com/a/bnb/listings/villa-lima-beach-by-unicorn-villas-bali,https://maps.google.com/?cid=7094217235161033716&g_mp=Cidnb29nbGUubWFwcy5wbGFjZXMudjEuUGxhY2VzLlNlYXJjaFRleHQQAhgEIAA,4.5,6,OPERATIONAL,service,villa_management,Manages portfolios of villas; refers renovation and build work,"villa management company in Pererenan, Bali",-8.644031400000001,115.12494989999999,ChIJ59ZqxY850i0R9Cs6Ff24c2I
Los Cabos Villas & Suites,+62 823-2259-2782,"53JW+PRR, Pecatu, South Kuta, Badung Regency, Bali 80361, Indonesia",http://www.tropicalstaysbali.com/,https://maps.google.com/?cid=16271711258022463031&g_mp=Cidnb29nbGUubWFwcy5wbGFjZXMudjEuUGxhY2VzLlNlYXJjaFRleHQQAhgEIAA,5,8,OPERATIONAL,service,villa_management,Manages portfolios of villas; refers renovation and build work,"villa management company in Uluwatu, Bali",-8.8181373,115.09701779999999,ChIJbftiCABF0i0RN0Ynji270OE
Luxso Villa & Resort Management,+62 811-3831-0881,"Jl. Persada No.18, Kerobokan Kelod, Kec. Kuta Utara, Kabupaten Badung, Bali 80361, Indonesia",https://luxsomanagement.com/,https://maps.google.com/?cid=2454340439345183119&g_mp=Cidnb29nbGUubWFwcy5wbGFjZXMudjEuUGxhY2VzLlNlYXJjaFRleHQQAhgEIAA,5,6,OPERATIONAL,service,villa_management,Manages portfolios of villas; refers renovation and build work,villa management company in Bali,-8.6766276,115.1769989,ChIJN5AEES5H0i0Rj7kLPaCRDyI
MOONLIGHT massage home service|IN-villa massage|sanur|Canggu|legian|Seminyak|Ubud|Uluwatu,+62 881-0375-68909,"Jl. Bumi Ayu No.25, Sanur, Denpasar Selatan, Kota Denpasar, Bali 80361, Indonesia",https://moonlightmassageandspa.com/,https://maps.google.com/?cid=7317932456177431242&g_mp=Cidnb29nbGUubWFwcy5wbGFjZXMudjEuUGxhY2VzLlNlYXJjaFRleHQQAhgEIAA,5,39,OPERATIONAL,massage_spa,villa_management,Manages portfolios of villas; refers renovation and build work,"villa management company in Uluwatu, Bali",-8.6908849,115.26207149999999,ChIJdz0InZ850i0RyvLB_MuEjmU
"MOOvilla Kerobokan, Seminyak - Bali",+62 811-9123-932,"Jl. Taman Sari PCP 7 No.10B, Kerobokan Kelod, Kec. Kuta Utara, Kabupaten Badung, Bali 80361, Indonesia",,https://maps.google.com/?cid=10642201050074083142&g_mp=Cidnb29nbGUubWFwcy5wbGFjZXMudjEuUGxhY2VzLlNlYXJjaFRleHQQAhgEIAA,5,1,OPERATIONAL,service,villa_management,Manages portfolios of villas; refers renovation and build work,"villa management company in Seminyak, Bali",-8.6700163,115.17467320000002,ChIJpdPdDMdH0i0RRm_0YXixsJM
Magic Management Office,+62 817-0380-8080,"Jl. Bumbak Gg. Pulau 16A, Kerobokan, Kec. Kuta Utara, Kabupaten Badung, Bali 80361, Indonesia",https://magic-management.com/,https://maps.google.com/?cid=6648352358644739400&g_mp=Cidnb29nbGUubWFwcy5wbGFjZXMudjEuUGxhY2VzLlNlYXJjaFRleHQQAhgEIAA,5,11,OPERATIONAL,service,villa_management,Manages portfolios of villas; refers renovation and build work,villa management company in Bali,-8.6521083,115.1537292,ChIJdUn2T-850i0RSG2m5j6xQ1w
Manta Villas - Bali Villa Management,+62 819-1884-3134,"Jl. Padang Sari No.1B, Kerobokan, Kec. Kuta Utara, Kabupaten Badung, Bali 80361, Indonesia",https://www.mantavillas.com/,https://maps.google.com/?cid=2317692001335934003&g_mp=Cidnb29nbGUubWFwcy5wbGFjZXMudjEuUGxhY2VzLlNlYXJjaFRleHQQAhgEIAA,5,6,OPERATIONAL,service,villa_management,Manages portfolios of villas; refers renovation and build work,villa management company in Bali,-8.657010699999999,115.166468,ChIJDTXz7QdH0i0RM3xkdpgYKiA
Metafor Villas Pererenan,+62 813-3756-5452,"Jl. Munduk Batu Belah, Pererenan, Kec. Mengwi, Kabupaten Badung, Bali 80351, Indonesia",https://linktr.ee/metaforvillas.pererenan,https://maps.google.com/?cid=18099781124918673332&g_mp=Cidnb29nbGUubWFwcy5wbGFjZXMudjEuUGxhY2VzLlNlYXJjaFRleHQQAhgEIAA,5,12,OPERATIONAL,housing_complex,villa_management,Manages portfolios of villas; refers renovation and build work,"villa management company in Pererenan, Bali",-8.64266,115.13448530000001,ChIJ2biA8AQ50i0RtP8YTwlXL_s
My Villa Management,+62 361 8476059,"My Villa Management, Gg. Pulau 56, Kerobokan, Kec. Kuta Utara, Kabupaten Badung, Bali 80361, Indonesia",http://www.myvillamanagement.com/,https://maps.google.com/?cid=11577111105208389518&g_mp=Cidnb29nbGUubWFwcy5wbGFjZXMudjEuUGxhY2VzLlNlYXJjaFRleHQQAhgEIAA,5,3,OPERATIONAL,service,villa_management,Manages portfolios of villas; refers renovation and build work,villa management company in Bali,-8.6602947,115.1521877,ChIJdzbjzzZH0i0Rjg8tRzYpqqA
NABE CO ID - Hospitality Management,+62 851-8300-8320,"Jl. Gn. Tangkuban Perahu No.134a, Padangsambian Klod, Kec. Denpasar Bar., Kota Denpasar, Bali 80117, Indonesia",https://nabe.co.id/,https://maps.google.com/?cid=4419661038108874503&g_mp=Cidnb29nbGUubWFwcy5wbGFjZXMudjEuUGxhY2VzLlNlYXJjaFRleHQQAhgEIAA,4.8,17,OPERATIONAL,service,villa_management,Manages portfolios of villas; refers renovation and build work,"villa management company in Seminyak, Bali",-8.6690076,115.1822986,ChIJH7AbKSJH0i0RBxcdPEzKVT0
Nagisa Bali Villa Management and Marketing,+62 361 490165,"Jl. Nakula No.5p, Pemecutan Klod, Kec. Denpasar Bar., Kota Denpasar, Bali 80119, Indonesia",https://www.nagisa-bali.com/,https://maps.google.com/?cid=4400389732649474462&g_mp=Cidnb29nbGUubWFwcy5wbGFjZXMudjEuUGxhY2VzLlNlYXJjaFRleHQQAhgEIAA,4.3,37,OPERATIONAL,service,villa_management,Manages portfolios of villas; refers renovation and build work,villa management company in Bali,-8.700274199999999,115.1842313,ChIJcRLFMNlG0i0RnhnZxyVTET0
Nakula Villa Management & Villa Rental,+62 361 738999,"Jl. Nakula No.9, Legian, Kec. Kuta, Kabupaten Badung, Bali 80361, Indonesia",https://nakula.com/,https://maps.google.com/?cid=10628040419522897508&g_mp=Cidnb29nbGUubWFwcy5wbGFjZXMudjEuUGxhY2VzLlNlYXJjaFRleHQQAhgEIAA,4.4,67,OPERATIONAL,service,villa_management,Manages portfolios of villas; refers renovation and build work,villa management company in Bali,-8.6988604,115.17485789999999,ChIJ12a1mR9H0i0RZOYnqHNifpM
Navya Villas Umalas,+62 812-2246-8661,"Jl. Umalas Klecung Gg. XIV No.1, Umalas, Kerobokan Kelod, Kec. Kuta Utara, Kabupaten Badung, Bali 80361, Indonesia",https://navyagroup.id/,https://maps.google.com/?cid=18079803732709060831&g_mp=Cidnb29nbGUubWFwcy5wbGFjZXMudjEuUGxhY2VzLlNlYXJjaFRleHQQAhgEIAA,4.8,72,OPERATIONAL,service,villa_management,Manages portfolios of villas; refers renovation and build work,"villa management company in Umalas, Bali",-8.666508,115.1537611,ChIJBSsYDfRH0i0R37DnOLRd6Po
No Rush Villas,+62 851-9045-3812,"946J+3VW, Gang Ruang II Jl. Dalem Gede, Pererenan, Kec. Mengwi, Kabupaten Badung, Bali 80351, Indonesia",http://www.norushvillasbali.com/,https://maps.google.com/?cid=18008959151802745518&g_mp=Cidnb29nbGUubWFwcy5wbGFjZXMudjEuUGxhY2VzLlNlYXJjaFRleHQQAhgEIAA,4.4,40,OPERATIONAL,service,villa_management,Manages portfolios of villas; refers renovation and build work,"villa management company in Pererenan, Bali",-8.6397683,115.13220689999999,ChIJJ9U7ZSk50i0RrgK52e6s7Pk
Nori Boutique Villas,+62 818-0304-9090,"jl. Raya Uluwatu, Pecatu, Kec. Kuta Sel., Uluwatu, Bali 80361, Indonesia",https://us2.cloudbeds.com/en/reservation/E6yELg?currency=idr,https://maps.google.com/?cid=8246935318828924199&g_mp=Cidnb29nbGUubWFwcy5wbGFjZXMudjEuUGxhY2VzLlNlYXJjaFRleHQQAhgEIAA,4.9,82,OPERATIONAL,service,villa_management,Manages portfolios of villas; refers renovation and build work,"villa management company in Uluwatu, Bali",-8.8354249,115.09736209999998,ChIJDWnkb0rNa6QRJ71rdPr_cnI
OFFICE MAVIBA VILLAS AND RESORTS BALI VILLA MANAGEMENT Luxury Villas Rentals and Bali Villas Management,+62 819-1669-2453,"Bali View Building, Jl. Nakula No.99X, Seminyak, Kec. Kuta, Kabupaten Badung, Bali 80361, Indonesia",http://www.mavibalirentals.com/,https://maps.google.com/?cid=1426235723379951409&g_mp=Cidnb29nbGUubWFwcy5wbGFjZXMudjEuUGxhY2VzLlNlYXJjaFRleHQQAhgEIAA,4.8,28,OPERATIONAL,service,villa_management,Manages portfolios of villas; refers renovation and build work,villa management company in Bali,-8.6989213,115.1756455,ChIJ-WhPLiU50i0RMccIetUByxM
Omkara Experience - Bali Villa Management & Vacation Rentals,+62 877-0475-0009,"Jl. A.A. Gede Rai, Lodtunduh, Kecamatan Ubud, Kabupaten Gianyar, Bali 80571, Indonesia",http://www.omkaraexperience.com/,https://maps.google.com/?cid=4543214155349456564&g_mp=Cidnb29nbGUubWFwcy5wbGFjZXMudjEuUGxhY2VzLlNlYXJjaFRleHQQAhgEIAA,5,8,OPERATIONAL,service,villa_management,Manages portfolios of villas; refers renovation and build work,"villa management company in Ubud, Bali",-8.5710755,115.26033050000001,ChIJ2Re0odk50i0RtHYhDDS9DD8
Optimum Bali - Villa Management Bali & Sales,+62 853-3800-2448,"Jl. Umalas Lestari Gg. Kolibri No.3, Kerobokan Kelod, Kec. Kuta Utara, Kabupaten Badung, Bali 80361, Indonesia",https://optimumbali.com/,https://maps.google.com/?cid=11955413738088590221&g_mp=Cidnb29nbGUubWFwcy5wbGFjZXMudjEuUGxhY2VzLlNlYXJjaFRleHQQAhgEIAA,4.7,52,OPERATIONAL,service,villa_management,Manages portfolios of villas; refers renovation and build work,villa management company in Bali,-8.6663169,115.1604093,ChIJVaY_3GhH0i0RjWuYyXMp6qU
OriVista (Azure Bali) Villa rentals & Management,+62 811-3803-600,"95G8+H9H, Jl. Raya Padonan, Tibubeneng, Kec. Kuta Utara, Kabupaten Badung, Bali 80361, Indonesia",http://www.orivista.com/,https://maps.google.com/?cid=2232769734120876391&g_mp=Cidnb29nbGUubWFwcy5wbGFjZXMudjEuUGxhY2VzLlNlYXJjaFRleHQQAhgEIAA,4.7,102,OPERATIONAL,service,villa_management,Manages portfolios of villas; refers renovation and build work,villa management company in Bali,-8.6235727,115.1658199,ChIJjXSsb21H0i0RZ6mEUz5k_B4
PROPERTI DI BALI JIMBARAN,+62 852-3813-6111,"Jl. Bukit Hijau No.7B, Jimbaran, Kec. Kuta Sel., Kabupaten Badung, Bali 80361, Indonesia",http://www.propertidibali.com/,https://maps.google.com/?cid=1823948726130134835&g_mp=Cidnb29nbGUubWFwcy5wbGFjZXMudjEuUGxhY2VzLlNlYXJjaFRleHQQAhgEIAA,5,4,OPERATIONAL,service,villa_management,Manages portfolios of villas; refers renovation and build work,villa management company in Bali,-8.7975741,115.15679259999999,ChIJq3JGB6VF0i0RM0-D5bP3Txk
Pagi Villas by Betterpalce,+62 811-3930-307,"Jl. Pantai Pererenan No.54, Pererenan, Kec. Mengwi, Kabupaten Badung, Bali 80351, Indonesia",https://betterplace.cc/rent/properties/500008532,https://maps.google.com/?cid=16398425412909176705&g_mp=Cidnb29nbGUubWFwcy5wbGFjZXMudjEuUGxhY2VzLlNlYXJjaFRleHQQAhgEIAA,4.2,50,OPERATIONAL,service,villa_management,Manages portfolios of villas; refers renovation and build work,"villa management company in Pererenan, Bali",-8.6386468,115.12938559999999,ChIJgTVGXoM50i0RgZcwzAfpkuM
Paradigma Oase Desain,+62 815-8853-362,"Uluwatu S, Pecatu, Kec. Kuta Sel., Kabupaten Badung, Bali 80361, Indonesia",https://paradigmaoase.com/,https://maps.google.com/?cid=4768726648775432383&g_mp=Cidnb29nbGUubWFwcy5wbGFjZXMudjEuUGxhY2VzLlNlYXJjaFRleHQQAhgEIAA,5,11,OPERATIONAL,general_contractor,villa_management,Manages portfolios of villas; refers renovation and build work,"villa management company in Uluwatu, Bali",-8.8282635,115.0879098,ChIJD6ya0odR0i0Rv9gyC5_rLUI
Partiana Villas Uluwatu,+62 811-3990-258,"No.27B, Jl. Labuansait, Pecatu, Kec. Kuta Sel., Kabupaten Badung, Bali 80361, Indonesia",http://www.praiavillas.com/,https://maps.google.com/?cid=5088513162174987801&g_mp=Cidnb29nbGUubWFwcy5wbGFjZXMudjEuUGxhY2VzLlNlYXJjaFRleHQQAhgEIAA,4.2,31,OPERATIONAL,service,villa_management,Manages portfolios of villas; refers renovation and build work,"villa management company in Uluwatu, Bali",-8.8270939,115.1232554,ChIJo-QiK0hb0i0RGf5WysIHnkY
Pertama Management Office,+62 811-3831-1311,"Jl. Raya Kerobokan No.108, Kerobokan Kelod, Kec. Kuta Utara, Kabupaten Badung, Bali 80361, Indonesia",https://www.pertamaproperty.com/property-management-bali,https://maps.google.com/?cid=6685074942133472965&g_mp=Cidnb29nbGUubWFwcy5wbGFjZXMudjEuUGxhY2VzLlNlYXJjaFRleHQQAhgEIAA,4.7,23,OPERATIONAL,service,villa_management,Manages portfolios of villas; refers renovation and build work,"villa management company in Kerobokan, Bali",-8.6801167,115.1643257,ChIJTUAxUwBH0i0RxQ67pj0oxlw
Premier Hospitality Asia Villa Resort Rental & Management Bali,+62 361 9343053,"Jl. Raya Canggu No.7x, Tibubeneng, Kec. Kuta Utara, Kabupaten Badung, Bali 80361, Indonesia",https://premierhospitalityasia.com/,https://maps.google.com/?cid=129387655318916666&g_mp=Cidnb29nbGUubWFwcy5wbGFjZXMudjEuUGxhY2VzLlNlYXJjaFRleHQQAhgEIAA,4.6,80,OPERATIONAL,service,villa_management,Manages portfolios of villas; refers renovation and build work,villa management company in Bali,-8.6417707,115.1549568,ChIJ_2D07MhG0i0ROs6aEWOtywE
Premier Umalas Villas,+62 877-0061-7711,"Jl.Umalas n89, Kerobokan Kelod, Kec. Kuta Utara, Kabupaten Badung, Bali 80361, Indonesia",https://coleva.asia/stays/,https://maps.google.com/?cid=4055725720921799604&g_mp=Cidnb29nbGUubWFwcy5wbGFjZXMudjEuUGxhY2VzLlNlYXJjaFRleHQQAhgEIAA,4.7,131,OPERATIONAL,service,villa_management,Manages portfolios of villas; refers renovation and build work,"villa management company in Umalas, Bali",-8.666457,115.1551356,ChIJsYvCmuhH0i0RtHv1FQ7VSDg
Private Ubud Villas,+62 813-3754-1445,"Jl. Penestanan Kelod, Sayan, Kecamatan Ubud, Kabupaten Gianyar, Bali 80571, Indonesia",http://www.privateubudvillas.com/,https://maps.google.com/?cid=15843665899978106328&g_mp=Cidnb29nbGUubWFwcy5wbGFjZXMudjEuUGxhY2VzLlNlYXJjaFRleHQQAhgEIAA,4.8,4,OPERATIONAL,service,villa_management,Manages portfolios of villas; refers renovation and build work,"villa management company in Ubud, Bali",-8.505774599999999,115.25063569999999,ChIJH3oAKMo90i0R2CUqVDEC4Ns
Pura Homes,+62 852-1128-4823,"Unnamed Road, Kerobokan, Kuta Utara, Badung Regency, Bali 80361, Indonesia",https://www.purahomesgroup.com/,https://maps.google.com/?cid=2346913605023470408&g_mp=Cidnb29nbGUubWFwcy5wbGFjZXMudjEuUGxhY2VzLlNlYXJjaFRleHQQAhgEIAA,5,1,OPERATIONAL,service,villa_management,Manages portfolios of villas; refers renovation and build work,"villa management company in Kerobokan, Bali",-8.652627899999999,115.16182189999999,ChIJMxFIYuY50i0RSJP0QX3pkSA
RENT Property Management,+62 853-3761-2332,"Jl. Pantai Berawa No.100, Berawa, Canggu, Kec. Kuta Utara, Kabupaten Badung, Bali 80351, Indonesia",https://www.rent-bali.com/,https://maps.google.com/?cid=8681156904686681355&g_mp=Cidnb29nbGUubWFwcy5wbGFjZXMudjEuUGxhY2VzLlNlYXJjaFRleHQQAhgEIAA,3,6,OPERATIONAL,service,villa_management,Manages portfolios of villas; refers renovation and build work,"villa management company in Canggu, Bali",-8.6609948,115.13974680000001,ChIJkf0vZ0FH0i0RC31HxzWqeXg
Red Lotus Bali Property,+62 361 970980,"Red Lotus Property, Jl. Sukma Kesuma Dsn/Br Tebesaya, Peliatan, Kecamatan Ubud, Kabupaten Gianyar, Bali 80571, Indonesia",http://www.redlotusbaliproperty.com/,https://maps.google.com/?cid=7026798946362628928&g_mp=Cidnb29nbGUubWFwcy5wbGFjZXMudjEuUGxhY2VzLlNlYXJjaFRleHQQAhgEIAA,4.4,36,OPERATIONAL,real_estate_agency,villa_management,Manages portfolios of villas; refers renovation and build work,"villa management company in Ubud, Bali",-8.5102339,115.2689489,ChIJVVVVVWQ90i0RQJsIgmk0hGE
Royal Villa Canggu by Ajna Hospitality Management,+62 821-5103-4837,"Kompleks Teratai Royal, Jl. Kayu Tulang, Canggu, Kec. Kuta Utara, Kabupaten Badung, Bali 80361, Indonesia",https://book-directonline.com/properties/royalvillacanggubyajnahospitalityma,https://maps.google.com/?cid=16546901102699922225&g_mp=Cidnb29nbGUubWFwcy5wbGFjZXMudjEuUGxhY2VzLlNlYXJjaFRleHQQAhgEIAA,5,5,OPERATIONAL,service,villa_management,Manages portfolios of villas; refers renovation and build work,"villa management company in Canggu, Bali",-8.6445566,115.1436025,ChIJR2kI8Kg50i0RMcPyN-JmouU
Secluded Bali Villas,+62 813-3732-3232,"Jl. Batu Belig Gg. Daksina No.8, Kerobokan, Kec. Kuta Utara, Kabupaten Badung, Bali 80361, Indonesia",http://secludedbalivillas.com/,https://maps.google.com/?cid=11478768615986233264&g_mp=Cidnb29nbGUubWFwcy5wbGFjZXMudjEuUGxhY2VzLlNlYXJjaFRleHQQAhgEIAA,4.6,11,OPERATIONAL,service,villa_management,Manages portfolios of villas; refers renovation and build work,villa management company in Bali,-8.6716961,115.1486556,ChIJ2-BMhzJH0i0RsP_CNj3HTJ8
Serene Villa Management Bali,+62 851-9022-5340,"Jl. Pantai Berawa No.150, Tibubeneng, Kec. Kuta Utara, Kabupaten Badung, Bali 68594, Indonesia",https://www.serenevillamanagementbali.com/,https://maps.google.com/?cid=12221072623241574916&g_mp=Cidnb29nbGUubWFwcy5wbGFjZXMudjEuUGxhY2VzLlNlYXJjaFRleHQQAhgEIAA,,,OPERATIONAL,travel_agency,villa_management,Manages portfolios of villas; refers renovation and build work,villa management company in Bali,-8.6606559,115.14222710000001,ChIJjdHP8PCvFWwRBLqQAs34mak
SooBali Villa Management,+62 811-3887-473,"Jalan Nata, Sidakarya, Denpasar Selatan, Kota Denpasar, Bali 80224, Indonesia",https://manage.soobali.com/,https://maps.google.com/?cid=3088737714783373847&g_mp=Cidnb29nbGUubWFwcy5wbGFjZXMudjEuUGxhY2VzLlNlYXJjaFRleHQQAhgEIAA,,,OPERATIONAL,service,villa_management,Manages portfolios of villas; refers renovation and build work,villa management company in Bali,-8.7069649,115.23994989999998,ChIJFVOJ5SJH0i0RF8oDNpZm3So
Stone Villas Uluwatu,+62 821-7771-8889,"Banjar Dinas Karang Boma, Jl. Raya Uluwatu Pecatu, Pecatu, Kec. Kuta Sel., Kabupaten Badung, Bali, Indonesia",https://stonevillasuluwatu.com/,https://maps.google.com/?cid=17866104928983940569&g_mp=Cidnb29nbGUubWFwcy5wbGFjZXMudjEuUGxhY2VzLlNlYXJjaFRleHQQAhgEIAA,4.9,353,OPERATIONAL,wedding_venue,villa_management,Manages portfolios of villas; refers renovation and build work,"villa management company in Uluwatu, Bali",-8.8405539,115.10461069999998,ChIJDw4WLQhb0i0R2X3xM8Yn8fc
Supala Villa Management,+62 857-9222-5459,"Jl. A.A. Gede Rai, Lodtunduh, Kecamatan Ubud, Kabupaten Gianyar, Bali 80571, Indonesia",http://www.supalavillamanagement.com/,https://maps.google.com/?cid=2390267674593682915&g_mp=Cidnb29nbGUubWFwcy5wbGFjZXMudjEuUGxhY2VzLlNlYXJjaFRleHQQAhgEIAA,4.1,9,OPERATIONAL,hotel,villa_management,Manages portfolios of villas; refers renovation and build work,"villa management company in Ubud, Bali",-8.5337655,115.26080929999999,ChIJVXo-pTo90i0R42VBLsnvKyE
Tanavillas Property Management & Villa Rentals,+62 361 8959740,"Jl. Taman Giri No.11, Benoa, Kec. Kuta Sel., Kabupaten Badung, Bali 80361, Indonesia",,https://maps.google.com/?cid=8400820775728465747&g_mp=Cidnb29nbGUubWFwcy5wbGFjZXMudjEuUGxhY2VzLlNlYXJjaFRleHQQAhgEIAA,5,1,OPERATIONAL,service,villa_management,Manages portfolios of villas; refers renovation and build work,villa management company in Bali,-8.786678,115.19863830000001,ChIJeymMx2VD0i0RU0cEb_y1lXQ
Tasvan Villas,+62 811-3823-9998,"Jl. Intaran I, Tumbak Bayuh, Kec. Mengwi, Kabupaten Badung, Bali 80351, Indonesia",https://tasvanvillas.com/,https://maps.google.com/?cid=14695296142241422156&g_mp=Cidnb29nbGUubWFwcy5wbGFjZXMudjEuUGxhY2VzLlNlYXJjaFRleHQQAhgEIAA,5,15,OPERATIONAL,service,villa_management,Manages portfolios of villas; refers renovation and build work,villa management company in Bali,-8.6267029,115.14020640000001,ChIJo1j2d_E50i0RTNt3e_st8Ms
Tertata Jelas MGMT,+62 819-4421-6352,"Jl. Raya Kerobokan No.62a, Kerobokan, Kec. Kuta Utara, Kabupaten Badung, Bali 80361, Indonesia",http://www.shortstaybali.com/,https://maps.google.com/?cid=17687132854918867739&g_mp=Cidnb29nbGUubWFwcy5wbGFjZXMudjEuUGxhY2VzLlNlYXJjaFRleHQQAhgEIAA,4.6,19,OPERATIONAL,service,villa_management,Manages portfolios of villas; refers renovation and build work,villa management company in Bali,-8.6766557,115.16458539999999,ChIJf5-eb_A50i0RG2uUAJ9RdfU
The Amreta Villas by DNA Villa Management,+62 857-3885-9112,"Jalan Tatiapi Kaja, Pejeng Kawan, Kec. Tampaksiring, Kabupaten Gianyar, Bali 80571, Pejeng Kawan, Tampaksiring, Gianyar Regency, Bali 80552, Indonesia",http://www.dnavillamanagement.com/,https://maps.google.com/?cid=2498558825925635725&g_mp=Cidnb29nbGUubWFwcy5wbGFjZXMudjEuUGxhY2VzLlNlYXJjaFRleHQQAhgEIAA,5,2,OPERATIONAL,service,villa_management,Manages portfolios of villas; refers renovation and build work,"villa management company in Ubud, Bali",-8.5048846,115.28552169999999,ChIJydwS4x0X0i0Rje62pQOqrCI
The Balinese Villa Agency | Property Management Bali | Villa Management Services,+62 813-3794-7062,"Jl. Wy Gebyag No.68, Dalung, Kec. Kuta Utara, Kabupaten Badung, Bali 80361, Indonesia",https://www.thebalinesevillaagency.com/,https://maps.google.com/?cid=6308391679663071882&g_mp=Cidnb29nbGUubWFwcy5wbGFjZXMudjEuUGxhY2VzLlNlYXJjaFRleHQQAhgEIAA,3.8,8,OPERATIONAL,service,villa_management,Manages portfolios of villas; refers renovation and build work,villa management company in Bali,-8.6351047,115.17384700000001,ChIJUYbPLzAk4iMRiuJYMs_oi1c
The Casalita Villas by DNA Villa Management,+62 857-3885-9112,"Jl. Raya Gelogor No.55, Lodtunduh, Kecamatan Ubud, Kabupaten Gianyar, Bali 80571, Indonesia",http://www.dnavillamanagement.com/,https://maps.google.com/?cid=5373985166355649648&g_mp=Cidnb29nbGUubWFwcy5wbGFjZXMudjEuUGxhY2VzLlNlYXJjaFRleHQQAhgEIAA,5,4,OPERATIONAL,service,villa_management,Manages portfolios of villas; refers renovation and build work,"villa management company in Ubud, Bali",-8.55368,115.2562155,ChIJV42NiiI90i0RcNTYRAk7lEo
The Casanina Villas by DNA Villa Management,+62 857-3885-9112,"Jl. Sahadewa No.43, Banjar, Jl. Raya Gelogor, Lodtunduh, Ubud, Gianyar Regency, Bali 80571, Indonesia",http://www.dnavillamanagement.com/,https://maps.google.com/?cid=12379556035718137847&g_mp=Cidnb29nbGUubWFwcy5wbGFjZXMudjEuUGxhY2VzLlNlYXJjaFRleHQQAhgEIAA,5,5,OPERATIONAL,service,villa_management,Manages portfolios of villas; refers renovation and build work,"villa management company in Ubud, Bali",-8.5539945,115.25746620000001,ChIJGxw9qb890i0R98cF8p8Ezas
The Lavanya Villas by DNA Villa Management,+62 857-3885-9112,"Jl. Krisna, Lodtunduh, Kecamatan Ubud, Kabupaten Gianyar, Bali 80571, Indonesia",http://www.dnavillamanagement.com/,https://maps.google.com/?cid=6493411702981992510&g_mp=Cidnb29nbGUubWFwcy5wbGFjZXMudjEuUGxhY2VzLlNlYXJjaFRleHQQAhgEIAA,5,4,OPERATIONAL,service,villa_management,Manages portfolios of villas; refers renovation and build work,"villa management company in Ubud, Bali",-8.5513364,115.2579557,ChIJzXAqlIM90i0RPiCbUIo7HVo
The Lavina Ubud Villas by DNA Villa Management,+62 857-3885-9112,"Jl. Tegal Utu, Lodtunduh, Kecamatan Ubud, Kabupaten Gianyar, Bali 80571, Indonesia",http://www.dnavillamanagement.com/,https://maps.google.com/?cid=13803509917838320237&g_mp=Cidnb29nbGUubWFwcy5wbGFjZXMudjEuUGxhY2VzLlNlYXJjaFRleHQQAhgEIAA,5,3,OPERATIONAL,service,villa_management,Manages portfolios of villas; refers renovation and build work,"villa management company in Ubud, Bali",-8.5494548,115.25747940000001,ChIJB2OKLQk90i0RbaJV2iLrj78
The Living Asia,+62 812-3830-4063,"Jl. Pantai Pererenan Gang Jeruk No.2, Pererenan, Kec. Mengwi, Kabupaten Badung, Bali 80351, Indonesia",https://www.villabaliluxury.com/,https://maps.google.com/?cid=5854335293620631627&g_mp=Cidnb29nbGUubWFwcy5wbGFjZXMudjEuUGxhY2VzLlNlYXJjaFRleHQQAhgEIAA,3.9,10,OPERATIONAL,travel_agency,villa_management,Manages portfolios of villas; refers renovation and build work,"villa management company in Pererenan, Bali",-8.6414149,115.1299938,ChIJdwNDNG440i0RSzhKlO7GPlE
The Loka Hospitality Management,+62 817-7689-9998,"Jl. Raya Kedampang Gg. Sukun Buntu No.8, Kerobokan Kelod, Kec. Kuta Utara, Kabupaten Badung, Bali 82121, Indonesia",http://theloka.com/,https://maps.google.com/?cid=7691561168789001489&g_mp=Cidnb29nbGUubWFwcy5wbGFjZXMudjEuUGxhY2VzLlNlYXJjaFRleHQQAhgEIAA,5,5,OPERATIONAL,service,villa_management,Manages portfolios of villas; refers renovation and build work,"villa management company in Seminyak, Bali",-8.662768200000002,115.17283200000001,ChIJTfe34URH0i0REVXboSHqvWo
The Luxe Nomad,+62 819-0699-0190,"Jl. Raya Canggu No.88, Pererenan, Kec. Kuta Utara, Kabupaten Badung, Bali 80361, Indonesia",https://theluxenomad.com/,https://maps.google.com/?cid=2264440279514975529&g_mp=Cidnb29nbGUubWFwcy5wbGFjZXMudjEuUGxhY2VzLlNlYXJjaFRleHQQAhgEIAA,4.6,35,OPERATIONAL,service,villa_management,Manages portfolios of villas; refers renovation and build work,"villa management company in Canggu, Bali",-8.6343976,115.13954659999999,ChIJy0GHCxQ40i0RKY2Ty2_obB8
The Prema Villas by DNA Villa Management,+62 857-3885-9112,"Jl. Raya Gelogor, Lodtunduh, Kecamatan Ubud, Kabupaten Gianyar, Bali 80571, Indonesia",http://www.dnavillamanagement.com/,https://maps.google.com/?cid=16391629831288750383&g_mp=Cidnb29nbGUubWFwcy5wbGFjZXMudjEuUGxhY2VzLlNlYXJjaFRleHQQAhgEIAA,5,4,OPERATIONAL,service,villa_management,Manages portfolios of villas; refers renovation and build work,"villa management company in Ubud, Bali",-8.5500528,115.2570249,ChIJfUSnNZI90i0RL4GpJ3zEeuM
The Sukra Villas by DNA Villa Management,+62 857-3885-9112,"Ubud, Sayan, Ubud, Gianyar Regency, Bali 80571, Indonesia",http://www.dnavillamanagement.com/,https://maps.google.com/?cid=12054426815476399011&g_mp=Cidnb29nbGUubWFwcy5wbGFjZXMudjEuUGxhY2VzLlNlYXJjaFRleHQQAhgEIAA,5,2,OPERATIONAL,service,villa_management,Manages portfolios of villas; refers renovation and build work,"villa management company in Ubud, Bali",-8.511082799999999,115.24416970000001,ChIJrSk-LDM90i0Ro_tpU1LtSac
The Young Villas - Uluwatu,+62 819-0895-7895,"Jl. Buana Sari Gg. Pirta, Pecatu, Kec. Kuta Sel., Kabupaten Badung, Bali 80361, Indonesia",https://www.theyoungvillas.com/,https://maps.google.com/?cid=3184404427455032613&g_mp=Cidnb29nbGUubWFwcy5wbGFjZXMudjEuUGxhY2VzLlNlYXJjaFRleHQQAhgEIAA,4.8,148,OPERATIONAL,service,villa_management,Manages portfolios of villas; refers renovation and build work,"villa management company in Uluwatu, Bali",-8.812437,115.1182318,ChIJabSHeG9F0i0RJW2jf_RGMSw
Trix Villa Canggu by Santi Management,+62 813-3960-8178,"Jl. Danau Batur Gg. Mangga 1, Tibubeneng, Kec. Kuta Utara, Kabupaten Badung, Bali 80361, Indonesia",,https://maps.google.com/?cid=646111594839695241&g_mp=Cidnb29nbGUubWFwcy5wbGFjZXMudjEuUGxhY2VzLlNlYXJjaFRleHQQAhgEIAA,5,1,OPERATIONAL,service,villa_management,Manages portfolios of villas; refers renovation and build work,"villa management company in Canggu, Bali",-8.6335701,115.15736919999999,ChIJGY2eiJw50i0RiV-ufxJz9wg
Twist Villa Management,+62 889-7562-9506,"Jl. Sukma Kesuma No.43, Peliatan, Kecamatan Ubud, Kabupaten Gianyar, Bali 80571, Indonesia",,https://maps.google.com/?cid=6645203471547047947&g_mp=Cidnb29nbGUubWFwcy5wbGFjZXMudjEuUGxhY2VzLlNlYXJjaFRleHQQAhgEIAA,,,OPERATIONAL,service,villa_management,Manages portfolios of villas; refers renovation and build work,"villa management company in Ubud, Bali",-8.514536999999999,115.2675756,ChIJqd-j4jE90i0RCyDBfVmBOFw
UMAYA Villa Rentals,+62 878-8252-8227,"ji sempol n26, Pererenan, Kec. Mengwi, Kabupaten Badung, Bali 80351, Indonesia",https://umayavillarentals.com/,https://maps.google.com/?cid=1895306250044067334&g_mp=Cidnb29nbGUubWFwcy5wbGFjZXMudjEuUGxhY2VzLlNlYXJjaFRleHQQAhgEIAA,5,25,OPERATIONAL,service,villa_management,Manages portfolios of villas; refers renovation and build work,"villa management company in Pererenan, Bali",-8.639708900000002,115.1365006,ChIJA143hcGX5WERBk50Hv56TRo
Ubud Property,+62 361 970877,"Peliatan, Ubud, Gianyar Regency, Bali 80571, Indonesia",http://www.ubudproperty.com/,https://maps.google.com/?cid=9345432299806358604&g_mp=Cidnb29nbGUubWFwcy5wbGFjZXMudjEuUGxhY2VzLlNlYXJjaFRleHQQAhgEIAA,4.6,168,OPERATIONAL,real_estate_agency,villa_management,Manages portfolios of villas; refers renovation and build work,"villa management company in Ubud, Bali",-8.5089694,115.27113059999998,ChIJecy1umg90i0RTHxrlimlsYE
Uluwatu Magma Villas,+62 823-4007-4941,"Gg. Sari Artha, Pecatu, Kec. Kuta Sel., Kabupaten Badung, Bali 80361, Indonesia",,https://maps.google.com/?cid=14628749041994194509&g_mp=Cidnb29nbGUubWFwcy5wbGFjZXMudjEuUGxhY2VzLlNlYXJjaFRleHQQAhgEIAA,5,7,OPERATIONAL,service,villa_management,Manages portfolios of villas; refers renovation and build work,"villa management company in Uluwatu, Bali",-8.8183245,115.10246719999999,ChIJwbmpnRFF0i0RTV5mTL_BA8s
Uma Santai Villa Pererenan by Nakula,+62 361 738999,"84XH+X78, Pererenan, Mengwi, Badung Regency, Bali 80351, Indonesia",https://umasantai.com/,https://maps.google.com/?cid=13644857469993645647&g_mp=Cidnb29nbGUubWFwcy5wbGFjZXMudjEuUGxhY2VzLlNlYXJjaFRleHQQAhgEIAA,4.9,18,OPERATIONAL,service,villa_management,Manages portfolios of villas; refers renovation and build work,"villa management company in Pererenan, Bali",-8.649693,115.12749269999998,ChIJrRlHSCw50i0RT3bOTZNFXL0
Unique Bali Villas And Hotel Management,+62 361 857300,"Jl. Raya Kedampang No.300, Kerobokan, Kec. Kuta Utara, Kabupaten Badung, Bali 80361, Indonesia",,https://maps.google.com/?cid=17299243698043114949&g_mp=Cidnb29nbGUubWFwcy5wbGFjZXMudjEuUGxhY2VzLlNlYXJjaFRleHQQAhgEIAA,5,2,OPERATIONAL,service,villa_management,Manages portfolios of villas; refers renovation and build work,villa management company in Bali,-8.658427,115.17269970000001,ChIJEQXe3VtH0i0RxVXG8HxCE_A
Vazati Management,+62 817-0715-533,"Jl. Beji Ayu III No.7, Seminyak, Kec. Kuta, Kabupaten Badung, Bali 80361, Indonesia",http://www.vazatimanagement.com/,https://maps.google.com/?cid=4810816223881574412&g_mp=Cidnb29nbGUubWFwcy5wbGFjZXMudjEuUGxhY2VzLlNlYXJjaFRleHQQAhgEIAA,4.7,12,OPERATIONAL,service,villa_management,Manages portfolios of villas; refers renovation and build work,"villa management company in Seminyak, Bali",-8.6949804,115.17822729999999,ChIJPbzvsHpH0i0RDLgl6N1zw0I
Vera Villas Management,+62 813-3857-2616,"Jl. Pengubengan Kauh No.37, Kerobokan, Kec. Kuta Utara, Kabupaten Badung, Bali 80361, Indonesia",https://veravillas.guestybookings.com/en,https://maps.google.com/?cid=6914148303064447652&g_mp=Cidnb29nbGUubWFwcy5wbGFjZXMudjEuUGxhY2VzLlNlYXJjaFRleHQQAhgEIAA,4.7,14,OPERATIONAL,service,villa_management,Manages portfolios of villas; refers renovation and build work,villa management company in Bali,-8.668183299999999,115.16929350000001,ChIJR2QcyutH0i0RpLqGuD_9818
Victoriā Uluwatu,+62 822-3089-0440,"Jl. Pantai Cemongkak, Pecatu, Kec. Kuta Sel., Kabupaten Badung, Bali 80361, Indonesia",https://www.victoriauluwatu.com/,https://maps.google.com/?cid=9005408710338223236&g_mp=Cidnb29nbGUubWFwcy5wbGFjZXMudjEuUGxhY2VzLlNlYXJjaFRleHQQAhgEIAA,5,44,OPERATIONAL,service,villa_management,Manages portfolios of villas; refers renovation and build work,"villa management company in Uluwatu, Bali",-8.819324199999999,115.1243043,ChIJGXkBNABb0i0RhBzrZIKj-Xw
Villa Aloha Uluwatu,+62 813-3082-4309,"Jl. Batu Manik No.3, Pecatu, Kec. Kuta Sel., Kabupaten Badung, Bali, Indonesia",https://uluvillamanagement.com/,https://maps.google.com/?cid=13342141009721045934&g_mp=Cidnb29nbGUubWFwcy5wbGFjZXMudjEuUGxhY2VzLlNlYXJjaFRleHQQAhgEIAA,5,6,OPERATIONAL,housing_complex,villa_management,Manages portfolios of villas; refers renovation and build work,"villa management company in Uluwatu, Bali",-8.8394325,115.10451309999999,ChIJCdZUZABb0i0RrjOYA4_OKLk
Villa Arika,+62 361 754344,"Jl. Pantai Pererenan No.176, Pererenan, Kec. Mengwi, Kabupaten Badung, Bali 80351, Indonesia",http://www.villaarika.com/,https://maps.google.com/?cid=18107902255039360367&g_mp=Cidnb29nbGUubWFwcy5wbGFjZXMudjEuUGxhY2VzLlNlYXJjaFRleHQQAhgEIAA,4.8,32,OPERATIONAL,lodging,villa_management,Manages portfolios of villas; refers renovation and build work,"villa management company in Pererenan, Bali",-8.650885599999999,115.12150589999999,ChIJITzqem840i0Rb60dQykxTPs
Villa Hao Pererenan,+62 821-4668-1780,"Jl. Pantai Pererenan, Pererenan, Kec. Mengwi, Kabupaten Badung, Bali 80351, Indonesia",,https://maps.google.com/?cid=15194557715190715266&g_mp=Cidnb29nbGUubWFwcy5wbGFjZXMudjEuUGxhY2VzLlNlYXJjaFRleHQQAhgEIAA,3.2,20,OPERATIONAL,service,villa_management,Manages portfolios of villas; refers renovation and build work,"villa management company in Pererenan, Bali",-8.6383896,115.12975990000001,ChIJtdP8bIQ50i0RghMd3bzp3dI
Villa Janna Seminyak,+62 881-0100-93965,"Gg. Sunyi No.10, Kerobokan Kelod, Kec. Kuta Utara, Kabupaten Badung, Bali 80361, Indonesia",https://linktr.ee/bright.solution,https://maps.google.com/?cid=6110247094625212739&g_mp=Cidnb29nbGUubWFwcy5wbGFjZXMudjEuUGxhY2VzLlNlYXJjaFRleHQQAhgEIAA,5,1,OPERATIONAL,service,villa_management,Manages portfolios of villas; refers renovation and build work,"villa management company in Seminyak, Bali",-8.6796262,115.15462439999999,ChIJSUrxOwNH0i0RQ5n_7Fv1y1Q
Villa Mahanga by Optimum Bali Villas,+62 812-3825-0200,"Gg. KY Ceruring No.8, Kerobokan, Kec. Kuta Utara, Kabupaten Badung, Bali 80361, Indonesia",https://optimumbali.com/villa-bali/rental/1-2-bedrooms-for-rent/villa-mahanga-kerobokan-umalas/,https://maps.google.com/?cid=10597470729798039283&g_mp=Cidnb29nbGUubWFwcy5wbGFjZXMudjEuUGxhY2VzLlNlYXJjaFRleHQQAhgEIAA,5,8,OPERATIONAL,travel_agency,villa_management,Manages portfolios of villas; refers renovation and build work,"villa management company in Umalas, Bali",-8.647321,115.1655929,ChIJfSNz3E850i0R8zY2H3vHEZM
Villa Management Bali,+62 813-3733-4871,"Lantana Garden Residence C9, Jalan Kedalung Jl. Nusa Dua, Benoa, Kec. Kuta Sel., Kabupaten Badung, Bali 80361, Indonesia",https://villa-management-bali.com/,https://maps.google.com/?cid=13806683806804671469&g_mp=Cidnb29nbGUubWFwcy5wbGFjZXMudjEuUGxhY2VzLlNlYXJjaFRleHQQAhgEIAA,4,4,OPERATIONAL,service,villa_management,Manages portfolios of villas; refers renovation and build work,villa management company in Bali,-8.804516999999999,115.19842659999998,ChIJicIEFDrABmIR7fu6dsUxm78
Villa Mywen By Optimum Bali Villas,+62 853-3800-2448,"Jl. Pemelisan Agung Gg. Jempiring No.3, Tibubeneng, Kec. Kuta Utara, Kabupaten Badung, Bali 80361, Indonesia",https://optimumbali.com/villa-bali/rental/4-bedrooms-for-rent/villa-mywen-canggu-berawa/,https://maps.google.com/?cid=14043833625799127318&g_mp=Cidnb29nbGUubWFwcy5wbGFjZXMudjEuUGxhY2VzLlNlYXJjaFRleHQQAhgEIAA,4.9,12,OPERATIONAL,travel_agency,villa_management,Manages portfolios of villas; refers renovation and build work,"villa management company in Berawa, Bali",-8.659467,115.1368252,ChIJJ1GxIRtH0i0RFnFxdka45cI
Villa Nest Seminyak - Nest Property Management,+62 811-3977-273,"Jl. Raya Seminyak Gg. Keraton No.36, Seminyak, Kec. Kuta, Kabupaten Badung, Bali 80361, Indonesia",https://villanest.com/,https://maps.google.com/?cid=4007929796347301528&g_mp=Cidnb29nbGUubWFwcy5wbGFjZXMudjEuUGxhY2VzLlNlYXJjaFRleHQQAhgEIAA,4.9,45,OPERATIONAL,hotel,villa_management,Manages portfolios of villas; refers renovation and build work,"villa management company in Seminyak, Bali",-8.695368,115.16448829999999,ChIJGWRVDeBG0i0RmA78M-oGnzc
Villa Noma 1 by Noma Estate,+62 878-7598-0873,"Pererenan, Mengwi, Badung Regency, Bali, Indonesia",https://nomaestate.com/noma-villas/noma-1/,https://maps.google.com/?cid=5210117412292697561&g_mp=Cidnb29nbGUubWFwcy5wbGFjZXMudjEuUGxhY2VzLlNlYXJjaFRleHQQAhgEIAA,4.7,3,OPERATIONAL,service,villa_management,Manages portfolios of villas; refers renovation and build work,"villa management company in Pererenan, Bali",-8.6476084,115.12044139999999,ChIJD3lOZiQ50i0R2Z3InS4OTkg
Villa Pagi,+62 361 8475096,"85W3+477, Gg. P.Bali Jalan Umalas, Kerobokan, Kec. Kuta Utara, Kabupaten Badung, Bali 80361, Indonesia",http://www.myvillamanagement.com/listing/villa-pagi/,https://maps.google.com/?cid=11924176751530232555&g_mp=Cidnb29nbGUubWFwcy5wbGFjZXMudjEuUGxhY2VzLlNlYXJjaFRleHQQAhgEIAA,5,2,OPERATIONAL,service,villa_management,Manages portfolios of villas; refers renovation and build work,"villa management company in Umalas, Bali",-8.6547117,115.1531682,ChIJZUCX-3JH0i0R60ruGZQve6U
Villa Property Management - VPM Bali,+62 361 4741630,"Jl. Bumbak Jl. Umalas No.124, Kerobokan, Kec. Kuta Utara, Kabupaten Badung, Bali 80363, Indonesia",http://www.vpmbali.com/,https://maps.google.com/?cid=10662515338820173991&g_mp=Cidnb29nbGUubWFwcy5wbGFjZXMudjEuUGxhY2VzLlNlYXJjaFRleHQQAhgEIAA,4.9,7,OPERATIONAL,service,villa_management,Manages portfolios of villas; refers renovation and build work,villa management company in Bali,-8.660548000000002,115.15245799999998,ChIJNeJ8RntH0i0Rp8CHTjXd-JM
Villa Rent,+62 811-3313-988,"bali, Jl. Tegal Luwih No.13, Pererenan, Kec. Kuta Utara, Kabupaten Badung, Bali 80351, Indonesia",http://infoemas.com/,https://maps.google.com/?cid=13525593314042009156&g_mp=Cidnb29nbGUubWFwcy5wbGFjZXMudjEuUGxhY2VzLlNlYXJjaFRleHQQAhgEIAA,,,OPERATIONAL,real_estate_agency,villa_management,Manages portfolios of villas; refers renovation and build work,"villa management company in Pererenan, Bali",-8.6272992,115.173163,ChIJLVkc2Z850i0RRFbfG3WPtLs
Villa Sabana,+62 812-3900-4009,"Jl. Jantuk Angsa No.1, Pererenan, Kec. Mengwi, Kabupaten Badung, Bali 80351, Indonesia",http://www.sabanabali.com/,https://maps.google.com/?cid=11850645455186969488&g_mp=Cidnb29nbGUubWFwcy5wbGFjZXMudjEuUGxhY2VzLlNlYXJjaFRleHQQAhgEIAA,4.6,37,OPERATIONAL,service,villa_management,Manages portfolios of villas; refers renovation and build work,"villa management company in Pererenan, Bali",-8.6336502,115.13141859999999,ChIJT2scH1040i0RkEOEC0HzdaQ
Villa Serene Uluwatu by Pertama Management,+62 811-3830-9805,"55H3+V7F, Jl. Pura Masuka, Ungasan, Kec. Kuta Sel., Kabupaten Badung, Bali 80361, Indonesia",http://www.pertamastay.com/,https://maps.google.com/?cid=9237333140249517282&g_mp=Cidnb29nbGUubWFwcy5wbGFjZXMudjEuUGxhY2VzLlNlYXJjaFRleHQQAhgEIAA,,,OPERATIONAL,service,villa_management,Manages portfolios of villas; refers renovation and build work,"villa management company in Uluwatu, Bali",-8.820692,115.15380200000001,ChIJ06rLTABb0i0R4hyEsIyZMYA
"Villa Umahera - Canggu, by Nabe Hospitality Management",+62 851-8300-8320,"Jl. Raya Tumbakbayuh - Pererenan No.688, Pererenan, Kec. Mengwi, Kabupaten Badung, Bali 80351, Indonesia",https://linktr.ee/nabe.co.id,https://maps.google.com/?cid=9929351951633465418&g_mp=Cidnb29nbGUubWFwcy5wbGFjZXMudjEuUGxhY2VzLlNlYXJjaFRleHQQAhgEIAA,5,28,OPERATIONAL,service,villa_management,Manages portfolios of villas; refers renovation and build work,"villa management company in Pererenan, Bali",-8.620966899999999,115.1401924,ChIJuZESW7k50i0RSsDx9v0kzIk
"Villa Zoya - Canggu, by Nabe Hospitality Management",+62 822-3697-0087,"Catur, Jl. Subak Canggu Gg. Dharma No.4, Canggu, Kec. Kuta Utara, Kabupaten Badung, Bali 80351, Indonesia",https://linktr.ee/nabe.co.id,https://maps.google.com/?cid=7404429623211322464&g_mp=Cidnb29nbGUubWFwcy5wbGFjZXMudjEuUGxhY2VzLlNlYXJjaFRleHQQAhgEIAA,5,1,OPERATIONAL,service,villa_management,Manages portfolios of villas; refers renovation and build work,"villa management company in Canggu, Bali",-8.6542812,115.128872,ChIJAQlWcvg50i0RYOzjD4PRwWY
Villas R Us,+62 812-3686-8956,"Gg. Meduri No.5A, Kerobokan Kelod, Kec. Kuta Utara, Kabupaten Badung, Bali 80361, Indonesia",https://villasrus.co/,https://maps.google.com/?cid=9544334863018338936&g_mp=Cidnb29nbGUubWFwcy5wbGFjZXMudjEuUGxhY2VzLlNlYXJjaFRleHQQAhgEIAA,4.7,29,OPERATIONAL,service,villa_management,Manages portfolios of villas; refers renovation and build work,villa management company in Bali,-8.6818064,115.16525580000001,ChIJ5SCz6htH0i0ReKqVZ_1JdIQ
Villas of Bali,+62 811-3960-8685,"Jl. Raya Kerobokan No.120, Kerobokan Kelod, Kec. Kuta Utara, Kabupaten Badung, Bali 80361, Indonesia",https://www.balivillasales.com/,https://maps.google.com/?cid=5373482813647462816&g_mp=Cidnb29nbGUubWFwcy5wbGFjZXMudjEuUGxhY2VzLlNlYXJjaFRleHQQAhgEIAA,4.7,53,OPERATIONAL,real_estate_agency,villa_management,Manages portfolios of villas; refers renovation and build work,"villa management company in Umalas, Bali",-8.6809882,115.16437979999998,ChIJv96Hy3g40i0RoKEfKiZykko
WE PROVIDE PROPERTY BALI - ULUWATU OFFICE,+62 877-2460-1999,"Jl. Raya Uluwatu Pecatu No.99X, Ungasan, Kec. Kuta Sel., Kabupaten Badung, Bali 80361, Indonesia",https://weprovideproperty.id/,https://maps.google.com/?cid=2740918777685602458&g_mp=Cidnb29nbGUubWFwcy5wbGFjZXMudjEuUGxhY2VzLlNlYXJjaFRleHQQAhgEIAA,5,2,OPERATIONAL,consultant,villa_management,Manages portfolios of villas; refers renovation and build work,"villa management company in Uluwatu, Bali",-8.826084,115.1397793,ChIJdyzFd0pb0i0RmvAlNhuzCSY
Xtravia Hospitality - Bali Villa Management,+62 812-3740-2256,"Exotic Paradise Bali, Jl. Taman Pancing No.No, Pemogan, Denpasar Selatan, Kota Denpasar, Bali 80221, Indonesia",,https://maps.google.com/?cid=5438015437808879104&g_mp=Cidnb29nbGUubWFwcy5wbGFjZXMudjEuUGxhY2VzLlNlYXJjaFRleHQQAhgEIAA,5,3,OPERATIONAL,service,villa_management,Manages portfolios of villas; refers renovation and build work,villa management company in Bali,-8.7125126,115.190259,ChIJS5tuegvuwG8RAEawlTq2d0s
Yolla Hospitality | Property Management in Bali,+62 823-4038-1309,"Jl. Ancak Sari, Pecatu, Kec. Kuta Sel., Kabupaten Badung, Bali 80361, Indonesia",https://www.yollagroup.com/yolla-hospitality/yolla-hospitality,https://maps.google.com/?cid=11849015487541244119&g_mp=Cidnb29nbGUubWFwcy5wbGFjZXMudjEuUGxhY2VzLlNlYXJjaFRleHQQAhgEIAA,4.4,7,OPERATIONAL,service,villa_management,Manages portfolios of villas; refers renovation and build work,villa management company in Bali,-8.8169744,115.1193888,ChIJn4gGLPm3Bg4R13D_oM4ocKQ
bali Villa management- Bali Hotel Management - Property - Marketing,+62 812-3932-833,"jln popies lane No.2, Kuta, Kec. Kuta, Kabupaten Badung, Bali 80361, Indonesia",http://soscomma.com/,https://maps.google.com/?cid=12922697643734222542&g_mp=Cidnb29nbGUubWFwcy5wbGFjZXMudjEuUGxhY2VzLlNlYXJjaFRleHQQAhgEIAA,5,2,OPERATIONAL,service,villa_management,Manages portfolios of villas; refers renovation and build work,villa management company in Bali,-8.7176562,115.1724704,ChIJNx2HJldH0i0RzkaOIgqlVrM
iNi ViE Hospitality - Resort and Villa Management & Consultant in Bali,+62 811-3986-889,"Jl. Persada II No.888, Kerobokan, Kec. Kuta Utara, Kabupaten Badung, Bali 80361, Indonesia",http://inivie.com/?utm_source=google&utm_medium=organic&utm_campaign=google_business_profile,https://maps.google.com/?cid=16663284372013095098&g_mp=Cidnb29nbGUubWFwcy5wbGFjZXMudjEuUGxhY2VzLlNlYXJjaFRleHQQAhgEIAA,4.4,66,OPERATIONAL,corporate_office,villa_management,Manages portfolios of villas; refers renovation and build work,villa management company in Bali,-8.6757156,115.17564499999999,ChIJIUeyctFG0i0RupgoudngP-c
Aeera Villa Canggu by iNi Vie Hospitality,+62 811-3960-7338,"Gg. Semar No.8, Canggu, Kec. Kuta Utara, Kabupaten Badung, Bali 80361, Indonesia",http://inivie.com/aeeravilla/?utm_source=google&utm_medium=organic&utm_campaign=google_business_profile,https://maps.google.com/?cid=15756825669455477672&g_mp=Cidnb29nbGUubWFwcy5wbGFjZXMudjEuUGxhY2VzLlNlYXJjaFRleHQQAhgEIAA,4.7,495,OPERATIONAL,service,villa_owner_operator,"Existing villa owner/operator; renovation, extension and rebuild client","villa in Canggu, Bali",-8.6505575,115.14833200000001,ChIJmSrO5Rc50i0RqHumj3Z9q9o
Ametis Villa,+62 361 8445567,"Jl. Pantai Batu Bolong, Canggu, Kec. Kuta Utara, Kabupaten Badung, Bali 80361, Indonesia",http://www.ametisvilla.com/,https://maps.google.com/?cid=10826447969760206011&g_mp=Cidnb29nbGUubWFwcy5wbGFjZXMudjEuUGxhY2VzLlNlYXJjaFRleHQQAhgEIAA,4.7,389,OPERATIONAL,hotel,villa_owner_operator,"Existing villa owner/operator; renovation, extension and rebuild client","villa in Canggu, Bali",-8.656969799999999,115.13152129999999,ChIJIyzXSXw40i0Ru1zOSBFFP5Y
Amoke Villas,+62 851-2102-7599,"Jl. Pantai Berawa.94, Gang Veteran 6,Tibubeneng, Canggu, Kec. Kuta Utara, Kabupaten Badung, Tibubeneng, Kec. Kuta Utara, Bali, 80361, Indonesia",,https://maps.google.com/?cid=7019373450127431270&g_mp=Cidnb29nbGUubWFwcy5wbGFjZXMudjEuUGxhY2VzLlNlYXJjaFRleHQQAhgEIAA,3.7,3,OPERATIONAL,hotel,villa_owner_operator,"Existing villa owner/operator; renovation, extension and rebuild client","villa in Berawa, Bali",-8.647547099999999,115.1510327,ChIJE9RqNwg50i0RZlancPbSaWE
Amore Villas,+62 812-3689-0531,"Pantai Berawa Opposite Canggu Station Jalan Subak Sari Badung, Tibubeneng, Kec. Kuta Utara, Bali, 80361, Indonesia",http://amorevillas.com/,https://maps.google.com/?cid=12288768890108033312&g_mp=Cidnb29nbGUubWFwcy5wbGFjZXMudjEuUGxhY2VzLlNlYXJjaFRleHQQAhgEIAA,4.6,90,OPERATIONAL,hotel,villa_owner_operator,"Existing villa owner/operator; renovation, extension and rebuild client","villa in Berawa, Bali",-8.6639541,115.1470865,ChIJg8ipiXlH0i0RILnCZTJ6iqo
Annora Villas Seminyak,+62 817-427-315,"Jl. Abimanyu No.999X, Seminyak, Kec. Kuta, Kabupaten Badung, Bali 80361, Indonesia",https://www.annoravillas.com/,https://maps.google.com/?cid=10479699862416132535&g_mp=Cidnb29nbGUubWFwcy5wbGFjZXMudjEuUGxhY2VzLlNlYXJjaFRleHQQAhgEIAA,5,515,OPERATIONAL,service,villa_owner_operator,"Existing villa owner/operator; renovation, extension and rebuild client","villa in Seminyak, Bali",-8.6941652,115.16261889999998,ChIJU03Kh-lH0i0RtwkGRIBfb5E
Aradhana Villas - by Ekosistem,+62 812-3917-7825,"Jl. Pemelisan Agung, Canggu, Tibubeneng, Kec. Kuta Utara, Kabupaten Badung, Bali 80361, Indonesia",http://www.aradhanavillas.com/,https://maps.google.com/?cid=721720201812473800&g_mp=Cidnb29nbGUubWFwcy5wbGFjZXMudjEuUGxhY2VzLlNlYXJjaFRleHQQAhgEIAA,4.8,148,OPERATIONAL,service,villa_owner_operator,"Existing villa owner/operator; renovation, extension and rebuild client","villa in Canggu, Bali",-8.6606705,115.1367825,ChIJZ3524oNH0i0RyHdBILMQBAo
Arnalaya Beach House,+62 361 737498,"Jl. Nelayan, Canggu, Kec. Kuta Utara, Kabupaten Badung, Bali 80361, Indonesia",,https://maps.google.com/?cid=2542154953998549219&g_mp=Cidnb29nbGUubWFwcy5wbGFjZXMudjEuUGxhY2VzLlNlYXJjaFRleHQQAhgEIAA,4.7,93,OPERATIONAL,service,villa_owner_operator,"Existing villa owner/operator; renovation, extension and rebuild client","villa in Canggu, Bali",-8.661057,115.13327299999997,ChIJGcXGJIRH0i0R40AVNXaMRyM
Artha Villa Canggu by Fays Hospitality,+62 881-1119-700,"Jl. Raya Tumbakbayuh - Pererenan, Tumbak Bayuh, Kec. Mengwi, Kabupaten Badung, Bali 80351, Indonesia",https://www.fayshospitality.com/,https://maps.google.com/?cid=12104869351088450053&g_mp=Cidnb29nbGUubWFwcy5wbGFjZXMudjEuUGxhY2VzLlNlYXJjaFRleHQQAhgEIAA,5,15,OPERATIONAL,service,villa_owner_operator,"Existing villa owner/operator; renovation, extension and rebuild client","villa in Canggu, Bali",-8.620537900000002,115.1409442,ChIJS0Mame450i0RBeojXIoi_ac
Astera Resort & Spa Canggu by iNi Vie Hospitality,+62 811-3960-7338,"Jl. Padang Lingjong No.88 A, Canggu, Kec. Kuta Utara, Kabupaten Badung, Bali 80361, Indonesia",http://inivie.com/asteraresortcanggu/?utm_source=google&utm_medium=organic&utm_campaign=google_business_profile,https://maps.google.com/?cid=11585399166207290222&g_mp=Cidnb29nbGUubWFwcy5wbGFjZXMudjEuUGxhY2VzLlNlYXJjaFRleHQQAhgEIAA,4.8,1237,OPERATIONAL,resort_hotel,villa_owner_operator,"Existing villa owner/operator; renovation, extension and rebuild client","villa in Canggu, Bali",-8.6399098,115.1403097,ChIJIfcM8UU50i0Rbmvk2iibx6A
Astera Villa Seminyak by iNi Vie Hospitality,+62 822-1173-8877,"Jl. Sri Rejeki No.88 A, Seminyak, Kec. Kuta, Kabupaten Badung, Bali 80361, Indonesia",http://inivie.com/asteravillaseminyak/?utm_source=google&utm_medium=organic&utm_campaign=google_business_profile,https://maps.google.com/?cid=11568888110194752038&g_mp=Cidnb29nbGUubWFwcy5wbGFjZXMudjEuUGxhY2VzLlNlYXJjaFRleHQQAhgEIAA,4.8,884,OPERATIONAL,service,villa_owner_operator,"Existing villa owner/operator; renovation, extension and rebuild client","villa in Seminyak, Bali",-8.6968722,115.17420919999998,ChIJYWPsZvxH0i0RJvplDnHyjKA
Ayona Villa Seminyak by iNi Vie Hospitality,+62 811-3960-7258,"Jl. Batu Belig Gg. Bayu No.8, Seminyak, Kec. Kuta Utara, Kabupaten Badung, Bali 80361, Indonesia",http://inivie.com/ayonavillaseminyak/?utm_source=instagram&utm_medium=story&utm_campaign=highlight,https://maps.google.com/?cid=14844993973963513781&g_mp=Cidnb29nbGUubWFwcy5wbGFjZXMudjEuUGxhY2VzLlNlYXJjaFRleHQQAhgEIAA,4.8,528,OPERATIONAL,service,villa_owner_operator,"Existing villa owner/operator; renovation, extension and rebuild client","villa in Seminyak, Bali",-8.670575999999999,115.15940089999998,ChIJN2Y9Qp5H0i0Rtd_o_l0DBM4
Bali Taoka Villa Berawa,+62 822-6633-0798,"Gg. Jalak XIX, Tibubeneng, Kec. Kuta Utara, Kabupaten Badung, Bali 80361, Indonesia",,https://maps.google.com/?cid=3701013096503025926&g_mp=Cidnb29nbGUubWFwcy5wbGFjZXMudjEuUGxhY2VzLlNlYXJjaFRleHQQAhgEIAA,4.6,22,OPERATIONAL,service,villa_owner_operator,"Existing villa owner/operator; renovation, extension and rebuild client","villa in Berawa, Bali",-8.6549312,115.14310309999999,ChIJEfheawA50i0RBqEhbs2jXDM
Beach Villas Canggu - Managed by SISI,+62 877-4806-0430,"Jl. Pantai Batu Mejan, Canggu, Kec. Kuta Utara, Kabupaten Badung, Bali 80361, Indonesia",https://wa.me/6287748060430,https://maps.google.com/?cid=7680932739577066971&g_mp=Cidnb29nbGUubWFwcy5wbGFjZXMudjEuUGxhY2VzLlNlYXJjaFRleHQQAhgEIAA,4.4,15,OPERATIONAL,service,villa_owner_operator,"Existing villa owner/operator; renovation, extension and rebuild client","villa in Berawa, Bali",-8.652578,115.1288696,ChIJme8X0G050i0R27UonqEnmGo
Berawa Bali Beach Villa,+62 812-2236-8566,"Jl. Subak Sari 13 No.8, Tibubeneng, Kec. Kuta Utara, Kabupaten Badung, Bali 80361, Indonesia",https://baligiga.com/,https://maps.google.com/?cid=7978954938448320896&g_mp=Cidnb29nbGUubWFwcy5wbGFjZXMudjEuUGxhY2VzLlNlYXJjaFRleHQQAhgEIAA,3.7,3,OPERATIONAL,service,villa_owner_operator,"Existing villa owner/operator; renovation, extension and rebuild client","villa in Berawa, Bali",-8.666459999999999,115.14429669999998,ChIJ23jnWdZH0i0RgJkPAT7xum4
Blacksand Villas,+62 821-8778-4515,"947J+25V, Pererenan, Mengwi, Badung Regency, Bali 80351, Indonesia",https://houseofreservations.com/black-sand-villas,https://maps.google.com/?cid=12930954862654305828&g_mp=Cidnb29nbGUubWFwcy5wbGFjZXMudjEuUGxhY2VzLlNlYXJjaFRleHQQAhgEIAA,4.4,24,OPERATIONAL,service,villa_owner_operator,"Existing villa owner/operator; renovation, extension and rebuild client","villa in Pererenan, Bali",-8.6373814,115.13043010000001,ChIJkwlFIPQ50i0RJLYeu-_6c7M
Blacksand Villas Canggu,+62 812-3743-1886,"Jl. Tanah Barak No.39A, Canggu, Kec. Kuta Utara, Kabupaten Badung, Bali 80351, Indonesia",http://blacksandvillas.com/,https://maps.google.com/?cid=711249223530048763&g_mp=Cidnb29nbGUubWFwcy5wbGFjZXMudjEuUGxhY2VzLlNlYXJjaFRleHQQAhgEIAA,4.4,100,OPERATIONAL,hotel,villa_owner_operator,"Existing villa owner/operator; renovation, extension and rebuild client","villa in Canggu, Bali",-8.649385299999999,115.13190469999999,ChIJ-fjuYBE50i0R--xHg2bd3gk
Blossom Eco Luxe Villas - by Ekosistem,+62 361 9399799,"Jl. Pantai Batu Bolong, Canggu, Kec. Kuta Utara, Kabupaten Badung, Bali 80361, Indonesia",http://www.blossomcanggu.com/,https://maps.google.com/?cid=15909470476850963903&g_mp=Cidnb29nbGUubWFwcy5wbGFjZXMudjEuUGxhY2VzLlNlYXJjaFRleHQQAhgEIAA,4.9,228,OPERATIONAL,service,villa_owner_operator,"Existing villa owner/operator; renovation, extension and rebuild client","villa in Canggu, Bali",-8.65749,115.13118659999998,ChIJ0cd5FUlH0i0RvyVEURvLydw
Cahaya Villa Canggu by Island Escape Villas,+62 813-3936-2407,"Tibuneng, Gg.Anggrek VIII, Canggu, Kec. Kuta Utara, Kabupaten Badung, Bali 80361, Indonesia",http://cahayavillacanggu.com/,https://maps.google.com/?cid=9506849384918939734&g_mp=Cidnb29nbGUubWFwcy5wbGFjZXMudjEuUGxhY2VzLlNlYXJjaFRleHQQAhgEIAA,4.8,8,OPERATIONAL,hotel,villa_owner_operator,"Existing villa owner/operator; renovation, extension and rebuild client","villa in Canggu, Bali",-8.656457,115.1387739,ChIJO6iUB1M50i0RVvg7aSUd74M
Calys Villas Pererenan,+62 878-7561-1889,"Jl. Munduk Batu Belah, Pererenan, Kec. Mengwi, Kabupaten Badung, Bali 80351, Indonesia",https://www.instagram.com/calysvillasbali/,https://maps.google.com/?cid=4095475090776130695&g_mp=Cidnb29nbGUubWFwcy5wbGFjZXMudjEuUGxhY2VzLlNlYXJjaFRleHQQAhgEIAA,4.8,21,OPERATIONAL,service,villa_owner_operator,"Existing villa owner/operator; renovation, extension and rebuild client","villa in Pererenan, Bali",-8.6428345,115.133208,ChIJj5G3tdc50i0RhwQsdOUM1jg
Canggu Cabana Beach Resort & Spa by iNi Vie Hospitality,+62 823-2289-3908,"Jl. Nelayan No.888A, Canggu, Kec. Kuta Utara, Kabupaten Badung, Bali 80361, Indonesia",http://inivie.com/canggucabana/?utm_source=google&utm_medium=organic&utm_campaign=google_business_profile,https://maps.google.com/?cid=16684204453132672428&g_mp=Cidnb29nbGUubWFwcy5wbGFjZXMudjEuUGxhY2VzLlNlYXJjaFRleHQQAhgEIAA,4.8,778,OPERATIONAL,resort_hotel,villa_owner_operator,"Existing villa owner/operator; renovation, extension and rebuild client","villa in Canggu, Bali",-8.659310699999999,115.13329770000001,ChIJQYC-uBlH0i0RrJ32rI0ziuc
Canggu Circle Villa,+62 812-3513-7889,"Jl. Danau Batur Gg. Mangga VIII No.88, Tibubeneng, Kec. Kuta Utara, Kabupaten Badung, Bali 80361, Indonesia",http://stayatsolo.com/canggucirclevilla,https://maps.google.com/?cid=8008344529231549636&g_mp=Cidnb29nbGUubWFwcy5wbGFjZXMudjEuUGxhY2VzLlNlYXJjaFRleHQQAhgEIAA,4.7,185,OPERATIONAL,service,villa_owner_operator,"Existing villa owner/operator; renovation, extension and rebuild client","villa in Canggu, Bali",-8.636422099999999,115.15464129999998,ChIJs1isxwE50i0RxBTKV-taI28
Carpe Diem Villa,+62 811-3831-0881,"Jl. Subak Sari No.13, Tibubeneng, Berawa, Kabupaten Badung, Bali 80351, Indonesia",https://www.carpediemvillabali.com/,https://maps.google.com/?cid=12447166657502391509&g_mp=Cidnb29nbGUubWFwcy5wbGFjZXMudjEuUGxhY2VzLlNlYXJjaFRleHQQAhgEIAA,5,14,OPERATIONAL,service,villa_owner_operator,"Existing villa owner/operator; renovation, extension and rebuild client","villa in Berawa, Bali",-8.6637876,115.14851560000001,ChIJbakAhKNH0i0R1SyEiCA4vaw
Casa Ola Villa,+62 877-4056-2688,"Jl. Pantai Pererenan No.165, Pererenan, Kec. Mengwi, Kabupaten Badung, Bali, Indonesia",https://www.casaolavilla.com/,https://maps.google.com/?cid=14643691954052393856&g_mp=Cidnb29nbGUubWFwcy5wbGFjZXMudjEuUGxhY2VzLlNlYXJjaFRleHQQAhgEIAA,5,27,OPERATIONAL,service,villa_owner_operator,"Existing villa owner/operator; renovation, extension and rebuild client","villa in Pererenan, Bali",-8.651119999999999,115.1217658,ChIJG8U9ojc50i0RgOuJIT_YOMs
Chilli Wood Villa,+41 79 817 58 92,"Jl. Pantai Pererenan, Pererenan, Kec. Mengwi, Kabupaten Badung, Bali 80351, Indonesia",,https://maps.google.com/?cid=15063227425823584907&g_mp=Cidnb29nbGUubWFwcy5wbGFjZXMudjEuUGxhY2VzLlNlYXJjaFRleHQQAhgEIAA,4.5,11,OPERATIONAL,service,villa_owner_operator,"Existing villa owner/operator; renovation, extension and rebuild client","villa in Pererenan, Bali",-8.6422615,115.1302554,ChIJQcSl2b050i0Ri_IiD4lVC9E
Cyrus Villa Seminyak by iNi Vie Hospitality,+62 822-1173-8877,"Jl. Pengipian No.8A, Kerobokan Kelod, Kec. Kuta Utara, Kabupaten Badung, Bali 80361, Indonesia",http://inivie.com/cyrusvilla/?utm_source=google&utm_medium=organic&utm_campaign=google_business_profile,https://maps.google.com/?cid=2012251159771334898&g_mp=Cidnb29nbGUubWFwcy5wbGFjZXMudjEuUGxhY2VzLlNlYXJjaFRleHQQAhgEIAA,4.9,515,OPERATIONAL,service,villa_owner_operator,"Existing villa owner/operator; renovation, extension and rebuild client","villa in Seminyak, Bali",-8.6765841,115.1747202,ChIJ0eAgsANH0i0R8sgJucTz7Bs
Dea Villas,+62 361 737498,"Jl. Tegal Sari Banjar Tegal Gundul, Tibubeneng, Kec. Kuta Utara, Kabupaten Badung, Bali 80361, Indonesia",http://deavillas-bali.com/?utm_source=gmb&utm_medium=organic,https://maps.google.com/?cid=14146613312176361948&g_mp=Cidnb29nbGUubWFwcy5wbGFjZXMudjEuUGxhY2VzLlNlYXJjaFRleHQQAhgEIAA,4.8,62,OPERATIONAL,service,villa_owner_operator,"Existing villa owner/operator; renovation, extension and rebuild client","villa in Canggu, Bali",-8.6597618,115.14349440000001,ChIJPYajPH9H0i0R3JEV_9rdUsQ
Earth Villa Canggu by SOLO,+62 812-3513-7889,"Jl. Raya Kayutulang, Canggu, Kec. Kuta Utara, Kabupaten Badung, Bali 80351, Indonesia",http://stayatsolo.com/earthvilla/?utm_source=google&utm_medium=organic&utm_campaign=google_business_profile,https://maps.google.com/?cid=8929260675318527818&g_mp=Cidnb29nbGUubWFwcy5wbGFjZXMudjEuUGxhY2VzLlNlYXJjaFRleHQQAhgEIAA,4.8,57,OPERATIONAL,service,villa_owner_operator,"Existing villa owner/operator; renovation, extension and rebuild client","villa in Canggu, Bali",-8.644253599999999,115.14371559999998,ChIJawe-RGY50i0RSrc5Y0Yb63s
Eight Palms Villa Seminyak by iNi Vie Hospitality,+62 813-3746-6780,"Jl. Pandawa No.8A, Seminyak, Kec. Kuta, Kabupaten Badung, Bali 80361, Indonesia",http://inivie.com/eightpalmsvilla/?utm_source=google&utm_medium=organic&utm_campaign=google_business_profile,https://maps.google.com/?cid=7681426094891635817&g_mp=Cidnb29nbGUubWFwcy5wbGFjZXMudjEuUGxhY2VzLlNlYXJjaFRleHQQAhgEIAA,4.8,386,OPERATIONAL,service,villa_owner_operator,"Existing villa owner/operator; renovation, extension and rebuild client","villa in Seminyak, Bali",-8.702104799999999,115.17368700000002,ChIJWeHqlmhH0i0RaZRu2lXomWo
Impiana Private Villas Seminyak,+62 361 730840,"Jl. Kunti I No.118X, Seminyak, Kec. Kuta, Kabupaten Badung, Bali 80361, Indonesia",https://www.impianaseminyak.com/,https://maps.google.com/?cid=810716867103533581&g_mp=Cidnb29nbGUubWFwcy5wbGFjZXMudjEuUGxhY2VzLlNlYXJjaFRleHQQAhgEIAA,4.7,640,OPERATIONAL,service,villa_owner_operator,"Existing villa owner/operator; renovation, extension and rebuild client","villa in Seminyak, Bali",-8.688737699999999,115.17006509999999,ChIJvXA6XyFH0i0RDaof_bE-QAs
Indra Villa Pererenan,+62 811-8421-708,"Jl. Pantai Pererenan, Pererenan, Kec. Mengwi, Kabupaten Badung, Bali 80351, Indonesia",,https://maps.google.com/?cid=1408963205957571946&g_mp=Cidnb29nbGUubWFwcy5wbGFjZXMudjEuUGxhY2VzLlNlYXJjaFRleHQQAhgEIAA,4.7,9,OPERATIONAL,service,villa_owner_operator,"Existing villa owner/operator; renovation, extension and rebuild client","villa in Pererenan, Bali",-8.6347825,115.13439029999999,ChIJCSEo7xw50i0RalWyIJKkjRM
KAJU Villa Canggu,+62 851-2115-1445,"Jl. Pura Wr., Canggu, Kec. Kuta Utara, Kabupaten Badung, Bali 80351, Indonesia",http://kajuvilla.com/,https://maps.google.com/?cid=711246685011597161&g_mp=Cidnb29nbGUubWFwcy5wbGFjZXMudjEuUGxhY2VzLlNlYXJjaFRleHQQAhgEIAA,4.8,52,OPERATIONAL,service,villa_owner_operator,"Existing villa owner/operator; renovation, extension and rebuild client","villa in Canggu, Bali",-8.6247951,115.14821119999998,ChIJ_Tt10k450i0RaVfKdxfb3gk
KAKTUS VILLA PERERENAN,+65 8820 7255,"KAKTUS VILLA, Jl. Munduk Batu Belah, Pererenan, Kec. Mengwi, Kabupaten Badung, Bali 80351, Indonesia",https://www.kaktuscommongrounds.com/,https://maps.google.com/?cid=1221274736248552937&g_mp=Cidnb29nbGUubWFwcy5wbGFjZXMudjEuUGxhY2VzLlNlYXJjaFRleHQQAhgEIAA,5,7,OPERATIONAL,service,villa_owner_operator,"Existing villa owner/operator; renovation, extension and rebuild client","villa in Pererenan, Bali",-8.6422487,115.1341552,ChIJE8m8XZI50i0R6f1A6-bW8hA
Kanadea Villa Canggu by SOLO,+62 812-3513-7889,"Jl. Pantai Batu Bolong Gg. Aksata, Canggu, Kec. Kuta Utara, Kabupaten Badung, Bali 80351, Indonesia",https://stayatsolo.com/kanadeavilla,https://maps.google.com/?cid=15961825239952835995&g_mp=Cidnb29nbGUubWFwcy5wbGFjZXMudjEuUGxhY2VzLlNlYXJjaFRleHQQAhgEIAA,4.8,32,OPERATIONAL,service,villa_owner_operator,"Existing villa owner/operator; renovation, extension and rebuild client","villa in Canggu, Bali",-8.640351899999999,115.1445974,ChIJgXj5kWA50i0Rm8VAgnzLg90
Kasianda Estate,+62 813-3865-4914,"Gg. Makmur Jl. Pantai Berawa No.12, Tibubeneng, Kec. Kuta Utara, Kabupaten Badung, Bali 80361, Indonesia",http://kasianda.com/,https://maps.google.com/?cid=7824995931530576188&g_mp=Cidnb29nbGUubWFwcy5wbGFjZXMudjEuUGxhY2VzLlNlYXJjaFRleHQQAhgEIAA,4.9,82,OPERATIONAL,service,villa_owner_operator,"Existing villa owner/operator; renovation, extension and rebuild client","villa in Berawa, Bali",-8.6577737,115.1459323,ChIJIeWCFOtH0i0RPMHBU1f4l2w
Kembali Villas Seminyak Private Pool Villa,+62 361 737318,"Jl. Sari Dewi No.14D, Seminyak, Kec. Kuta, Kabupaten Badung, Bali 80361, Indonesia",http://www.kembalivillas.com/,https://maps.google.com/?cid=15224997090087282654&g_mp=Cidnb29nbGUubWFwcy5wbGFjZXMudjEuUGxhY2VzLlNlYXJjaFRleHQQAhgEIAA,4.7,174,OPERATIONAL,hotel,villa_owner_operator,"Existing villa owner/operator; renovation, extension and rebuild client","villa in Seminyak, Bali",-8.6880857,115.1572218,ChIJ_azzuxtH0i0R3icCHTAOStM
"Kubu Manggala Villas Seminyak, Seminyak",+62 361 9348658,"Jalan Mertasari Yasa bali utama No. 13, Pengubengan, Seminyak, Kerobokan Kelod, Kec. Kuta Utara, Kabupaten Badung, Bali 80361, Indonesia",https://www.indonesiahotels.net/en/hotel/kubu-manggala-villas-seminyak.html,https://maps.google.com/?cid=4923646170807258706&g_mp=Cidnb29nbGUubWFwcy5wbGFjZXMudjEuUGxhY2VzLlNlYXJjaFRleHQQAhgEIAA,4.5,352,OPERATIONAL,service,villa_owner_operator,"Existing villa owner/operator; renovation, extension and rebuild client","villa in Seminyak, Bali",-8.6700312,115.17403990000001,ChIJueSjPHtH0i0RUs6tEhtOVEQ
La Mira Villa Seminyak by SOLO,+62 812-3513-7889,"Jl. Merta Sari No.88 A, kerobokan, Kec. Kuta Utara, Kabupaten Badung, Bali 80361, Indonesia",http://stayatsolo.com/lamiravilla/?utm_source=google&utm_medium=organic&utm_campaign=google_business_profile,https://maps.google.com/?cid=11368029154346502747&g_mp=Cidnb29nbGUubWFwcy5wbGFjZXMudjEuUGxhY2VzLlNlYXJjaFRleHQQAhgEIAA,4.8,647,OPERATIONAL,service,villa_owner_operator,"Existing villa owner/operator; renovation, extension and rebuild client","villa in Seminyak, Bali",-8.670400899999999,115.17270749999999,ChIJ9fAEkRhH0i0RW4obFUlaw50
"La Paradis Villa, Canggu",+62 361 9091605,"Jl. Pantai Pererenan No.129, Pererenan, Kec. Mengwi, Kabupaten Badung, Bali 80361, Indonesia",https://laparadisvilla.id-indonesia.com/id/,https://maps.google.com/?cid=4314184578756124409&g_mp=Cidnb29nbGUubWFwcy5wbGFjZXMudjEuUGxhY2VzLlNlYXJjaFRleHQQAhgEIAA,4.6,182,OPERATIONAL,bed_and_breakfast,villa_owner_operator,"Existing villa owner/operator; renovation, extension and rebuild client","villa in Pererenan, Bali",-8.648145,115.12496999999999,ChIJ2Q7ki3E40i0R-R46UAQQ3zs
La Vie Villa Seminyak by iNi Vie Hospitality,+62 811-3960-7258,"Jl. Pandawa No.88 A, Seminyak, Kec. Kuta, Kabupaten Badung, Bali 80361, Indonesia",http://inivie.com/lavievilla/?utm_source=google&utm_medium=organic&utm_campaign=google_business_profile,https://maps.google.com/?cid=2702947136189515516&g_mp=Cidnb29nbGUubWFwcy5wbGFjZXMudjEuUGxhY2VzLlNlYXJjaFRleHQQAhgEIAA,4.8,680,OPERATIONAL,service,villa_owner_operator,"Existing villa owner/operator; renovation, extension and rebuild client","villa in Seminyak, Bali",-8.703783,115.17347389999999,ChIJ75JsGdtG0i0R_EY8exnMgiU
Larose Villas and Boutique Camp,+62 811-3888-011,"Jl. Pantai Batu Bolong Gg. Bonton No.1, Canggu, Bali, Kabupaten Badung, Bali 80363, Indonesia",http://www.larosevillas.com/,https://maps.google.com/?cid=907579941516332541&g_mp=Cidnb29nbGUubWFwcy5wbGFjZXMudjEuUGxhY2VzLlNlYXJjaFRleHQQAhgEIAA,4.7,143,OPERATIONAL,service,villa_owner_operator,"Existing villa owner/operator; renovation, extension and rebuild client","villa in Canggu, Bali",-8.6543519,115.13240739999998,ChIJW2oH44s50i0R_c1Z8yVfmAw
Le Cielo Romantic Villas HONEYMOON VILLA IN SEMINYAK,+62 859-4252-0995,"Jl. Shri Lakshmi No.I, Seminyak, Kec. Kuta, Kabupaten Badung, Bali 80361, Indonesia",http://www.lecielovillas.com/,https://maps.google.com/?cid=2353145481163433782&g_mp=Cidnb29nbGUubWFwcy5wbGFjZXMudjEuUGxhY2VzLlNlYXJjaFRleHQQAhgEIAA,4.8,81,OPERATIONAL,hotel,villa_owner_operator,"Existing villa owner/operator; renovation, extension and rebuild client","villa in Seminyak, Bali",-8.697418899999999,115.1747458,ChIJr6r6kklH0i0RNueP_VgNqCA
"Leacott Retreats, Playgrounds, Private Villa in Berawa, BALI",+61 499 682 300,"Jl. Raya Semat Gg. Pucuk Merah, Tibubeneng, Kec. Kuta Utara, Kabupaten Badung, Bali 80361, Indonesia",,https://maps.google.com/?cid=6160983269731822897&g_mp=Cidnb29nbGUubWFwcy5wbGFjZXMudjEuUGxhY2VzLlNlYXJjaFRleHQQAhgEIAA,4.7,18,OPERATIONAL,resort_hotel,villa_owner_operator,"Existing villa owner/operator; renovation, extension and rebuild client","villa in Berawa, Bali",-8.651193,115.14307339999999,ChIJdRFr93ZH0i0RMW19O6Q1gFU
Les Palms Bali,+27 82 379 7555,"Jl pantai berawa no. 105, Kec. Bali 80361, Tibubeneng, Kec. Kuta Utara, Berawa, Bali 80351, Indonesia",,https://maps.google.com/?cid=8929682972879041481&g_mp=Cidnb29nbGUubWFwcy5wbGFjZXMudjEuUGxhY2VzLlNlYXJjaFRleHQQAhgEIAA,5,11,OPERATIONAL,service,villa_owner_operator,"Existing villa owner/operator; renovation, extension and rebuild client","villa in Berawa, Bali",-8.660177599999999,115.1401049,ChIJYS68jJ1H0i0RyTNPM1qb7Hs
Marigold villas living,+62 811-3882-044,"Gg. Kana, Tibubeneng, Kec. Kuta Utara, Kabupaten Badung, Bali 80361, Indonesia",,https://maps.google.com/?cid=17600998334636211943&g_mp=Cidnb29nbGUubWFwcy5wbGFjZXMudjEuUGxhY2VzLlNlYXJjaFRleHQQAhgEIAA,4.8,34,OPERATIONAL,service,villa_owner_operator,"Existing villa owner/operator; renovation, extension and rebuild client","villa in Berawa, Bali",-8.6615667,115.14175259999998,ChIJJZKn63dH0i0R5747NLtOQ_Q
Morning Glory Villa,+62 851-9045-3812,"946J+3VW, Jl. Dalem Gede Gang Raung II, Pererenan, Kec. Mengwi, Kabupaten Badung, Bali 80351, Indonesia",,https://maps.google.com/?cid=12047358334618341430&g_mp=Cidnb29nbGUubWFwcy5wbGFjZXMudjEuUGxhY2VzLlNlYXJjaFRleHQQAhgEIAA,4.5,13,OPERATIONAL,service,villa_owner_operator,"Existing villa owner/operator; renovation, extension and rebuild client","villa in Pererenan, Bali",-8.639863499999999,115.1321488,ChIJMwODDHc50i0RNpDEYJPQMKc
NOVO Villa Canggu,+62 813-2699-988,"8°38'12.0""S 115°, Jl. Sempol No.24 08'20.1""E, canggu, Pererenan, BALI, Kabupaten Badung, Bali 80351, Indonesia",,https://maps.google.com/?cid=6163855161640185051&g_mp=Cidnb29nbGUubWFwcy5wbGFjZXMudjEuUGxhY2VzLlNlYXJjaFRleHQQAhgEIAA,4.8,43,OPERATIONAL,hotel,villa_owner_operator,"Existing villa owner/operator; renovation, extension and rebuild client","villa in Canggu, Bali",-8.636574099999999,115.13871890000001,ChIJZVwqmKo50i0R22yFrJxpilU
Nara Villa Canggu by SOLO,+62 812-3513-7889,"Jl. Sempol No.8A, Pererenan, Kec. Mengwi, Kabupaten Badung, Bali 80351, Indonesia",http://stayatsolo.com/naravilla/?utm_source=google&utm_medium=organic&utm_campaign=google_business_profile,https://maps.google.com/?cid=7768614345238459788&g_mp=Cidnb29nbGUubWFwcy5wbGFjZXMudjEuUGxhY2VzLlNlYXJjaFRleHQQAhgEIAA,4.6,146,OPERATIONAL,service,villa_owner_operator,"Existing villa owner/operator; renovation, extension and rebuild client","villa in Canggu, Bali",-8.640113699999999,115.1357346,ChIJY6vBVgM50i0RjDXxTJapz2s
Noku Beach House,+62 361 9345307,"Jl. Sarinande No.22, Seminyak, Kec. Kuta, Kabupaten Badung, Bali 80361, Indonesia",https://www.nokubeachhouse.com/,https://maps.google.com/?cid=10167312528065260387&g_mp=Cidnb29nbGUubWFwcy5wbGFjZXMudjEuUGxhY2VzLlNlYXJjaFRleHQQAhgEIAA,4.7,161,OPERATIONAL,service,villa_owner_operator,"Existing villa owner/operator; renovation, extension and rebuild client","villa in Seminyak, Bali",-8.690905299999999,115.15772779999999,ChIJdzYeXCJH0i0RY2u1I-CMGY0
OXO Townhouses Berawa Canggu,+62 811-2877-7772,"84QV+47J Jalan Tegal Sari Tibubeneng, Canggu, Kec. Kuta Utara, Kabupaten Badung, Bali 80361, Indonesia",https://oxoliving.com/homes/stay-at-oxo-townhouses-berawa/,https://maps.google.com/?cid=6882272655060814645&g_mp=Cidnb29nbGUubWFwcy5wbGFjZXMudjEuUGxhY2VzLlNlYXJjaFRleHQQAhgEIAA,4.9,156,OPERATIONAL,service,villa_owner_operator,"Existing villa owner/operator; renovation, extension and rebuild client","villa in Berawa, Bali",-8.6621875,115.14318750000001,ChIJbX9Hk1hH0i0RNctIFIS-gl8
"One Eleven Haven – Private Pool Villas (1–5 Bedrooms), Seminyak, Bali",+62 361 736826,"Jl. Beraban No.63, Kerobokan Kelod, Kec. Kuta Utara, Kabupaten Badung, Bali 80361, Indonesia",https://111resorts.com/seminyak-resort/haven/,https://maps.google.com/?cid=12924273263602343404&g_mp=Cidnb29nbGUubWFwcy5wbGFjZXMudjEuUGxhY2VzLlNlYXJjaFRleHQQAhgEIAA,4.5,158,OPERATIONAL,service,villa_owner_operator,"Existing villa owner/operator; renovation, extension and rebuild client","villa in Seminyak, Bali",-8.6815923,115.16143160000001,ChIJufDh0hBH0i0R7J0YuQ4-XLM
"PNB BALI VILLAS, Canggu",+62 813-1169-7765,"Jl. Pantai Pererenan No.127, Pererenan, Kec. Mengwi, Kabupaten Badung, Bali 80351, Indonesia",https://www.indonesiahotels.net/en/hotel/pnb-bali-villas.html,https://maps.google.com/?cid=4699594746489304950&g_mp=Cidnb29nbGUubWFwcy5wbGFjZXMudjEuUGxhY2VzLlNlYXJjaFRleHQQAhgEIAA,4.9,76,OPERATIONAL,service,villa_owner_operator,"Existing villa owner/operator; renovation, extension and rebuild client","villa in Pererenan, Bali",-8.6467114,115.1239099,ChIJEaXPeFI50i0RdnfJvIVQOEE
RHYS Villa Pererenan,+62 859-5954-1348,"Jl. Munduk Kedungu 21, RHYS Villa No.5, Pererenan, Kec. Mengwi, Kabupaten Badung, Bali 80351, Indonesia",,https://maps.google.com/?cid=4256341681997769888&g_mp=Cidnb29nbGUubWFwcy5wbGFjZXMudjEuUGxhY2VzLlNlYXJjaFRleHQQAhgEIAA,5,8,OPERATIONAL,service,villa_owner_operator,"Existing villa owner/operator; renovation, extension and rebuild client","villa in Pererenan, Bali",-8.6493375,115.12879079999999,ChIJx_S3T2Y50i0RoGwqbjWQETs
SUOM Apartments & Villas Berawa Canggu,+62 813-3363-353,"Gg. Mulberry, Tibubeneng, Kec. Kuta Utara, Kabupaten Badung, Bali 80361, Indonesia",https://suomvillas.com/,https://maps.google.com/?cid=16257652049160084980&g_mp=Cidnb29nbGUubWFwcy5wbGFjZXMudjEuUGxhY2VzLlNlYXJjaFRleHQQAhgEIAA,4.9,60,OPERATIONAL,service,villa_owner_operator,"Existing villa owner/operator; renovation, extension and rebuild client","villa in Berawa, Bali",-8.6582973,115.14621860000001,ChIJVZoOlH5H0i0R9J0W6GbInuE
Shanti Villas Pererenan,+62 878-7385-5188,"Jl. Munduk Kedungu No.14, Pererenan, Kec. Mengwi, Kabupaten Badung, Bali 80351, Indonesia",,https://maps.google.com/?cid=6716855011832718501&g_mp=Cidnb29nbGUubWFwcy5wbGFjZXMudjEuUGxhY2VzLlNlYXJjaFRleHQQAhgEIAA,4.9,9,OPERATIONAL,service,villa_owner_operator,"Existing villa owner/operator; renovation, extension and rebuild client","villa in Pererenan, Bali",-8.6484649,115.1280472,ChIJF1EaEgA50i0RpWQXvAsQN10
Solaya Villas Canggu,+62 877-4366-6894,"Jl. Kubu Manyar No.37, Canggu, Kec. Kuta Utara, Kabupaten Badung, Bali 80361, Indonesia",https://www.solayavillas.com/,https://maps.google.com/?cid=9316732986931638803&g_mp=Cidnb29nbGUubWFwcy5wbGFjZXMudjEuUGxhY2VzLlNlYXJjaFRleHQQAhgEIAA,5,80,OPERATIONAL,service,villa_owner_operator,"Existing villa owner/operator; renovation, extension and rebuild client","villa in Canggu, Bali",-8.6408159,115.1425293,ChIJsV4aCQA50i0RE3I5GUqvS4E
Sungai Tinggi Beach Villa,+62 361 737498,"84XC+RHJ, Jl. Pantai Pererenan, Banjar Pengembungan, Pererenan, Kec. Mengwi, Kabupaten Badung, Bali 80361, Indonesia",https://www.elitehavens.com/villa-sungai-tinggi-villa/canggu-bali-indonesia.aspx?utm_source=google&utm_medium=organic&utm_campaign=gmb-listing,https://maps.google.com/?cid=15273406192807925388&g_mp=Cidnb29nbGUubWFwcy5wbGFjZXMudjEuUGxhY2VzLlNlYXJjaFRleHQQAhgEIAA,4.3,79,OPERATIONAL,service,villa_owner_operator,"Existing villa owner/operator; renovation, extension and rebuild client","villa in Canggu, Bali",-8.650400099999999,115.1213989,ChIJK_-RmXM40i0RjFaRqAIK9tM
THE LUC,+62 818-0458-8998,"84QQ+QW3 The Luc, Jalan Pantai Berawa No. 101 Tibubeneng, Canggu, Kec. Kuta Utara, Kabupaten Badung, Bali 80361, Indonesia",https://www.theluc.co.id/,https://maps.google.com/?cid=16029465593311051204&g_mp=Cidnb29nbGUubWFwcy5wbGFjZXMudjEuUGxhY2VzLlNlYXJjaFRleHQQAhgEIAA,4.6,107,OPERATIONAL,service,villa_owner_operator,"Existing villa owner/operator; renovation, extension and rebuild client","villa in Berawa, Bali",-8.6605949,115.13974200000001,ChIJNadlnqpH0i0RxL2mhAcadN4
TUI BLUE Berawa Hotel and Villas,+62 811-3704-717,"Jl. Pantai Berawa No.101, Tibubeneng, Kec. Kuta Utara, Kabupaten Badung, Bali 80363, Indonesia",https://www.tuiblueberawa.com/,https://maps.google.com/?cid=8670555057570611058&g_mp=Cidnb29nbGUubWFwcy5wbGFjZXMudjEuUGxhY2VzLlNlYXJjaFRleHQQAhgEIAA,4.9,562,OPERATIONAL,hotel,villa_owner_operator,"Existing villa owner/operator; renovation, extension and rebuild client","villa in Berawa, Bali",-8.6606813,115.1396701,ChIJY2kihoFH0i0Rcn_24-L_U3g
TUI BLUE Berawa Villas,+62 877-9726-0068,"Jl. Pantai Berawa No.101, Tibubeneng, Canggu, Kabupaten Badung, Bali 80361, Indonesia",https://www.tuiblueberawa.com/,https://maps.google.com/?cid=5157798303124090513&g_mp=Cidnb29nbGUubWFwcy5wbGFjZXMudjEuUGxhY2VzLlNlYXJjaFRleHQQAhgEIAA,,,OPERATIONAL,service,villa_owner_operator,"Existing villa owner/operator; renovation, extension and rebuild client","villa in Berawa, Bali",-8.6608634,115.14040380000002,ChIJbdazGPQ50i0Rke7SwDoulEc
Tanhana Villa Canggu,+62 812-4697-0081,"Jl. Raya Kayutulang Gg. Lily No.88, Canggu, Kec. Kuta Utara, Kabupaten Badung, Bali 80361, Indonesia",http://www.instagram.com/tanhanavillacanggu,https://maps.google.com/?cid=16110986295938148859&g_mp=Cidnb29nbGUubWFwcy5wbGFjZXMudjEuUGxhY2VzLlNlYXJjaFRleHQQAhgEIAA,4.9,38,OPERATIONAL,hotel,villa_owner_operator,"Existing villa owner/operator; renovation, extension and rebuild client","villa in Canggu, Bali",-8.6418997,115.14429189999998,ChIJqZLH2lw50i0R-2mULq24ld8
The Akasha Canggu Luxury Villas and Hotel,+62 361 3616094,"Jl. Munduk Kedungu l No.48, Pererenan, Kec. Mengwi, Kabupaten Badung, Bali, Indonesia",https://theakashacanggu.com/our-hotel/,https://maps.google.com/?cid=4767267769808825262&g_mp=Cidnb29nbGUubWFwcy5wbGFjZXMudjEuUGxhY2VzLlNlYXJjaFRleHQQAhgEIAA,4.9,302,OPERATIONAL,hotel,villa_owner_operator,"Existing villa owner/operator; renovation, extension and rebuild client","villa in Canggu, Bali",-8.6507258,115.12637319999999,ChIJsdNnjWs50i0RrqufUMe8KEI
The Akasha Luxury Villas & Boutique Hotel,+62 821-4469-0672,"Jl. Batu Belig No.999AB, Kerobokan Kelod, Kec. Kuta Utara, Kabupaten Badung, Bali 80361, Indonesia",http://www.theakashabali.com/,https://maps.google.com/?cid=235783146308786592&g_mp=Cidnb29nbGUubWFwcy5wbGFjZXMudjEuUGxhY2VzLlNlYXJjaFRleHQQAhgEIAA,4.7,227,OPERATIONAL,service,villa_owner_operator,"Existing villa owner/operator; renovation, extension and rebuild client","villa in Seminyak, Bali",-8.672983,115.146849,ChIJAbt9j3RH0i0RoFnCt4WrRQM
The Bali Dream Villa & Resort Echo Beach Canggu,+62 813-3755-8412,"Br. Pengembungan, Canggu, Jl. Dalem Lingsir, Pererenan, Kec. Mengwi, Kabupaten Badung, Bali 80361, Indonesia",https://www.thebalidreamvillaresort.com/,https://maps.google.com/?cid=16951130126620659256&g_mp=Cidnb29nbGUubWFwcy5wbGFjZXMudjEuUGxhY2VzLlNlYXJjaFRleHQQAhgEIAA,4.3,539,OPERATIONAL,resort_hotel,villa_owner_operator,"Existing villa owner/operator; renovation, extension and rebuild client","villa in Canggu, Bali",-8.6481627,115.12878180000001,ChIJg9EBrHY40i0ROI6lCgqDPus
The Canggu Boutique Villas,+62 818-0459-4777,"Jalan Raya Pantai Berawa No. 13B, Desa Canggu, Kec. Kuta Utara, Tibubeneng, Kec. Kuta Utara, Kabupaten Badung, Bali 80361, Indonesia",http://www.thecangguboutiquevillas.com/,https://maps.google.com/?cid=6085634593976932490&g_mp=Cidnb29nbGUubWFwcy5wbGFjZXMudjEuUGxhY2VzLlNlYXJjaFRleHQQAhgEIAA,4.5,292,OPERATIONAL,service,villa_owner_operator,"Existing villa owner/operator; renovation, extension and rebuild client","villa in Canggu, Bali",-8.654288300000001,115.14851110000001,ChIJ7ccsn35H0i0RitjSjmuEdFQ
The Clifton Villas Canggu,+62 818-8288-8500,"Jl. Nelayan, Canggu, Kec. Kuta Utara, Kabupaten Badung, Bali 80361, Indonesia",http://www.thecliftonhotels.com/,https://maps.google.com/?cid=7001755394755083723&g_mp=Cidnb29nbGUubWFwcy5wbGFjZXMudjEuUGxhY2VzLlNlYXJjaFRleHQQAhgEIAA,4.6,68,OPERATIONAL,hotel,villa_owner_operator,"Existing villa owner/operator; renovation, extension and rebuild client","villa in Canggu, Bali",-8.6589312,115.1333337,ChIJh_2gqP5H0i0Ryz2NRG87K2E
The Iman Villa,+62 361 737498,"Gg. Hawaii Banjar Tiying Tutul, Pererenan, Kec. Mengwi, Kabupaten Badung, Bali 80361, Indonesia",https://www.elitehavens.com/the-iman-villa-villa/canggu-bali-indonesia.aspx?utm_source=google&utm_medium=organic&utm_campaign=gmb-listing,https://maps.google.com/?cid=12471472057810206776&g_mp=Cidnb29nbGUubWFwcy5wbGFjZXMudjEuUGxhY2VzLlNlYXJjaFRleHQQAhgEIAA,4.5,65,OPERATIONAL,service,villa_owner_operator,"Existing villa owner/operator; renovation, extension and rebuild client","villa in Canggu, Bali",-8.63048,115.1398109,ChIJ8zWzhvc40i0ROMD8h8KRE60
The Layar - Designer Villas and Spa,+62 361 733262,"Seminyak, Jl. Pangkung Sari No.10 X, Kerobokan Kelod, Kec. Kuta Utara, Kabupaten Badung, Bali 80361, Indonesia",https://www.thelayar.com/,https://maps.google.com/?cid=16983996312097958872&g_mp=Cidnb29nbGUubWFwcy5wbGFjZXMudjEuUGxhY2VzLlNlYXJjaFRleHQQAhgEIAA,4.6,476,OPERATIONAL,service,villa_owner_operator,"Existing villa owner/operator; renovation, extension and rebuild client","villa in Seminyak, Bali",-8.6796989,115.1601183,ChIJaT8uuxZH0i0R2KskKalGs-s
The Maya Seminyak Villas,+62 822-6626-9646,"Seminyak, Jl. Mertasari No.1, Kerobokan Kelod, Kec. Kuta Utara, Kabupaten Badung, Bali 80361, Indonesia",http://www.themayaseminyak.com/,https://maps.google.com/?cid=13698127228674086287&g_mp=Cidnb29nbGUubWFwcy5wbGFjZXMudjEuUGxhY2VzLlNlYXJjaFRleHQQAhgEIAA,4.4,219,OPERATIONAL,service,villa_owner_operator,"Existing villa owner/operator; renovation, extension and rebuild client","villa in Seminyak, Bali",-8.6838188,115.15951270000001,ChIJZ9OXD6E40i0Rj5U5gSOGGb4
The Menuai Bali Villa Canggu,+62 877-6075-8285,"Jl. Kayu Tulang No.1111, Canggu, Kec. Kuta Utara, Kabupaten Badung, Bali 80361, Indonesia",https://themenuaibali.com/,https://maps.google.com/?cid=5082110878687358182&g_mp=Cidnb29nbGUubWFwcy5wbGFjZXMudjEuUGxhY2VzLlNlYXJjaFRleHQQAhgEIAA,4.8,70,OPERATIONAL,service,villa_owner_operator,"Existing villa owner/operator; renovation, extension and rebuild client","villa in Canggu, Bali",-8.643526999999999,115.1449877,ChIJ47XVLgA50i0R5uxOAetIh0Y
The River House,+62 813-3894-4517,"Jl. Pantai Pererenan No.127, Pererenan, Kec. Mengwi, Kabupaten Badung, Bali, Indonesia",http://www.theriverhousebali.com/,https://maps.google.com/?cid=4166832807580504986&g_mp=Cidnb29nbGUubWFwcy5wbGFjZXMudjEuUGxhY2VzLlNlYXJjaFRleHQQAhgEIAA,4.9,29,OPERATIONAL,service,villa_owner_operator,"Existing villa owner/operator; renovation, extension and rebuild client","villa in Pererenan, Bali",-8.6471807,115.1240527,ChIJRb8MI7g50i0RmpNHllyQ0zk
The Samaya Seminyak Bali,+62 361 731149,"Seminyak Beach, Jl. Kayu Aya, Seminyak, Kuta, Badung Regency, Bali 80361, Indonesia",https://thesamayabali.com/seminyak/,https://maps.google.com/?cid=15620240820077026495&g_mp=Cidnb29nbGUubWFwcy5wbGFjZXMudjEuUGxhY2VzLlNlYXJjaFRleHQQAhgEIAA,4.7,1289,OPERATIONAL,resort_hotel,villa_owner_operator,"Existing villa owner/operator; renovation, extension and rebuild client","villa in Seminyak, Bali",-8.6831879,115.15291849999998,ChIJ-aTejwAu0i0Rv1y_KkQ-xtg
The Seminyak Suites Private Villas,+62 811-2852-1717,"Jl. Raya Seminyak No.17, Seminyak, Kec. Kuta, Kabupaten Badung, Bali 80361, Indonesia",https://theseminyaksuites.com/,https://maps.google.com/?cid=9871655410429259430&g_mp=Cidnb29nbGUubWFwcy5wbGFjZXMudjEuUGxhY2VzLlNlYXJjaFRleHQQAhgEIAA,4.4,383,OPERATIONAL,hotel,villa_owner_operator,"Existing villa owner/operator; renovation, extension and rebuild client","villa in Seminyak, Bali",-8.6951857,115.16762860000001,ChIJYbTu4t5G0i0Rpu6yI0sq_4g
The Villas Canggu,+62 811-3990-9020,"Jl. Padang Tawang Gg. Penguin No.III, Canggu, Kec. Kuta Utara, Kabupaten Badung, Bali 80361, Indonesia",http://airbnb.com/h/the-villas-canggu,https://maps.google.com/?cid=2104199819286012430&g_mp=Cidnb29nbGUubWFwcy5wbGFjZXMudjEuUGxhY2VzLlNlYXJjaFRleHQQAhgEIAA,4.8,39,OPERATIONAL,service,villa_owner_operator,"Existing villa owner/operator; renovation, extension and rebuild client","villa in Canggu, Bali",-8.6199272,115.15138389999998,ChIJny5_N2850i0RDuL7TJaeMx0
"Theanna Villa & Spa, Canggu",+62 361 6205758,"Jl. Pantai Batu Bolong No.25 A, Canggu, Kec. Kuta Utara, Kabupaten Badung, Bali 80361, Indonesia",http://www.theannavilla.com/,https://maps.google.com/?cid=13576958157363998122&g_mp=Cidnb29nbGUubWFwcy5wbGFjZXMudjEuUGxhY2VzLlNlYXJjaFRleHQQAhgEIAA,4.9,645,OPERATIONAL,hotel,villa_owner_operator,"Existing villa owner/operator; renovation, extension and rebuild client","villa in Canggu, Bali",-8.6467876,115.14028789999999,ChIJn71IPH040i0Rqu0FpIILa7w
Tiga Harapan Villas Pererenan,+62 812-3743-1886,"Jl. Griya Mas, Tumbak Bayuh, Kec. Mengwi, Kabupaten Badung, Bali 80351, Indonesia",https://blacksandvillas.com/tiga-harapan-villas-pererenan,https://maps.google.com/?cid=3692737844433074446&g_mp=Cidnb29nbGUubWFwcy5wbGFjZXMudjEuUGxhY2VzLlNlYXJjaFRleHQQAhgEIAA,4.6,15,OPERATIONAL,service,villa_owner_operator,"Existing villa owner/operator; renovation, extension and rebuild client","villa in Pererenan, Bali",-8.619506699999999,115.13940419999999,ChIJo98Q-5450i0RDjkTKoE9PzM
VILLA BENGAWAN,+62 813-1950-4020,"Jl. Dalem Penataran No.26, Pererenan, Kec. Mengwi, Kabupaten Badung, Bali 80351, Indonesia",https://villabengawan.com/,https://maps.google.com/?cid=5793525631672717855&g_mp=Cidnb29nbGUubWFwcy5wbGFjZXMudjEuUGxhY2VzLlNlYXJjaFRleHQQAhgEIAA,4.8,52,OPERATIONAL,service,villa_owner_operator,"Existing villa owner/operator; renovation, extension and rebuild client","villa in Pererenan, Bali",-8.6454665,115.1258441,ChIJdzllKG440i0RHxL52N28ZlA
Villa Akmali Canggu,+62 812-1818-6468,"Jalan Pantai Batu Bolong.67, Villa No.1, Canggu, Kec. Kuta Utara, Kabupaten Badung, Bali 80361, Indonesia",https://www.airbnb.co.id/rooms/47549678?source_impression_id=p3_1660748730_Rx5RWr%2FomQ9P5omc,https://maps.google.com/?cid=6510947826523942884&g_mp=Cidnb29nbGUubWFwcy5wbGFjZXMudjEuUGxhY2VzLlNlYXJjaFRleHQQAhgEIAA,5,27,OPERATIONAL,service,villa_owner_operator,"Existing villa owner/operator; renovation, extension and rebuild client","villa in Canggu, Bali",-8.6508311,115.1354694,ChIJsRZJSmE50i0R5K8PP42IW1o
Villa Alice,+62 878-6250-2426,"Jl. Mertasari, Seminyak, Kec. Kuta, Kabupaten Badung, Bali 80361, Indonesia",http://villaalicebali.com/,https://maps.google.com/?cid=11462981091703835194&g_mp=Cidnb29nbGUubWFwcy5wbGFjZXMudjEuUGxhY2VzLlNlYXJjaFRleHQQAhgEIAA,4.9,39,OPERATIONAL,service,villa_owner_operator,"Existing villa owner/operator; renovation, extension and rebuild client","villa in Seminyak, Bali",-8.6829323,115.1608663,ChIJNRnDFBdH0i0ROsoGxpGwFJ8
Villa Azcoyen Canggu Bali,+34 690 61 84 20,"Jl. Canggu Padang Linjong No.62 D, Canggu, Kec. Kuta Utara, Kabupaten Badung, Bali 80351, Indonesia",,https://maps.google.com/?cid=10564182746279085677&g_mp=Cidnb29nbGUubWFwcy5wbGFjZXMudjEuUGxhY2VzLlNlYXJjaFRleHQQAhgEIAA,4.9,12,OPERATIONAL,service,villa_owner_operator,"Existing villa owner/operator; renovation, extension and rebuild client","villa in Canggu, Bali",-8.646607399999999,115.135691,ChIJvWBYoHw40i0RbYZGfjyEm5I
Villa Badoum,+62 822-3535-1295,"Jl. Sempol Gg. Lila, Pererenan, Kec. Mengwi, Kabupaten Badung, Bali 80351, Indonesia",,https://maps.google.com/?cid=3968766783072082810&g_mp=Cidnb29nbGUubWFwcy5wbGFjZXMudjEuUGxhY2VzLlNlYXJjaFRleHQQAhgEIAA,4.7,14,OPERATIONAL,service,villa_owner_operator,"Existing villa owner/operator; renovation, extension and rebuild client","villa in Pererenan, Bali",-8.6452603,115.1244168,ChIJbwYx3qs50i0RepthnVzkEzc
Villa Baru Pererenan,+62 815-1788-7173,"Jl Warung Dalam No.1, Pererenan, Kec. Mengwi, Kabupaten Badung, Bali 80351, Indonesia",,https://maps.google.com/?cid=6218038034070685346&g_mp=Cidnb29nbGUubWFwcy5wbGFjZXMudjEuUGxhY2VzLlNlYXJjaFRleHQQAhgEIAA,4.7,6,OPERATIONAL,service,villa_owner_operator,"Existing villa owner/operator; renovation, extension and rebuild client","villa in Pererenan, Bali",-8.6337537,115.1388744,ChIJA19p6dw50i0RosamvKXoSlY
Villa Batu Sari,+62 813-3732-3232,"Jalan Pantai Berawa, Gg. Batu Sari Banjar Tegal Gundul, Canggu, Kec. Kuta Utara, Kabupaten Badung, Bali 80361, Indonesia",https://linktr.ee/villabatusari,https://maps.google.com/?cid=8939032380265468399&g_mp=Cidnb29nbGUubWFwcy5wbGFjZXMudjEuUGxhY2VzLlNlYXJjaFRleHQQAhgEIAA,4.8,39,OPERATIONAL,hotel,villa_owner_operator,"Existing villa owner/operator; renovation, extension and rebuild client","villa in Berawa, Bali",-8.657700100000001,115.1479441,ChIJp4UOKnxH0i0R7xFwvZbSDXw
Villa Besar seminyak bali villas,+61 422 280 150,"Jl. Bumbak Dauh, Kerobokan, Kec. Kuta Utara, Kabupaten Badung, Bali 80361, Indonesia",http://www.seminyakbalivillas.net.au/,https://maps.google.com/?cid=2142360742113619917&g_mp=Cidnb29nbGUubWFwcy5wbGFjZXMudjEuUGxhY2VzLlNlYXJjaFRleHQQAhgEIAA,4.6,294,OPERATIONAL,service,villa_owner_operator,"Existing villa owner/operator; renovation, extension and rebuild client","villa in Seminyak, Bali",-8.6543704,115.1533492,ChIJq0RdNGlH0i0Rza9shr4xux0
Villa Bloom Seminyak,+62 813-3849-5971,"Jl. Drupadi Gg. Pudak, Seminyak, Kec. Kuta Sel., Kabupaten Badung, Bali 80361, Indonesia",https://villabloomseminyak.com/,https://maps.google.com/?cid=9133986688658259553&g_mp=Cidnb29nbGUubWFwcy5wbGFjZXMudjEuUGxhY2VzLlNlYXJjaFRleHQQAhgEIAA,4.7,46,OPERATIONAL,service,villa_owner_operator,"Existing villa owner/operator; renovation, extension and rebuild client","villa in Seminyak, Bali",-8.690219599999999,115.16190399999998,ChIJ1b4DJB9H0i0RYT6f2H9wwn4
Villa Bougainvillea,+62 361 754344,"946M+4MW, Pererenan, Mengwi, Badung Regency, Bali 80351, Indonesia",http://www.villabougainvilleacanggu.com/,https://maps.google.com/?cid=14157974949272673833&g_mp=Cidnb29nbGUubWFwcy5wbGFjZXMudjEuUGxhY2VzLlNlYXJjaFRleHQQAhgEIAA,4.8,6,OPERATIONAL,service,villa_owner_operator,"Existing villa owner/operator; renovation, extension and rebuild client","villa in Pererenan, Bali",-8.6396366,115.13421149999999,ChIJReHJvWY40i0RKd5GRjQ7e8Q
Villa Canggu by Plataran,+62 361 411388,"Jl. Pengubugan No.Banjar, Kerobokan, Kec. Kuta Utara, Kabupaten Badung, Bali 80361, Indonesia",https://plataran.com/property/villa-canggu-by-plataran/,https://maps.google.com/?cid=15981879927678661328&g_mp=Cidnb29nbGUubWFwcy5wbGFjZXMudjEuUGxhY2VzLlNlYXJjaFRleHQQAhgEIAA,4.7,867,OPERATIONAL,resort_hotel,villa_owner_operator,"Existing villa owner/operator; renovation, extension and rebuild client","villa in Canggu, Bali",-8.6506931,115.16664730000001,ChIJufqLyqE40i0R0HI7XB4Ly90
Villa Colony - Canggu,+61 405 059 717,"Gg. Srikandi, Tibubeneng, Kec. Kuta Utara, Kabupaten Badung, Bali 80361, Indonesia",https://www.villacolonycanggu.com/,https://maps.google.com/?cid=4164350024429693945&g_mp=Cidnb29nbGUubWFwcy5wbGFjZXMudjEuUGxhY2VzLlNlYXJjaFRleHQQAhgEIAA,4.8,57,OPERATIONAL,lodging,villa_owner_operator,"Existing villa owner/operator; renovation, extension and rebuild client","villa in Canggu, Bali",-8.6519177,115.1501628,ChIJZY2NiGo50i0R-WuFlki-yjk
Villa Desa Roro,+62 812-3814-4235,"Jl. Subak Sari No.11A, Canggu, Kec. Kuta Utara, Kabupaten Badung, Bali 80361, Indonesia",http://www.villadesarorodua.com/,https://maps.google.com/?cid=17087017764399771334&g_mp=Cidnb29nbGUubWFwcy5wbGFjZXMudjEuUGxhY2VzLlNlYXJjaFRleHQQAhgEIAA,5,23,OPERATIONAL,service,villa_owner_operator,"Existing villa owner/operator; renovation, extension and rebuild client","villa in Berawa, Bali",-8.6657882,115.1473378,ChIJjXlTS3dH0i0Rxm7WNSBIIe0
Villa Jepun Bali Canggu Berawa,+62 813-3986-1797,"Jl. Raya Semat No.31, Tibubeneng, Kec. Kuta Utara, Kabupaten Badung, Bali 80361, Indonesia",,https://maps.google.com/?cid=6786737255978282573&g_mp=Cidnb29nbGUubWFwcy5wbGFjZXMudjEuUGxhY2VzLlNlYXJjaFRleHQQAhgEIAA,5,2,OPERATIONAL,service,villa_owner_operator,"Existing villa owner/operator; renovation, extension and rebuild client","villa in Berawa, Bali",-8.6520251,115.14483179999999,ChIJP6iOHrg50i0RTa5-npNVL14
Villa K at Berawa,+62 811-1511-761,"Jl. Pantai Berawa Gg. Klp., Tibubeneng, Kec. Kuta Utara, Kabupaten Badung, Bali, Indonesia",,https://maps.google.com/?cid=7567127908783602487&g_mp=Cidnb29nbGUubWFwcy5wbGFjZXMudjEuUGxhY2VzLlNlYXJjaFRleHQQAhgEIAA,4.7,7,OPERATIONAL,service,villa_owner_operator,"Existing villa owner/operator; renovation, extension and rebuild client","villa in Berawa, Bali",-8.6619384,115.141388,ChIJv24iqRpH0i0RN7v9nL3WA2k
Villa Kumaru,+61 422 383 577,"Jl. Pantai Berawa No.40, Tibubeneng, Kec. Kuta Utara, Kabupaten Badung, Bali 80361, Indonesia",http://airbnb.com/h/villakumaru,https://maps.google.com/?cid=2991088927275293444&g_mp=Cidnb29nbGUubWFwcy5wbGFjZXMudjEuUGxhY2VzLlNlYXJjaFRleHQQAhgEIAA,5,18,OPERATIONAL,service,villa_owner_operator,"Existing villa owner/operator; renovation, extension and rebuild client","villa in Berawa, Bali",-8.660360599999999,115.1458211,ChIJ0RvxDQBH0i0RBBvZKYh7gik
Villa Lapis,+62 813-3830-7722,"Jl. Duatiga Jl. Pantai Berawa No.28, Canggu, Kec. Kuta Utara, Kabupaten Badung, Bali 80361, Indonesia",,https://maps.google.com/?cid=1745232034923381975&g_mp=Cidnb29nbGUubWFwcy5wbGFjZXMudjEuUGxhY2VzLlNlYXJjaFRleHQQAhgEIAA,4.8,6,OPERATIONAL,service,villa_owner_operator,"Existing villa owner/operator; renovation, extension and rebuild client","villa in Berawa, Bali",-8.660204799999999,115.14021000000001,ChIJhb-PSIdH0i0R14Q9BEpPOBg
Villa Lulito,+62 361 737498,"Oberoi, 12B, Gg. Darma, Seminyak, Kec. Kuta, Kabupaten Badung, Bali 80361, Indonesia",https://www.elitehavens.com/villa-lulito-villa/seminyak-bali-indonesia.aspx?utm_source=google&utm_medium=organic&utm_campaign=gmb-listing,https://maps.google.com/?cid=17396513871201562546&g_mp=Cidnb29nbGUubWFwcy5wbGFjZXMudjEuUGxhY2VzLlNlYXJjaFRleHQQAhgEIAA,4.8,38,OPERATIONAL,service,villa_owner_operator,"Existing villa owner/operator; renovation, extension and rebuild client","villa in Seminyak, Bali",-8.6853819,115.15454969999999,ChIJiVX9lxpH0i0Rsu8f9zHVbPE
Villa Luwih,+62 361 737498,"84XF+PVV, Pererenan, Mengwi, Badung Regency, Bali, Indonesia",https://www.elitehavens.com/villa-luwih-villa/canggu-bali-indonesia.aspx?utm_source=google&utm_medium=organic&utm_campaign=gmb-listing,https://maps.google.com/?cid=6648357057062395179&g_mp=Cidnb29nbGUubWFwcy5wbGFjZXMudjEuUGxhY2VzLlNlYXJjaFRleHQQAhgEIAA,4.8,30,OPERATIONAL,service,villa_owner_operator,"Existing villa owner/operator; renovation, extension and rebuild client","villa in Canggu, Bali",-8.6507708,115.1246348,ChIJrTveqK9E0i0RK10q1oS1Q1w
Villa MM (Mimpi Manis) Pererenan,+62 853-3779-4747,"Jl. Pantai Pererenan No.79, Pererenan, Kec. Mengwi, Kabupaten Badung, Bali 80351, Indonesia",https://mimpimanis.terragroupbali.com/,https://maps.google.com/?cid=14682459186339163683&g_mp=Cidnb29nbGUubWFwcy5wbGFjZXMudjEuUGxhY2VzLlNlYXJjaFRleHQQAhgEIAA,4.8,141,OPERATIONAL,service,villa_owner_operator,"Existing villa owner/operator; renovation, extension and rebuild client","villa in Pererenan, Bali",-8.6406467,115.13065730000001,ChIJg1vFcwA50i0RI67qxtaSwss
Villa Mama,+62 877-7365-3433,"Jl. Pantai Berawa Gg. Drupadi No.1, Tibubeneng, Kec. Kuta Utara, Kabupaten Badung, Bali 80361, Indonesia",https://www.villas.baliexception.com/en/rentals/197906-splendid-private-villa-2-br-canggu-w-staff-in-canggu,https://maps.google.com/?cid=831238836163463388&g_mp=Cidnb29nbGUubWFwcy5wbGFjZXMudjEuUGxhY2VzLlNlYXJjaFRleHQQAhgEIAA,4.2,11,OPERATIONAL,service,villa_owner_operator,"Existing villa owner/operator; renovation, extension and rebuild client","villa in Berawa, Bali",-8.6536121,115.1487294,ChIJeS4jqSc50i0R3EgIQVEniQs
Villa Mana,+62 361 737498,"Jl. Raya Babakan Canggu No.5, Canggu, Kec. Kuta Utara, Kabupaten Badung, Bali 80361, Indonesia",https://www.elitehavens.com/villa-mana-villa/canggu-bali-indonesia.aspx?utm_source=google&utm_medium=organic&utm_campaign=gmb-listing,https://maps.google.com/?cid=14358089390028372093&g_mp=Cidnb29nbGUubWFwcy5wbGFjZXMudjEuUGxhY2VzLlNlYXJjaFRleHQQAhgEIAA,4.6,60,OPERATIONAL,service,villa_owner_operator,"Existing villa owner/operator; renovation, extension and rebuild client","villa in Canggu, Bali",-8.6328692,115.14897589999998,ChIJiUVqE_M40i0RfTjyUTouQsc
Villa Manggala,+62 822-4797-6327,"Tibubebeng, Jl. Pantai Berawa Gg. Gurita, Canggu, Kuta Utara, Badung Regency, Bali 80361, Indonesia",https://www.villamanggala.com/,https://maps.google.com/?cid=3064468827374951601&g_mp=Cidnb29nbGUubWFwcy5wbGFjZXMudjEuUGxhY2VzLlNlYXJjaFRleHQQAhgEIAA,4.5,31,OPERATIONAL,hotel,villa_owner_operator,"Existing villa owner/operator; renovation, extension and rebuild client","villa in Berawa, Bali",-8.660758099999999,115.1384265,ChIJl_5c1INH0i0RsRzxiCkuhyo
Villa Massilia Bali,+62 812-3785-5654,"Jl. Sari Dewi Temuku Gang IV No.8, Seminyak, Kec. Kuta, Kabupaten Badung, Bali 80361, Indonesia",http://www.balivillamassilia.com/,https://maps.google.com/?cid=17152384874447404797&g_mp=Cidnb29nbGUubWFwcy5wbGFjZXMudjEuUGxhY2VzLlNlYXJjaFRleHQQAhgEIAA,4.9,239,OPERATIONAL,service,villa_owner_operator,"Existing villa owner/operator; renovation, extension and rebuild client","villa in Seminyak, Bali",-8.6869424,115.15979989999998,ChIJ5dro4htH0i0R_X44hCqDCe4
Villa Mia Canggu,+62 812-3814-4235,"Villa Mia Canggu Jalan Subak Sari 80361, Canggu, Kec. Kuta Utara, Kabupaten Badung, Bali 80351, Indonesia",https://www.villamiacanggu.com/,https://maps.google.com/?cid=5339632105198296702&g_mp=Cidnb29nbGUubWFwcy5wbGFjZXMudjEuUGxhY2VzLlNlYXJjaFRleHQQAhgEIAA,4.7,24,OPERATIONAL,service,villa_owner_operator,"Existing villa owner/operator; renovation, extension and rebuild client","villa in Canggu, Bali",-8.6644238,115.1459107,ChIJbwKZrrZH0i0Rfp6d7RsvGko
"Villa Mia Dua, Seminyak",+62 811-3940-3060,"Gg. Kahyangan, Seminyak, Kec. Kuta, Kabupaten Badung, Bali 80361, Indonesia",https://www.villamiabali.com/,https://maps.google.com/?cid=586793332557810293&g_mp=Cidnb29nbGUubWFwcy5wbGFjZXMudjEuUGxhY2VzLlNlYXJjaFRleHQQAhgEIAA,4.9,23,OPERATIONAL,service,villa_owner_operator,"Existing villa owner/operator; renovation, extension and rebuild client","villa in Seminyak, Bali",-8.6867123,115.16224239999998,ChIJmYAiUzBH0i0RdQqtT221JAg
Villa Mia Seminyak - Boutique Villas - II,+62 811-3940-3060,"Jl. Sari Dewi Gg. Salia, Seminyak, Kec. Kuta, Kabupaten Badung, Bali 80361, Indonesia",https://www.villamiabali.com/,https://maps.google.com/?cid=10040286979584946449&g_mp=Cidnb29nbGUubWFwcy5wbGFjZXMudjEuUGxhY2VzLlNlYXJjaFRleHQQAhgEIAA,4.8,55,OPERATIONAL,hotel,villa_owner_operator,"Existing villa owner/operator; renovation, extension and rebuild client","villa in Seminyak, Bali",-8.6893551,115.1596427,ChIJQfmNP_5H0i0REfEj7c9DVos
Villa Mooi Canggu,+62 812-3595-1243,"Jl. Krisna I, Tibubeneng, Kec. Kuta Utara, Kabupaten Badung, Bali 80361, Indonesia",http://villamooicanggu.com/,https://maps.google.com/?cid=16923520531838572282&g_mp=Cidnb29nbGUubWFwcy5wbGFjZXMudjEuUGxhY2VzLlNlYXJjaFRleHQQAhgEIAA,5,44,OPERATIONAL,service,villa_owner_operator,"Existing villa owner/operator; renovation, extension and rebuild client","villa in Canggu, Bali",-8.6452046,115.1512318,ChIJnTGL9P050i0R-pZEUUJs3Oo
Villa Naga Canggu,+62 821-3743-0379,"945V+3MC, Jl. Kayu Tulang, Canggu, Kec. Kuta Utara, Kabupaten Badung, Bali 80351, Indonesia",http://www.instagram.com/villanagacanggu/,https://maps.google.com/?cid=12409366943344646337&g_mp=Cidnb29nbGUubWFwcy5wbGFjZXMudjEuUGxhY2VzLlNlYXJjaFRleHQQAhgEIAA,4.8,11,OPERATIONAL,hotel,villa_owner_operator,"Existing villa owner/operator; renovation, extension and rebuild client","villa in Canggu, Bali",-8.6423008,115.14414479999999,ChIJV6EUxdo50i0RwViIwXztNqw
Villa Nirvana Berawa,+61 420 230 217,"84QQ+GFC, Jl. Pantai Berawa Gg. Wijaya, Tibubeneng, Kec. Kuta Utara, Kabupaten Badung, Bali 80361, Indonesia",,https://maps.google.com/?cid=3456840922883739853&g_mp=Cidnb29nbGUubWFwcy5wbGFjZXMudjEuUGxhY2VzLlNlYXJjaFRleHQQAhgEIAA,4.7,12,OPERATIONAL,lodging,villa_owner_operator,"Existing villa owner/operator; renovation, extension and rebuild client","villa in Berawa, Bali",-8.661194,115.13864509999999,ChIJ4QugP9JH0i0RzdCEFYEq-S8
Villa Oza Canggu,+62 821-4466-6371,"Jl. Pantai Berawa Gg. Soka, Canggu, Kec. Kuta Utara, Kabupaten Badung, Bali 80361, Indonesia",https://ozavilla.com/,https://maps.google.com/?cid=2708409854778459194&g_mp=Cidnb29nbGUubWFwcy5wbGFjZXMudjEuUGxhY2VzLlNlYXJjaFRleHQQAhgEIAA,4.8,36,OPERATIONAL,hotel,villa_owner_operator,"Existing villa owner/operator; renovation, extension and rebuild client","villa in Berawa, Bali",-8.661531199999999,115.1460187,ChIJHeqcPXJH0i0ROsQ8xGk0liU
"Villa Pantai Indah, Pererenan",+62 855-7467-8171,"Jalan Pantai Pererenan No.167 Pererenan, Canggu, Kec. Mengwi, Kabupaten Badung, Bali 80351, Indonesia",https://www.pantaiindahvillas.com/,https://maps.google.com/?cid=4040790173192264256&g_mp=Cidnb29nbGUubWFwcy5wbGFjZXMudjEuUGxhY2VzLlNlYXJjaFRleHQQAhgEIAA,4.8,71,OPERATIONAL,hotel,villa_owner_operator,"Existing villa owner/operator; renovation, extension and rebuild client","villa in Pererenan, Bali",-8.6513133,115.12223920000001,ChIJr1859XM40i0RQJoD5UDFEzg
Villa Sayang D'Amour,+62 361 737498,"Jl. Petitenget, Seminyak, Kec. Kuta Utara, Kabupaten Badung, Bali 80361, Indonesia",https://www.elitehavens.com/sayang-d-amour-villa/seminyak-bali-indonesia.aspx?utm_source=google&utm_medium=organic&utm_campaign=gmb-listing,https://maps.google.com/?cid=13967775180507155718&g_mp=Cidnb29nbGUubWFwcy5wbGFjZXMudjEuUGxhY2VzLlNlYXJjaFRleHQQAhgEIAA,4.9,23,OPERATIONAL,service,villa_owner_operator,"Existing villa owner/operator; renovation, extension and rebuild client","villa in Seminyak, Bali",-8.6769661,115.15182730000001,ChIJrTNYCQ1H0i0RBo2lsIWB18E
Villa Seminyak Estate & Spa by Astadala,+62 361 735566,"Jl. Nakula Gg. Baik-Baik, Seminyak, Kec. Kuta, Kabupaten Badung, Bali 80361, Indonesia",https://www.villaseminyak.com/,https://maps.google.com/?cid=3708786713411919211&g_mp=Cidnb29nbGUubWFwcy5wbGFjZXMudjEuUGxhY2VzLlNlYXJjaFRleHQQAhgEIAA,4.4,870,OPERATIONAL,service,villa_owner_operator,"Existing villa owner/operator; renovation, extension and rebuild client","villa in Seminyak, Bali",-8.6953792,115.17139119999999,ChIJB6Ot2GE_0i0Rax2bqN1BeDM
Villa Suku Berawa,+62 858-4766-4942,"Gg. Suku Suku 2 No.10, Tibubeneng, Kec. Kuta Utara, Kabupaten Badung, Bali 80361, Indonesia",http://www.villasukuberawa.com/,https://maps.google.com/?cid=6028480682331288707&g_mp=Cidnb29nbGUubWFwcy5wbGFjZXMudjEuUGxhY2VzLlNlYXJjaFRleHQQAhgEIAA,4.3,40,OPERATIONAL,hotel,villa_owner_operator,"Existing villa owner/operator; renovation, extension and rebuild client","villa in Berawa, Bali",-8.663833799999999,115.1437148,ChIJialWD_NH0i0RgzSphT13qVM
Villa Tana Takah,+62 855-7467-8171,"Jl. Munduk Kedungu Gg. Dharma, Pererenan, Kec. Mengwi, Kabupaten Badung, Bali 80351, Indonesia",https://villatanatakah.com/,https://maps.google.com/?cid=12443200630232872503&g_mp=Cidnb29nbGUubWFwcy5wbGFjZXMudjEuUGxhY2VzLlNlYXJjaFRleHQQAhgEIAA,5,20,OPERATIONAL,hotel,villa_owner_operator,"Existing villa owner/operator; renovation, extension and rebuild client","villa in Pererenan, Bali",-8.651843099999999,115.1257717,ChIJcYw00Ys50i0RN3by2Qshr6w
Villa Thamilla by Optimum Bali Villas,+62 853-3800-2448,"Jl. Pantai Berawa Gg. Kamelia No.VII, Tibubeneng, Kec. Kuta Utara, Kabupaten Badung, Bali 80361, Indonesia",https://optimumbali.com/villa-bali/rental/3-bedrooms-for-rent/villa-thamilla-canggu-berawa/,https://maps.google.com/?cid=15264050442321984957&g_mp=Cidnb29nbGUubWFwcy5wbGFjZXMudjEuUGxhY2VzLlNlYXJjaFRleHQQAhgEIAA,4.7,37,OPERATIONAL,service,villa_owner_operator,"Existing villa owner/operator; renovation, extension and rebuild client","villa in Berawa, Bali",-8.648080499999999,115.1511814,ChIJK8nT9oQ40i0Rvf0-QAHN1NM
Villa The Beji,+62 811-3997-717,"Jalan Raya Pantai Berawa, Gang The Beji, Canggu, 84QX+P85, Kerobokan, Kec. Kuta Utara, Kota Denpasar, Bali 80361, Indonesia",http://www.villabeji.com/,https://maps.google.com/?cid=4772291134363584972&g_mp=Cidnb29nbGUubWFwcy5wbGFjZXMudjEuUGxhY2VzLlNlYXJjaFRleHQQAhgEIAA,4.7,44,OPERATIONAL,service,villa_owner_operator,"Existing villa owner/operator; renovation, extension and rebuild client","villa in Berawa, Bali",-8.6607313,115.1483571,ChIJeeH7wXtH0i0RzMl8hICVOkI
Villa Triangle Pererenan,+62 813-5303-1807,"pererenan, Gg. Tukad Bausan I No.1, Pererenan, Kec. Mengwi, Kabupaten Badung, Bali 80351, Indonesia",,https://maps.google.com/?cid=15546570139246480107&g_mp=Cidnb29nbGUubWFwcy5wbGFjZXMudjEuUGxhY2VzLlNlYXJjaFRleHQQAhgEIAA,4.5,8,OPERATIONAL,service,villa_owner_operator,"Existing villa owner/operator; renovation, extension and rebuild client","villa in Pererenan, Bali",-8.644410599999999,115.1270843,ChIJ-3rwHl050i0R60p7ISyDwNc
Villa Tropical Vibezz,+62 822-6653-6834,"Gg. Gn. Raung No.IV, Pererenan, Kec. Mengwi, Kabupaten Badung, Bali 80351, Indonesia",,https://maps.google.com/?cid=1386682470707297471&g_mp=Cidnb29nbGUubWFwcy5wbGFjZXMudjEuUGxhY2VzLlNlYXJjaFRleHQQAhgEIAA,5,2,OPERATIONAL,service,villa_owner_operator,"Existing villa owner/operator; renovation, extension and rebuild client","villa in Pererenan, Bali",-8.639626,115.13245710000001,ChIJQSV3Ch850i0Rv_zEMlx8PhM
Vinna Villa Seminyak by The Wina Resorts,+62 361 738105,"Jl. Taman Sari Madu I No.99, Kerobokan Kelod, Kec. Kuta Utara, Kabupaten Badung, Bali 80361, Indonesia",https://vinnavilla.com/,https://maps.google.com/?cid=8379943266890030287&g_mp=Cidnb29nbGUubWFwcy5wbGFjZXMudjEuUGxhY2VzLlNlYXJjaFRleHQQAhgEIAA,4.8,407,OPERATIONAL,service,villa_owner_operator,"Existing villa owner/operator; renovation, extension and rebuild client","villa in Seminyak, Bali",-8.670933999999999,115.17360489999999,ChIJ81K83TxH0i0RzxzonACKS3Q
ZIN Canggu Resort & Villas,+62 811-3111-6646,"Jl. Nelayan No.78, Canggu, Kec. Kuta Utara, Kabupaten Badung, Bali 80361, Indonesia",https://zin.world/?utm_source=google_zincanggu,https://maps.google.com/?cid=8383340872450535580&g_mp=Cidnb29nbGUubWFwcy5wbGFjZXMudjEuUGxhY2VzLlNlYXJjaFRleHQQAhgEIAA,4.7,936,OPERATIONAL,hotel,villa_owner_operator,"Existing villa owner/operator; renovation, extension and rebuild client","villa in Canggu, Bali",-8.6599328,115.1334971,ChIJb-nJm29H0i0RnHBtTRucV3Q
seminyak beach luxury villa,+62 821-4740-2277,"Gg. Kubu Pesisi No.8A, Seminyak, dps, Kabupaten Badung, Bali 08830, Indonesia",http://www.seminyakbeachluxuryvilla.com/,https://maps.google.com/?cid=16595909136276522221&g_mp=Cidnb29nbGUubWFwcy5wbGFjZXMudjEuUGxhY2VzLlNlYXJjaFRleHQQAhgEIAA,4.4,18,OPERATIONAL,service,villa_owner_operator,"Existing villa owner/operator; renovation, extension and rebuild client","villa in Seminyak, Bali",-8.6945453,115.1630754,ChIJmT2oeN9G0i0R7QRsOG6DUOY
ANPF ARCHITECT STUDIO,,"Jl. Puseh Natih No.10, Singapadu Tengah, Kec. Sukawati, Kabupaten Gianyar, Bali 80571, Indonesia",,https://maps.google.com/?cid=5305393465136400826&g_mp=Cidnb29nbGUubWFwcy5wbGFjZXMudjEuUGxhY2VzLlNlYXJjaFRleHQQAhgEIAA,,,OPERATIONAL,corporate_office,architecture_design,Designs villas; natural partner that brings construction clients,"architect studio in Ubud, Bali",-8.568536,115.25369970000001,ChIJdboBnkQ_0i0RukkiUz-LoEk
AR key studio design,,"Jl. Raya Semat Gg. Jalak 17B, Tibubeneng, Kec. Kuta Utara, Kabupaten Badung, Bali 80361, Indonesia",http://www.arkeystudiodesign.com/,https://maps.google.com/?cid=16167802756772857291&g_mp=Cidnb29nbGUubWFwcy5wbGFjZXMudjEuUGxhY2VzLlNlYXJjaFRleHQQAhgEIAA,,,OPERATIONAL,service,architecture_design,Designs villas; natural partner that brings construction clients,"architect studio in Canggu, Bali",-8.653837099999999,115.1426236,ChIJQ8rJtNU50i0RywUHVPKSX-A
Ade Mas Studio Arsitektur&Desain,,"Gg. Gadung No.1, Mas, Kecamatan Ubud, Kabupaten Gianyar, Bali 80571, Indonesia",,https://maps.google.com/?cid=12229390046780256575&g_mp=Cidnb29nbGUubWFwcy5wbGFjZXMudjEuUGxhY2VzLlNlYXJjaFRleHQQAhgEIAA,5,1,OPERATIONAL,association_or_organization,architecture_design,Designs villas; natural partner that brings construction clients,"architect studio in Ubud, Bali",-8.5462919,115.27426299999999,ChIJhSQMhck90i0RP_EIFnSFt6k
Bengkel Phi Bali - Gudang Belok Kiri,,"Jl. Mahendradatta Sel. Gg. Robbie William, Pemecutan Klod, Kec. Denpasar Bar., Kota Denpasar, Bali 80119, Indonesia",,https://maps.google.com/?cid=9426489000517946460&g_mp=Cidnb29nbGUubWFwcy5wbGFjZXMudjEuUGxhY2VzLlNlYXJjaFRleHQQAhgEIAA,5,1,OPERATIONAL,service,architecture_design,Designs villas; natural partner that brings construction clients,architecture firm in Bali,-8.6861353,115.18565809999998,ChIJ2U0MUeZH0i0RXMz_Ys2d0YI
CACERES + TOUS Architecture Design Studio,,"Jl. Raya Babakan Canggu No.8A, Canggu, Kec. Kuta Utara, Kabupaten Badung, Bali 80361, Indonesia",http://www.cacerestous.com/,https://maps.google.com/?cid=8763658779944271784&g_mp=Cidnb29nbGUubWFwcy5wbGFjZXMudjEuUGxhY2VzLlNlYXJjaFRleHQQAhgEIAA,4.6,15,OPERATIONAL,service,architecture_design,Designs villas; natural partner that brings construction clients,"architect studio in Canggu, Bali",-8.6319479,115.1496444,ChIJgz6BJYE40i0RqL9PfzrFnnk
CAMMA Architect Studio Bali,,"Jl. Anyelir No.988, Bongan, Kec. Tabanan, Kabupaten Tabanan, Bali 82112, Indonesia",,https://maps.google.com/?cid=12972635557521166942&g_mp=Cidnb29nbGUubWFwcy5wbGFjZXMudjEuUGxhY2VzLlNlYXJjaFRleHQQAhgEIAA,5,2,OPERATIONAL,service,architecture_design,Designs villas; natural partner that brings construction clients,"architect studio in Canggu, Bali",-8.5529074,115.1108224,ChIJJ70RRAA70i0RXpKmvk4PCLQ
Canvas Architect Studio Bali,,"Jl. Gn. Semeru No.4, Banjar Batulumbung, Gulingan, Kec. Mengwi, Kabupaten Badung, Bali 40351, Indonesia",,https://maps.google.com/?cid=7350382292988717735&g_mp=Cidnb29nbGUubWFwcy5wbGFjZXMudjEuUGxhY2VzLlNlYXJjaFRleHQQAhgEIAA,,,OPERATIONAL,service,architecture_design,Designs villas; natural partner that brings construction clients,"architect studio in Canggu, Bali",-8.5507407,115.1724383,ChIJ0aPLrIk70i0Rp-rpYMDNAWY
Casa Studio Bali,,"Jl. Tunjung Putih No.9, Kesiman Kertalangu, Kec. Denpasar Tim., Kota Denpasar, Bali 80237, Indonesia",http://www.casastudio.co/,https://maps.google.com/?cid=14928970055070473368&g_mp=Cidnb29nbGUubWFwcy5wbGFjZXMudjEuUGxhY2VzLlNlYXJjaFRleHQQAhgEIAA,4.9,29,OPERATIONAL,service,architecture_design,Designs villas; natural partner that brings construction clients,architecture firm in Bali,-8.636419,115.25144290000001,ChIJ8SkE9oxA0i0RmFzrAitbLs8
Cipta Bali Architect Warehouse,,"Jl. Widuri, Kapal, Kec. Mengwi, Kabupaten Badung, Bali 80351, Indonesia",https://ciptabaliarchitect.com/,https://maps.google.com/?cid=1179837649209259350&g_mp=Cidnb29nbGUubWFwcy5wbGFjZXMudjEuUGxhY2VzLlNlYXJjaFRleHQQAhgEIAA,5,6,OPERATIONAL,service,architecture_design,Designs villas; natural partner that brings construction clients,architecture firm in Bali,-8.572881700000002,115.19144370000001,ChIJAQAAAJ840i0RVvW_RRegXxA
Concepts Conveyed Studio,,"Jl. Prof. Moh. Yamin No.7, Renon, Denpasar Selatan, Kota Denpasar, Bali 80239, Indonesia",http://www.conceptsconveyed.com/,https://maps.google.com/?cid=11604237862136945408&g_mp=Cidnb29nbGUubWFwcy5wbGFjZXMudjEuUGxhY2VzLlNlYXJjaFRleHQQAhgEIAA,4.9,18,OPERATIONAL,service,architecture_design,Designs villas; natural partner that brings construction clients,architecture firm in Bali,-8.6716755,115.2382197,ChIJQTJ8Dl9A0i0RAJvPjdqICqE
Cv. Candi Bali - Studio GH,,"Jl. Permata III No.15, Jimbaran, Kec. Kuta Sel., Kabupaten Badung, Bali 80361, Indonesia",,https://maps.google.com/?cid=13076188526146857328&g_mp=Cidnb29nbGUubWFwcy5wbGFjZXMudjEuUGxhY2VzLlNlYXJjaFRleHQQAhgEIAA,5,1,OPERATIONAL,service,architecture_design,Designs villas; natural partner that brings construction clients,architecture firm in Bali,-8.7973684,115.1913701,ChIJY-OfJABD0i0RcKkFFS_0d7U
DDAP ARCHITECT,,"Jl. A.A. Gede Rai No.90, Lodtunduh, Kecamatan Ubud, Kabupaten Gianyar, Bali 80571, Indonesia",http://www.ddaparchitect.com/,https://maps.google.com/?cid=16005008473588090625&g_mp=Cidnb29nbGUubWFwcy5wbGFjZXMudjEuUGxhY2VzLlNlYXJjaFRleHQQAhgEIAA,5,69,OPERATIONAL,service,architecture_design,Designs villas; natural partner that brings construction clients,architecture firm in Bali,-8.5372063,115.26241540000001,ChIJa3F0o5c90i0RAcdVl2g2Hd4
Gesha Studio,,"Jalan Muding Batu Sangian IX No.9, Jl. Muding Batu Sangian IX No.9, Kerobokan Kaja, Kec. Kuta Utara, Denpasar, Bali 80361, Indonesia",,https://maps.google.com/?cid=4199804875391594191&g_mp=Cidnb29nbGUubWFwcy5wbGFjZXMudjEuUGxhY2VzLlNlYXJjaFRleHQQAhgEIAA,5,5,OPERATIONAL,service,architecture_design,Designs villas; natural partner that brings construction clients,"architect studio in Seminyak, Bali",-8.6389344,115.17661860000001,ChIJZeS4PlU50i0Rz26rW0i0SDo
My Shrine Studio,,"Jl. Teuku Umar Barat No.10, Padangsambian Klod, Kec. Denpasar Bar., Kota Denpasar, Bali 80117, Indonesia",https://myshrinestudios.com/,https://maps.google.com/?cid=13225227131068765567&g_mp=Cidnb29nbGUubWFwcy5wbGFjZXMudjEuUGxhY2VzLlNlYXJjaFRleHQQAhgEIAA,4.6,33,OPERATIONAL,general_contractor,architecture_design,Designs villas; natural partner that brings construction clients,"architect studio in Seminyak, Bali",-8.6738014,115.17996199999999,ChIJxU46zohB0i0Rf1U2ZQFyibc
NDA Design & Build,,"Jl. Raya Canggu No.161, Canggu, Kec. Kuta Utara, Kabupaten Badung, Bali 80351, Indonesia",,https://maps.google.com/?cid=11774698109525523112&g_mp=Cidnb29nbGUubWFwcy5wbGFjZXMudjEuUGxhY2VzLlNlYXJjaFRleHQQAhgEIAA,5,10,OPERATIONAL,service,architecture_design,Designs villas; natural partner that brings construction clients,"architect studio in Canggu, Bali",-8.6360338,115.1428966,ChIJq8m0iHo50i0RqHq7q4shaKM
Nawasanga Studio Architects,,"Jl. Gunung Salak Utara No.24, Padangsambian Klod, Kec. Denpasar Bar., Kota Denpasar, Bali 80117, Indonesia",,https://maps.google.com/?cid=2921941303252249423&g_mp=Cidnb29nbGUubWFwcy5wbGFjZXMudjEuUGxhY2VzLlNlYXJjaFRleHQQAhgEIAA,5,1,OPERATIONAL,,architecture_design,Designs villas; natural partner that brings construction clients,"architect studio in Kerobokan, Bali",-8.6705776,115.17927999999999,ChIJQxZqHb9H0i0RT2vkWiLSjCg
PT Studio Magnolia Design,,"F7W2+P4Q, Gg. Pacekan Jl. Banjar Penestanan Kaja, Sayan, Kecamatan Ubud, Kabupaten Gianyar, Bali 80571, Indonesia",https://www.magnoliabali.com/,https://maps.google.com/?cid=9494113101766206824&g_mp=Cidnb29nbGUubWFwcy5wbGFjZXMudjEuUGxhY2VzLlNlYXJjaFRleHQQAhgEIAA,,,OPERATIONAL,corporate_office,architecture_design,Designs villas; natural partner that brings construction clients,"architect studio in Ubud, Bali",-8.5031549,115.25037300000001,ChIJf8P5Pmg90i0RaCUoaJDdwYM
Right Angle Studio - Architecture & Interior Design,,"Jl. Raya Nyuh Kuning Br. Nyuhkuning No.21B, Mas, Kecamatan Ubud, Kabupaten Gianyar, Bali 80571, Indonesia",https://www.instagram.com/indrabayu_pendet/,https://maps.google.com/?cid=6732315942110802501&g_mp=Cidnb29nbGUubWFwcy5wbGFjZXMudjEuUGxhY2VzLlNlYXJjaFRleHQQAhgEIAA,5,6,OPERATIONAL,service,architecture_design,Designs villas; natural partner that brings construction clients,architecture firm in Bali,-8.5276086,115.25539409999999,ChIJx7HfxaA90i0RRbI2Fa79bV0
STUDIO WNA,,"Jl. Bedahulu VII, Dauh Puri Kaja, Kec. Denpasar Utara, Kota Denpasar, Bali 80115, Indonesia",http://studiowna.com/,https://maps.google.com/?cid=6776284213176951868&g_mp=Cidnb29nbGUubWFwcy5wbGFjZXMudjEuUGxhY2VzLlNlYXJjaFRleHQQAhgEIAA,4.8,10,OPERATIONAL,corporate_office,architecture_design,Designs villas; natural partner that brings construction clients,"architect studio in Seminyak, Bali",-8.6339369,115.2167113,ChIJVZYJV-4_0i0RPOR_75YyCl4
Samma Studio Dukuh Indah,,"Jl. Dukuh Indah Jl. Umalas Lestari, Kerobokan Kelod, Kec. Kuta Utara, Kabupaten Badung, Bali 80361, Indonesia",,https://maps.google.com/?cid=13176181702228634115&g_mp=Cidnb29nbGUubWFwcy5wbGFjZXMudjEuUGxhY2VzLlNlYXJjaFRleHQQAhgEIAA,,,OPERATIONAL,consultant,architecture_design,Designs villas; natural partner that brings construction clients,"architect studio in Umalas, Bali",-8.6659092,115.1582671,ChIJKcqBgexH0i0RA-pWoXIz27Y
Saru Studio,,"Jl. Kusuma Bangsa No.10, Pemecutan Kaja, Kec. Denpasar Utara, Kota Denpasar, Bali 80111, Indonesia",,https://maps.google.com/?cid=1586984688509182652&g_mp=Cidnb29nbGUubWFwcy5wbGFjZXMudjEuUGxhY2VzLlNlYXJjaFRleHQQAhgEIAA,5,6,OPERATIONAL,service,architecture_design,Designs villas; natural partner that brings construction clients,"architect studio in Uluwatu, Bali",-8.6416182,115.2027191,ChIJZzrlxVo_0i0RvOKSfioaBhY
Senyum Design.,,"Jl. Raya Tumbakbayuh - Pererenan No.11, Pererenan, Kec. Mengwi, Kabupaten Badung, Bali 80351, Indonesia",http://senyumdesign.com/,https://maps.google.com/?cid=15162425702017390399&g_mp=Cidnb29nbGUubWFwcy5wbGFjZXMudjEuUGxhY2VzLlNlYXJjaFRleHQQAhgEIAA,5,3,OPERATIONAL,service,architecture_design,Designs villas; natural partner that brings construction clients,"architect studio in Canggu, Bali",-8.6298693,115.13398690000001,ChIJvaGZDAw50i0RP9f_jdfBa9I
Studio By. Architecture & Interior Design,,"Jl. Raya Kuta Gg. Lestari, Kuta, Kec. Kuta, Kabupaten Badung, Bali 80361, Indonesia",,https://maps.google.com/?cid=9763930935029257547&g_mp=Cidnb29nbGUubWFwcy5wbGFjZXMudjEuUGxhY2VzLlNlYXJjaFRleHQQAhgEIAA,5,2,OPERATIONAL,service,architecture_design,Designs villas; natural partner that brings construction clients,"architect studio in Berawa, Bali",-8.7088991,115.18183379999999,ChIJxebbyyUvWkERS9XdMXRzgIc
Studio Gana,,"Jl. Belimbing No.56, Dangin Puri Kaja, Kec. Denpasar Utara, Kota Denpasar, Bali 80231, Indonesia",http://studioganaa.com/,https://maps.google.com/?cid=18431173988077644029&g_mp=Cidnb29nbGUubWFwcy5wbGFjZXMudjEuUGxhY2VzLlNlYXJjaFRleHQQAhgEIAA,5,10,OPERATIONAL,service,architecture_design,Designs villas; natural partner that brings construction clients,"architect studio in Seminyak, Bali",-8.6505653,115.22017400000001,ChIJybANe3RB0i0R_ajJ8BavyP8
Studio Nimmersatt,,"Jl. Drupadi No.5B, Seminyak, Kec. Kuta, bali, Bali 80361, Indonesia",http://www.studionimmersatt.com/,https://maps.google.com/?cid=8947725766263378582&g_mp=Cidnb29nbGUubWFwcy5wbGFjZXMudjEuUGxhY2VzLlNlYXJjaFRleHQQAhgEIAA,4.2,5,OPERATIONAL,consultant,architecture_design,Designs villas; natural partner that brings construction clients,"architect studio in Seminyak, Bali",-8.688977699999999,115.16567149999999,ChIJrT_E2_lH0i0RlhK9ZS21LHw
Studio Puli,,"9494+RPX, Cemagi, Mengwi, Badung Regency, Bali 80351, Indonesia",https://studiopuli.com/,https://maps.google.com/?cid=12570823896970945182&g_mp=Cidnb29nbGUubWFwcy5wbGFjZXMudjEuUGxhY2VzLlNlYXJjaFRleHQQAhgEIAA,5,3,OPERATIONAL,service,architecture_design,Designs villas; natural partner that brings construction clients,"architect studio in Canggu, Bali",-8.6300059,115.1058204,ChIJk-DXEAA50i0RnuLxMLuJdK4
Support Studios Bali,,"Jl. Gatot Subroto VI C No.20, Dauh Puri Kaja, Kec. Denpasar Utara, Kota Denpasar, Bali 80233, Indonesia",https://supportstudios.id/,https://maps.google.com/?cid=18253494681238158948&g_mp=Cidnb29nbGUubWFwcy5wbGFjZXMudjEuUGxhY2VzLlNlYXJjaFRleHQQAhgEIAA,5,2,OPERATIONAL,corporate_office,architecture_design,Designs villas; natural partner that brings construction clients,architecture firm in Bali,-8.6371811,115.21768900000001,ChIJv9w97dpB0i0RZL6ukLNwUf0
Umah Studio Bali,,"Jl. Panji Perum. Kori Kwanji Permai No.4a, Dalung, Kec. Kuta Utara, Kabupaten Badung, Bali 80361, Indonesia",,https://maps.google.com/?cid=6913715925556365232&g_mp=Cidnb29nbGUubWFwcy5wbGFjZXMudjEuUGxhY2VzLlNlYXJjaFRleHQQAhgEIAA,4.5,2,OPERATIONAL,service,architecture_design,Designs villas; natural partner that brings construction clients,"architect studio in Canggu, Bali",-8.6139049,115.17900979999999,ChIJGQOMb6A50i0RsIe__AB08l8
VONSUNG Design and Architecture,,"Jl. Pantai Pererenan No.15, Pererenan, Kec. Mengwi, Kabupaten Badung, Bali 80351, Indonesia",http://www.vonsung.asia/,https://maps.google.com/?cid=3462557755112460537&g_mp=Cidnb29nbGUubWFwcy5wbGFjZXMudjEuUGxhY2VzLlNlYXJjaFRleHQQAhgEIAA,1,3,OPERATIONAL,service,architecture_design,Designs villas; natural partner that brings construction clients,"architect studio in Pererenan, Bali",-8.633546100000002,115.1337023,ChIJ1exucABH0i0R-ZDAz-55DTA
Vaw Architect Studio,,"Jl. Raya Canggu, Banjar Pipitan, Canggu, Kec. Kuta Utara, Kabupaten Badung, Bali 80361, Indonesia",https://linktr.ee/vaw.architectstudio,https://maps.google.com/?cid=9470542354123172153&g_mp=Cidnb29nbGUubWFwcy5wbGFjZXMudjEuUGxhY2VzLlNlYXJjaFRleHQQAhgEIAA,5,3,OPERATIONAL,service,architecture_design,Designs villas; natural partner that brings construction clients,"architect studio in Canggu, Bali",-8.636338799999999,115.14623859999999,ChIJ5_npWKFH0i0ROanNDxggboM
Veen Architect Studio,,"C5FW+42W, Gg. Taman Suranadi, Lukluk, Kec. Mengwi, Kabupaten Badung, Bali 80351, Indonesia",,https://maps.google.com/?cid=2126125905651862542&g_mp=Cidnb29nbGUubWFwcy5wbGFjZXMudjEuUGxhY2VzLlNlYXJjaFRleHQQAhgEIAA,5,2,OPERATIONAL,corporate_office,architecture_design,Designs villas; natural partner that brings construction clients,"architect studio in Berawa, Bali",-8.577135799999999,115.19508519999998,ChIJGaOQnq4-0i0RDowiGj-EgR0
D'palm Boutique Hotel,,"Jl. Ancak Sari No.1, Pecatu, Kec. Kuta Sel., Kabupaten Badung, Bali 80361, Indonesia",http://www.yollagroup.com/,https://maps.google.com/?cid=2561401180671478820&g_mp=Cidnb29nbGUubWFwcy5wbGFjZXMudjEuUGxhY2VzLlNlYXJjaFRleHQQAhgEIAA,4.8,35,OPERATIONAL,hotel,hospitality_business,"Hotels, resorts and beach clubs; expansion and refurbishment client","boutique hotel in Ungasan, Bali",-8.8169488,115.11907649999999,ChIJFWlACQBF0i0RJIwwjc3siyM
El Barrio Boutique Hotel & Bar,,"Kerobokan, Kuta Utara, Badung Regency, Bali 80361, Indonesia",https://houseofreservations.com/property/el-bario,https://maps.google.com/?cid=2708934185868812795&g_mp=Cidnb29nbGUubWFwcy5wbGFjZXMudjEuUGxhY2VzLlNlYXJjaFRleHQQAhgEIAA,4.7,71,OPERATIONAL,hotel,hospitality_business,"Hotels, resorts and beach clubs; expansion and refurbishment client","boutique hotel in Umalas, Bali",-8.6556743,115.15060249999999,ChIJQd-7DbFH0i0R-2GfHEoRmCU
Isaiya Boutique Hotel,,"Jl. Pantai Pererenan No.125, Pererenan, Kec. Mengwi, Kabupaten Badung, Bali 80351, Indonesia",https://www.hotelscanggu.com/isaiya-boutique-hotel/,https://maps.google.com/?cid=1123221827844026393&g_mp=Cidnb29nbGUubWFwcy5wbGFjZXMudjEuUGxhY2VzLlNlYXJjaFRleHQQAhgEIAA,3.7,3,OPERATIONAL,hotel,hospitality_business,"Hotels, resorts and beach clubs; expansion and refurbishment client","boutique hotel in Pererenan, Bali",-8.647886500000002,115.12528619999999,ChIJJdLCAwA50i0RGbCbJE18lg8
L'AMORE HOTEL,,"Jalan Gunung Atena No.19, Padangsambian Klod, Kec. Denpasar Bar., Kota Denpasar, Bali 80361, Indonesia",,https://maps.google.com/?cid=8647006807487614354&g_mp=Cidnb29nbGUubWFwcy5wbGFjZXMudjEuUGxhY2VzLlNlYXJjaFRleHQQAhgEIAA,4.1,372,OPERATIONAL,hotel,hospitality_business,"Hotels, resorts and beach clubs; expansion and refurbishment client","boutique hotel in Seminyak, Bali",-8.6833296,115.17642649999999,ChIJZ5l0NiVH0i0Rkg2vquBWAHg
Padira Bali Boutique Hotel & Wellness,,"Jalan Bualu Indah Blk. G No.7, Benoa, Kec. Kuta Sel., Kabupaten Badung, Bali 80361, Indonesia",http://padirabali.com/,https://maps.google.com/?cid=7315719009681807575&g_mp=Cidnb29nbGUubWFwcy5wbGFjZXMudjEuUGxhY2VzLlNlYXJjaFRleHQQAhgEIAA,5,5,OPERATIONAL,hotel,hospitality_business,"Hotels, resorts and beach clubs; expansion and refurbishment client","boutique hotel in Nusa Dua, Bali",-8.802383899999999,115.2188625,ChIJIRxD8mRD0i0R1xio0K2nhmU
Su Casa Boutique Hotel,,"8CGX+QGC, Banjar Kangin Jungut Batu, Jungutbatu, Kec. Nusa Penida, Kabupaten Klungkung, Bali 80771, Indonesia",,https://maps.google.com/?cid=4923844510682631371&g_mp=Cidnb29nbGUubWFwcy5wbGFjZXMudjEuUGxhY2VzLlNlYXJjaFRleHQQAhgEIAA,4.9,50,OPERATIONAL,hotel,hospitality_business,"Hotels, resorts and beach clubs; expansion and refurbishment client","boutique hotel in Nusa Lembongan, Bali",-8.673024999999999,115.448821,ChIJf4NCAQBt0i0Ry8x-rH4CVUQ
The Little Boutique Hotel,,"Jl. Pantai Berawa Gang Keraton No.6, Tibubeneng, Kec. Kuta Utara, Kabupaten Badung, Bali 80361, Indonesia",,https://maps.google.com/?cid=10739351881687301393&g_mp=Cidnb29nbGUubWFwcy5wbGFjZXMudjEuUGxhY2VzLlNlYXJjaFRleHQQAhgEIAA,4.7,69,OPERATIONAL,hotel,hospitality_business,"Hotels, resorts and beach clubs; expansion and refurbishment client","boutique hotel in Canggu, Bali",-8.6669681,115.14027000000002,ChIJVTD4ZsNH0i0REf3kCaPXCZU
ALEX VILLAS GROUP,,"84WR+665, Jl. Echo Beach, Tibubeneng, Kec. Kuta Utara, Kabupaten Badung, Bali 80361, Indonesia",https://alexvillasgroup.com/,https://maps.google.com/?cid=4814471148440670334&g_mp=Cidnb29nbGUubWFwcy5wbGFjZXMudjEuUGxhY2VzLlNlYXJjaFRleHQQAhgEIAA,4.1,13,OPERATIONAL,general_contractor,property_developer,Builds villa/resort projects; direct client for construction contracts,"villa developer in Canggu, Bali",-8.634437499999999,115.15556249999999,ChIJzwr0QiU50i0RflAsWABw0EI
Bali Development - русская недвижимость,,"55HM+CWQ, Kutuh, South Kuta, Badung Regency, Bali 80361, Indonesia",https://bali-development.ru/,https://maps.google.com/?cid=8463576824709513721&g_mp=Cidnb29nbGUubWFwcy5wbGFjZXMudjEuUGxhY2VzLlNlYXJjaFRleHQQAhgEIAA,5,4,OPERATIONAL,real_estate_agency,property_developer,Builds villa/resort projects; direct client for construction contracts,real estate development company in Bali,-8.8214157,115.18485879999999,ChIJZe0LJABb0i0R-QEKtkeqdHU
Bali Home Creation,,"Jl. Subak Daksina Gg. 3, Tibubeneng, Canggu, Kec. Kuta Utara, Kabupaten Badung, Bali 80351, Indonesia",http://www.balihomecreation.com/,https://maps.google.com/?cid=11952358392883018335&g_mp=Cidnb29nbGUubWFwcy5wbGFjZXMudjEuUGxhY2VzLlNlYXJjaFRleHQQAhgEIAA,3,4,OPERATIONAL,general_contractor,property_developer,Builds villa/resort projects; direct client for construction contracts,"villa developer in Canggu, Bali",-8.6302624,115.15503090000001,ChIJq1C3fYI50i0RX3rzy6FO36U
Bali Taksu Dewata Property,,"Jl. Nuansa Indah, Bengkel, Kec. Kediri, Kabupaten Tabanan, Bali 82115, Indonesia",,https://maps.google.com/?cid=848489223181208277&g_mp=Cidnb29nbGUubWFwcy5wbGFjZXMudjEuUGxhY2VzLlNlYXJjaFRleHQQAhgEIAA,4.8,9,OPERATIONAL,general_contractor,property_developer,Builds villa/resort projects; direct client for construction contracts,property developer in Bali,-8.5854667,115.0970672,ChIJlxPqbZk50i0R1Yp293Nwxgs
Berawa Beach Estate (Villa Chijay),,"84PQ+76M, Jl. Segara Perancak, Tibubeneng, Kec. Kuta Utara, Kabupaten Badung, Bali, Indonesia",http://www.berawabeachestate.com/,https://maps.google.com/?cid=7427385421245195151&g_mp=Cidnb29nbGUubWFwcy5wbGFjZXMudjEuUGxhY2VzLlNlYXJjaFRleHQQAhgEIAA,4.9,8,OPERATIONAL,service,property_developer,Builds villa/resort projects; direct client for construction contracts,"villa developer in Berawa, Bali",-8.6642879,115.13804379999999,ChIJ25uNGINH0i0RjyM8S7BfE2c
Coco Development Bali,,"Jl. Raya Canggu No.163B, Canggu, Kec. Kuta Utara, Kabupaten Badung, Bali 80351, Indonesia",https://cocodevelopmentgroup.com/,https://maps.google.com/?cid=542685853512308247&g_mp=Cidnb29nbGUubWFwcy5wbGFjZXMudjEuUGxhY2VzLlNlYXJjaFRleHQQAhgEIAA,4.7,43,OPERATIONAL,service,property_developer,Builds villa/resort projects; direct client for construction contracts,property developer in Bali,-8.6363342,115.1433372,ChIJ9dHTR4A50i0RFxY7k-gBiAc
Conceptive Construction,,"5593+H68, Ungasan, South Kuta, Badung Regency, Bali 80361, Indonesia",https://www.conceptive-construction-bali.com/,https://maps.google.com/?cid=9900760399022580463&g_mp=Cidnb29nbGUubWFwcy5wbGFjZXMudjEuUGxhY2VzLlNlYXJjaFRleHQQAhgEIAA,4.9,41,OPERATIONAL,general_contractor,property_developer,Builds villa/resort projects; direct client for construction contracts,property developer in Bali,-8.8242148,115.14423769999998,ChIJx9L6w9JF0i0R7-L-XSCRZok
Dukuh Raya Mansion,,"Jl. Perum Dukuh Raya No.20, Pemogan, Denpasar Selatan, Kota Denpasar, Bali 80221, Indonesia",http://bit.ly/dukuhmansion,https://maps.google.com/?cid=9334666187248953258&g_mp=Cidnb29nbGUubWFwcy5wbGFjZXMudjEuUGxhY2VzLlNlYXJjaFRleHQQAhgEIAA,5,3,OPERATIONAL,general_contractor,property_developer,Builds villa/resort projects; direct client for construction contracts,property developer in Bali,-8.7092859,115.1969226,ChIJ6THAQJZB0i0RqufSq3Bli4E
Harmoni Bali,,"Bukit Pandawa, Kutuh, Kec. Kuta Sel., Kabupaten Badung, Bali 80361, Indonesia",http://www.harmonibali.id/,https://maps.google.com/?cid=16369556219690381407&g_mp=Cidnb29nbGUubWFwcy5wbGFjZXMudjEuUGxhY2VzLlNlYXJjaFRleHQQAhgEIAA,4.8,17,OPERATIONAL,corporate_office,property_developer,Builds villa/resort projects; direct client for construction contracts,property developer in Bali,-8.8336095,115.1907701,ChIJaSOjJN9d0i0RX3Bu9aZYLOM
Naturale Villa Canggu,,"Jl. Raya Tumbakbayuh No.18b, Canggu, Kec. Mengwi, Kabupaten Badung, Bali 80351, Indonesia",,https://maps.google.com/?cid=5162374595206327597&g_mp=Cidnb29nbGUubWFwcy5wbGFjZXMudjEuUGxhY2VzLlNlYXJjaFRleHQQAhgEIAA,5,10,OPERATIONAL,service,property_developer,Builds villa/resort projects; direct client for construction contracts,"villa developer in Canggu, Bali",-8.626620899999999,115.1428447,ChIJyXtcagA50i0RLS3GyFdwpEc
New Life Bali,,"Jl. Pantai Berawa No.27, Tibubeneng, Kec. Kuta Utara, Kabupaten Badung, Bali 80361, Indonesia",http://newlifebali.com/,https://maps.google.com/?cid=16945760001228586868&g_mp=Cidnb29nbGUubWFwcy5wbGFjZXMudjEuUGxhY2VzLlNlYXJjaFRleHQQAhgEIAA,4.6,9,OPERATIONAL,real_estate_agency,property_developer,Builds villa/resort projects; direct client for construction contracts,real estate development company in Bali,-8.6503567,115.1492393,ChIJGfAE-FxH0i0RdL9ASvBuK-s
Nyanyi Bali,,"Jl. Pantai Nyanyi, Beraban, Kec. Kediri, Kabupaten Tabanan, Bali 82121, Indonesia",https://nyanyibali.com/,https://maps.google.com/?cid=6226952314601622422&g_mp=Cidnb29nbGUubWFwcy5wbGFjZXMudjEuUGxhY2VzLlNlYXJjaFRleHQQAhgEIAA,5,8,OPERATIONAL,general_contractor,property_developer,Builds villa/resort projects; direct client for construction contracts,property developer in Bali,-8.621266,115.10453349999999,ChIJhxAJvqQ50i0RlksgaSOUalY
SOTIS VILLA CANGGU,,"Jl. Raya Kayutulang, Canggu, Kec. Kuta Utara, Kabupaten Badung, Bali 80351, Indonesia",https://www.canggu.sotishotels.com/,https://maps.google.com/?cid=14229166038243323235&g_mp=Cidnb29nbGUubWFwcy5wbGFjZXMudjEuUGxhY2VzLlNlYXJjaFRleHQQAhgEIAA,4.5,149,OPERATIONAL,service,property_developer,Builds villa/resort projects; direct client for construction contracts,"villa developer in Canggu, Bali",-8.642049,115.1450314,ChIJ-7V9_Ys40i0RY62LVx8neMU
Saka Canggu Villas,,"94HQ+37V, Jl. Raya Tumbakbayuh - Pererenan, Tumbak Bayuh, Kec. Mengwi, Kabupaten Badung, Bali 80351, Indonesia",,https://maps.google.com/?cid=9684235175761087073&g_mp=Cidnb29nbGUubWFwcy5wbGFjZXMudjEuUGxhY2VzLlNlYXJjaFRleHQQAhgEIAA,5,2,OPERATIONAL,housing_complex,property_developer,Builds villa/resort projects; direct client for construction contracts,"villa developer in Canggu, Bali",-8.622643499999999,115.1381666,ChIJCzkYBgA50i0RYQqVRJVQZYY
Seabreeze Berawa Villa,,"Gang Garuda III.12a Tibubeneng, Canggu, Kec. Kuta Utara, Kabupaten Badung, Bali 80361, Indonesia",,https://maps.google.com/?cid=2416571770561890318&g_mp=Cidnb29nbGUubWFwcy5wbGFjZXMudjEuUGxhY2VzLlNlYXJjaFRleHQQAhgEIAA,5,2,OPERATIONAL,service,property_developer,Builds villa/resort projects; direct client for construction contracts,"villa developer in Berawa, Bali",-8.648997999999999,115.1482506,ChIJBykl1yw50i0RDgiUxjhjiSE
Sunrise Real Estate Business,,"Jl. Kerthawinangun I A No.8, Sidakarya, Denpasar Selatan, Kota Denpasar, Bali 80224, Indonesia",https://sunriserealestate.id/,https://maps.google.com/?cid=3830440516588809303&g_mp=Cidnb29nbGUubWFwcy5wbGFjZXMudjEuUGxhY2VzLlNlYXJjaFRleHQQAhgEIAA,5,8,OPERATIONAL,service,property_developer,Builds villa/resort projects; direct client for construction contracts,real estate development company in Bali,-8.7020608,115.2354998,ChIJu-L9eexH0i0RVyyK9Fp1KDU
Teratai Grand Village,,"Jl. Kayu Tulang No.99x, Canggu, Kec. Kuta Utara, Kabupaten Badung, Bali 80361, Indonesia",,https://maps.google.com/?cid=15259266529728784037&g_mp=Cidnb29nbGUubWFwcy5wbGFjZXMudjEuUGxhY2VzLlNlYXJjaFRleHQQAhgEIAA,4.8,29,OPERATIONAL,housing_complex,property_developer,Builds villa/resort projects; direct client for construction contracts,"villa developer in Canggu, Bali",-8.6465208,115.1417234,ChIJlR_JdXA50i0RpeZ9zQ_Ow9M
The Astha Villas Berawa,,"9523+3MJ, Gg. Damai Jalan Simba, Tibubeneng, Kec. Kuta Utara, Kabupaten Badung, Bali 80361, Indonesia",,https://maps.google.com/?cid=9421773204571621543&g_mp=Cidnb29nbGUubWFwcy5wbGFjZXMudjEuUGxhY2VzLlNlYXJjaFRleHQQAhgEIAA,5,8,OPERATIONAL,housing_complex,property_developer,Builds villa/resort projects; direct client for construction contracts,"villa developer in Berawa, Bali",-8.6497939,115.15413480000001,ChIJ23sfPQA50i0RpwjJlM_cwII
The Carter Townhouse,,"84QQ+GFC, Jl. Pantai Berawa Gg. Gurita, Tibubeneng, Kec. Kuta Utara, Kabupaten Badung, Bali 80361, Indonesia",,https://maps.google.com/?cid=14753317473328669748&g_mp=Cidnb29nbGUubWFwcy5wbGFjZXMudjEuUGxhY2VzLlNlYXJjaFRleHQQAhgEIAA,5,8,OPERATIONAL,service,property_developer,Builds villa/resort projects; direct client for construction contracts,"villa developer in Berawa, Bali",-8.6609018,115.1386698,ChIJLXWLgJRH0i0RNKRRWBNQvsw
"The Sun Villa, Canggu Berawa",,"Jl. Abasan, Tibubeneng, Kec. Kuta Utara, Kabupaten Badung, Bali 80361, Indonesia",https://www.booking.com/hotel/id/villa-with-pool-in-canggu-berawa.en-gb.html,https://maps.google.com/?cid=2070649060943460245&g_mp=Cidnb29nbGUubWFwcy5wbGFjZXMudjEuUGxhY2VzLlNlYXJjaFRleHQQAhgEIAA,4.8,4,OPERATIONAL,service,property_developer,Builds villa/resort projects; direct client for construction contracts,"villa developer in Berawa, Bali",-8.646484899999999,115.1462107,ChIJSXncLgA50i0RlfcHpFlsvBw
Uma Berawa,,"Jl. Pura Beten Kepuh No.10, Canggu, Kec. Kuta Utara, Kabupaten Badung, Bali 80361, Indonesia",http://www.umaberawa.com/,https://maps.google.com/?cid=4640806363329374074&g_mp=Cidnb29nbGUubWFwcy5wbGFjZXMudjEuUGxhY2VzLlNlYXJjaFRleHQQAhgEIAA,4.8,16,OPERATIONAL,service,property_developer,Builds villa/resort projects; direct client for construction contracts,"villa developer in Berawa, Bali",-8.6469039,115.15335080000001,ChIJlSa8Pj050i0Reqeepcx0Z0A
VILLA CASA FAMILIA,,"Gg. Dewi Subadra No.16berawa, Canggu, Utara, Badung Regency, Bali 80361, Indonesia",,https://maps.google.com/?cid=14972560708182812319&g_mp=Cidnb29nbGUubWFwcy5wbGFjZXMudjEuUGxhY2VzLlNlYXJjaFRleHQQAhgEIAA,4.8,5,OPERATIONAL,service,property_developer,Builds villa/resort projects; direct client for construction contracts,"villa developer in Canggu, Bali",-8.6525417,115.1423524,ChIJhw5gPrs50i0RnyY11aI4yc8
Villa Barroso,,"84WQ+73J, Canggu, Kuta Utara, Badung Regency, Bali 80361, Indonesia",http://www.villabarroso.com/,https://maps.google.com/?cid=3030750338387491315&g_mp=Cidnb29nbGUubWFwcy5wbGFjZXMudjEuUGxhY2VzLlNlYXJjaFRleHQQAhgEIAA,4.9,12,OPERATIONAL,service,property_developer,Builds villa/resort projects; direct client for construction contracts,"villa developer in Canggu, Bali",-8.6542246,115.13763820000001,ChIJQwbzOgA50i0R8zl7CmBjDyo
Villa Biru Berawa,,"84XV+52J, Gg. Jalak XV, Tibubeneng, Kec. Kuta Utara, Kabupaten Badung, Bali 80361, Indonesia",,https://maps.google.com/?cid=13037716203133034941&g_mp=Cidnb29nbGUubWFwcy5wbGFjZXMudjEuUGxhY2VzLlNlYXJjaFRleHQQAhgEIAA,5,3,OPERATIONAL,service,property_developer,Builds villa/resort projects; direct client for construction contracts,"villa developer in Berawa, Bali",-8.6520355,115.14252739999999,ChIJbfEKYsc50i0RvWEZWs9F77Q
Villa JM,,"945W+69V, Canggu, Kuta Utara, Badung Regency, Bali 80351, Indonesia",,https://maps.google.com/?cid=14419135248417928697&g_mp=Cidnb29nbGUubWFwcy5wbGFjZXMudjEuUGxhY2VzLlNlYXJjaFRleHQQAhgEIAA,5,1,OPERATIONAL,service,property_developer,Builds villa/resort projects; direct client for construction contracts,"villa developer in Canggu, Bali",-8.641733499999999,115.14615979999999,ChIJraxuCwA50i0R-bVD0hwPG8g
Villa Mara Batu Bolong,,"84WM+PM6, Canggu, Kuta Utara, Badung Regency, Bali 80351, Indonesia",,https://maps.google.com/?cid=3729289604489335091&g_mp=Cidnb29nbGUubWFwcy5wbGFjZXMudjEuUGxhY2VzLlNlYXJjaFRleHQQAhgEIAA,5,5,OPERATIONAL,association_or_organization,property_developer,Builds villa/resort projects; direct client for construction contracts,"villa developer in Berawa, Bali",-8.653217399999999,115.13414949999999,ChIJCW4yA9U50i0RM9Ek_CIZwTM
Villa No.6,,"Jln Seri Kahyangan 1.6, Gg Seri Kahyangan, Berawa 80361, Tibubeneng, Kuta Utara, Badung Regency, Bali, Indonesia",,https://maps.google.com/?cid=3385786269603695745&g_mp=Cidnb29nbGUubWFwcy5wbGFjZXMudjEuUGxhY2VzLlNlYXJjaFRleHQQAhgEIAA,4.7,3,OPERATIONAL,service,property_developer,Builds villa/resort projects; direct client for construction contracts,"villa developer in Berawa, Bali",-8.662540800000002,115.1418078,ChIJZ7j6qA9H0i0RgYwfbay6_C4
BALI SMART INVESTMENT,,"Jl. Abimanyu, Seminyak, Kec. Kuta, Kabupaten Badung, Bali 80361, Indonesia",http://www.balismartinvestment.com/,https://maps.google.com/?cid=6715195097141096764&g_mp=Cidnb29nbGUubWFwcy5wbGFjZXMudjEuUGxhY2VzLlNlYXJjaFRleHQQAhgEIAA,5,11,OPERATIONAL,finance,property_investment,Funds hospitality projects; commissions new builds,property investment company in Bali,-8.6949171,115.1627143,ChIJY6eMLjZH0i0RPDGKulwqMV0
Hospitality Concierge Desk Management,,"Jl. Bypass Ngurah Rai No.31, Kelan, Tuban, Kec. Kuta, Kabupaten Badung, Bali 80361, Indonesia",,https://maps.google.com/?cid=11828174953220112848&g_mp=Cidnb29nbGUubWFwcy5wbGFjZXMudjEuUGxhY2VzLlNlYXJjaFRleHQQAhgEIAA,5,1,OPERATIONAL,point_of_interest,property_investment,Funds hospitality projects; commissions new builds,hospitality investment company in Bali,-8.7548774,115.1804674,ChIJpdxU1odF0i0R0IHbm3MeJqQ
Mara Hospitality Bali,,"Jl. Trenggana No.41, Penatih, Kec. Denpasar Tim., Kota Denpasar, Bali 80238, Indonesia",https://linktr.ee/mara.hospitality,https://maps.google.com/?cid=5511018141895942758&g_mp=Cidnb29nbGUubWFwcy5wbGFjZXMudjEuUGxhY2VzLlNlYXJjaFRleHQQAhgEIAA,5,19,OPERATIONAL,service,property_investment,Funds hospitality projects; commissions new builds,hospitality investment company in Bali,-8.6195664,115.2408339,ChIJ5VTtIbQ_0i0RZuJwKs0Re0w
PT Daha Investments,,"Jl. Beraban No.49, Kerobokan Kelod, Kec. Kuta Utara, Kabupaten Badung, Bali 80361, Indonesia",http://www.thedaha.com/,https://maps.google.com/?cid=12823705534089121500&g_mp=Cidnb29nbGUubWFwcy5wbGFjZXMudjEuUGxhY2VzLlNlYXJjaFRleHQQAhgEIAA,5,2,OPERATIONAL,corporate_office,property_investment,Funds hospitality projects; commissions new builds,hospitality investment company in Bali,-8.6812969,115.16297499999999,ChIJ8YkyEohH0i0R3M6Xhz309rE
The Poseidon Group,,"Jl. Padanggalak Sanur No.21, Kesiman Petilan, Kec. Denpasar Tim., Kota Denpasar, Bali 80237, Indonesia",https://poseidonbaliproperty.com/,https://maps.google.com/?cid=16893747085561148211&g_mp=Cidnb29nbGUubWFwcy5wbGFjZXMudjEuUGxhY2VzLlNlYXJjaFRleHQQAhgEIAA,4.8,6,OPERATIONAL,corporate_office,property_investment,Funds hospitality projects; commissions new builds,property investment company in Bali,-8.6586301,115.26290200000001,ChIJCUF0XgBB0i0RM7MpqHelcuo
Tropically Group Bali,,"Gg. Jepun No.39, Padangsambian, Kec. Denpasar Bar., Kota Denpasar, Bali 80119, Indonesia",http://www.tropicallygroup.com/,https://maps.google.com/?cid=1205807808497021122&g_mp=Cidnb29nbGUubWFwcy5wbGFjZXMudjEuUGxhY2VzLlNlYXJjaFRleHQQAhgEIAA,4.9,11,OPERATIONAL,corporate_office,property_investment,Funds hospitality projects; commissions new builds,hospitality investment company in Bali,-8.6639198,115.1760802,ChIJIUZkMgBH0i0RwnDbLNDjuxA
dKAs Land Investment BALI,,"Jl. Raya Kampus Unud No.109 B/5, Jimbaran, Kec. Kuta Sel., Kabupaten Badung, Bali 80361, Indonesia",,https://maps.google.com/?cid=14423547729218905990&g_mp=Cidnb29nbGUubWFwcy5wbGFjZXMudjEuUGxhY2VzLlNlYXJjaFRleHQQAhgEIAA,4.7,7,OPERATIONAL,finance,property_investment,Funds hospitality projects; commissions new builds,property investment company in Bali,-8.7888232,115.17729429999999,ChIJG-kN8ERF0i0Rhif8kD28Ksg
Araya Villa Umalas,,"85M6+R2J, Jl. Dukuh Indah, Kerobokan Kelod, Kec. Kuta Utara, Kabupaten Badung, Bali 80361, Indonesia",,https://maps.google.com/?cid=8420769443831149991&g_mp=Cidnb29nbGUubWFwcy5wbGFjZXMudjEuUGxhY2VzLlNlYXJjaFRleHQQAhgEIAA,5,2,OPERATIONAL,service,real_estate_agency,Sells land and off-plan villas; refers buyers who need a builder,"real estate agency in Umalas, Bali",-8.6655249,115.15991689999998,ChIJx_I0DsMHNAYRp_UEqzGV3HQ
Bali Select Property,,"Jl. Raya Tiyingtutul Gg. You N Me No.2, Pererenan, Kec. Mengwi, Kabupaten Badung, Bali 80361, Indonesia",,https://maps.google.com/?cid=15109564211783849351&g_mp=Cidnb29nbGUubWFwcy5wbGFjZXMudjEuUGxhY2VzLlNlYXJjaFRleHQQAhgEIAA,4.3,16,OPERATIONAL,real_estate_agency,real_estate_agency,Sells land and off-plan villas; refers buyers who need a builder,"real estate agency in Pererenan, Bali",-8.633663799999999,115.1393649,ChIJM5ZXT1440i0Rh9VUwpj0r9E
Bali Zen Villa Lotus Kerobokan,,"Jl. Pengubengan Kauh No.14, Kerobokan Kelod, Kec. Kuta Utara, Kabupaten Badung, Bali 80361, Indonesia",,https://maps.google.com/?cid=6211879201441010866&g_mp=Cidnb29nbGUubWFwcy5wbGFjZXMudjEuUGxhY2VzLlNlYXJjaFRleHQQAhgEIAA,3.6,10,OPERATIONAL,service,real_estate_agency,Sells land and off-plan villas; refers buyers who need a builder,"real estate agency in Kerobokan, Bali",-8.6693571,115.16882210000001,ChIJq3yNcUFH0i0RslSHxTgHNVY
Casa Adem,,"Gg. Lange No.6, Seminyak, Kec. Kuta, Kabupaten Badung, Bali 80361, Indonesia",https://www.thebaliagent.com/,https://maps.google.com/?cid=13710406586861474225&g_mp=Cidnb29nbGUubWFwcy5wbGFjZXMudjEuUGxhY2VzLlNlYXJjaFRleHQQAhgEIAA,5,22,OPERATIONAL,service,real_estate_agency,Sells land and off-plan villas; refers buyers who need a builder,"real estate agency in Seminyak, Bali",-8.6918943,115.1774504,ChIJFaXepF9H0i0RsdENYCYmRb4
Casa Denita Umalas,,"Gg. Ibu Wangi Jl. Umalas II, Kerobokan Kelod, Kec. Kuta Utara, Kabupaten Badung, Bali 80361, Indonesia",,https://maps.google.com/?cid=9988905184925847157&g_mp=Cidnb29nbGUubWFwcy5wbGFjZXMudjEuUGxhY2VzLlNlYXJjaFRleHQQAhgEIAA,5,1,OPERATIONAL,housing_complex,real_estate_agency,Sells land and off-plan villas; refers buyers who need a builder,"real estate agency in Umalas, Bali",-8.667455,115.15975359999999,ChIJU5zgfUJH0i0RdQ6Qmle4n4o
GD Headquarters,,"Jl. Raya Seminyak, Seminyak, Kec. Kuta, Kabupaten Badung, Bali 80361, Indonesia",https://www.gillesdemunter.com/,https://maps.google.com/?cid=7778917351573446093&g_mp=Cidnb29nbGUubWFwcy5wbGFjZXMudjEuUGxhY2VzLlNlYXJjaFRleHQQAhgEIAA,4.5,26,OPERATIONAL,service,real_estate_agency,Sells land and off-plan villas; refers buyers who need a builder,"real estate agency in Seminyak, Bali",-8.689413199999999,115.16784419999998,ChIJIabOnTtH0i0RzV2o5R1E9Gs
KLS BALI REAL ESTATE,,"Jl. Pantai Pererenan No.1, Pererenan, Kec. Mengwi, Kabupaten Badung, Bali 80351, Indonesia",https://www.klsbaliestate.com/real-estate,https://maps.google.com/?cid=14114023765102403153&g_mp=Cidnb29nbGUubWFwcy5wbGFjZXMudjEuUGxhY2VzLlNlYXJjaFRleHQQAhgEIAA,5,7,OPERATIONAL,real_estate_agency,real_estate_agency,Sells land and off-plan villas; refers buyers who need a builder,"real estate agency in Canggu, Bali",-8.6320765,115.13416989999999,ChIJ9fMN6dQ50i0RUZ5ZxtUV38M
Kasto Canggu,,"Jl. Canggu Padang Linjong No.77, Canggu, Kec. Kuta Utara, Kabupaten Badung, Bali 80351, Indonesia",,https://maps.google.com/?cid=6799651211857804904&g_mp=Cidnb29nbGUubWFwcy5wbGFjZXMudjEuUGxhY2VzLlNlYXJjaFRleHQQAhgEIAA,3,2,OPERATIONAL,general_contractor,real_estate_agency,Sells land and off-plan villas; refers buyers who need a builder,"real estate agency in Canggu, Bali",-8.6477567,115.136558,ChIJM9ErAgA50i0RaL5WR8A2XV4
Kingi Residence Umalas,,"Jl. Tegal Cupek No.102, Kerobokan, Kec. Kuta Utara, Kabupaten Badung, Bali 80361, Indonesia",,https://maps.google.com/?cid=6625759783013176364&g_mp=Cidnb29nbGUubWFwcy5wbGFjZXMudjEuUGxhY2VzLlNlYXJjaFRleHQQAhgEIAA,5,2,OPERATIONAL,service,real_estate_agency,Sells land and off-plan villas; refers buyers who need a builder,"real estate agency in Umalas, Bali",-8.6589072,115.15720109999998,ChIJMUcEFwBH0i0RLNSR-Wpt81s
NSG Estate Indonesia,,"Jl. Sunset Road No.777, Seminyak, Kec. Kuta, Kabupaten Badung, Bali 80361, Indonesia",,https://maps.google.com/?cid=584966744679902580&g_mp=Cidnb29nbGUubWFwcy5wbGFjZXMudjEuUGxhY2VzLlNlYXJjaFRleHQQAhgEIAA,5,1,OPERATIONAL,real_estate_agency,real_estate_agency,Sells land and off-plan villas; refers buyers who need a builder,"real estate agency in Seminyak, Bali",-8.6878032,115.17093289999998,ChIJ-SRjEVRH0i0RdO0Pric4Hgg
Nara Residence - Umalas,,"Jl. Dukuh Indah No.52, Kerobokan Kelod, Kec. Kuta Utara, Kabupaten Badung, Bali 80361, Indonesia",https://www.instagram.com/nararesidence.umalas/,https://maps.google.com/?cid=10868261578401031546&g_mp=Cidnb29nbGUubWFwcy5wbGFjZXMudjEuUGxhY2VzLlNlYXJjaFRleHQQAhgEIAA,4.7,3,OPERATIONAL,general_contractor,real_estate_agency,Sells land and off-plan villas; refers buyers who need a builder,"real estate agency in Umalas, Bali",-8.6653135,115.16290810000001,ChIJT1-Lv6RH0i0ReqWeslLS05Y
PT. ASIA MAS REALTY,,"Jl. Raya Pererenan Tanah Lot No.97, Pererenan, Kec. Mengwi, Kabupaten Badung, Bali 80351, Indonesia",,https://maps.google.com/?cid=7649700393463519122&g_mp=Cidnb29nbGUubWFwcy5wbGFjZXMudjEuUGxhY2VzLlNlYXJjaFRleHQQAhgEIAA,5,2,OPERATIONAL,service,real_estate_agency,Sells land and off-plan villas; refers buyers who need a builder,"real estate agency in Pererenan, Bali",-8.6326669,115.1365434,ChIJtX1udgA50i0RkhePXvoxKWo
Real Estate,,"853C+CV5, Jl. Nakula Gg. Baik-Baik, Seminyak, Kec. Kuta, Kabupaten Badung, Bali 80361, Indonesia",,https://maps.google.com/?cid=17887400965485786321&g_mp=Cidnb29nbGUubWFwcy5wbGFjZXMudjEuUGxhY2VzLlNlYXJjaFRleHQQAhgEIAA,,,OPERATIONAL,real_estate_agency,real_estate_agency,Sells land and off-plan villas; refers buyers who need a builder,"real estate agency in Seminyak, Bali",-8.6964997,115.1722227,ChIJ1ecPC91H0i0R0XTCFmjQPPg
Rumah,,"Gang Dona, Canggu, Kec. Kuta Utara, Kabupaten Badung, Bali 80361, Indonesia",,https://maps.google.com/?cid=16698134475974887719&g_mp=Cidnb29nbGUubWFwcy5wbGFjZXMudjEuUGxhY2VzLlNlYXJjaFRleHQQAhgEIAA,5,7,OPERATIONAL,real_estate_agency,real_estate_agency,Sells land and off-plan villas; refers buyers who need a builder,"real estate agency in Pererenan, Bali",-8.659772199999999,115.1479666,ChIJmQWSqn5H0i0RJ8kv3NWwu-c
Silk Umalas by Nagisa Bali,,"Jl. Bumbak Umalas No.88, Kerobokan, Kec. Kuta Utara, Kabupaten Badung, Bali 80361, Indonesia",,https://maps.google.com/?cid=5565708600639157511&g_mp=Cidnb29nbGUubWFwcy5wbGFjZXMudjEuUGxhY2VzLlNlYXJjaFRleHQQAhgEIAA,4.9,7,OPERATIONAL,service,real_estate_agency,Sells land and off-plan villas; refers buyers who need a builder,"real estate agency in Umalas, Bali",-8.6530253,115.1542086,ChIJfVpoZwA50i0RB_Vu4HtePU0
"Sweet Pool Villa,Heart Of Seminyak.",,"8594+JP9, Jl. Kayu Cendana, Kerobokan Kelod, Kec. Kuta Utara, Kabupaten Badung, Bali 80361, Indonesia",,https://maps.google.com/?cid=11233498477041747249&g_mp=Cidnb29nbGUubWFwcy5wbGFjZXMudjEuUGxhY2VzLlNlYXJjaFRleHQQAhgEIAA,4.6,7,OPERATIONAL,travel_agency,real_estate_agency,Sells land and off-plan villas; refers buyers who need a builder,"real estate agency in Seminyak, Bali",-8.6809585,115.1568475,ChIJSc5rDhFH0i0RMQX35Fhn5Zs
TheBaliHouses,,"85W3+59C, Jl. Bumbak, Kerobokan, Kec. Kuta Utara, Kabupaten Badung, Bali 80361, Indonesia",https://thebalihouses.com/,https://maps.google.com/?cid=5885300175302317189&g_mp=Cidnb29nbGUubWFwcy5wbGFjZXMudjEuUGxhY2VzLlNlYXJjaFRleHQQAhgEIAA,5,8,OPERATIONAL,real_estate_agency,real_estate_agency,Sells land and off-plan villas; refers buyers who need a builder,"real estate agency in Kerobokan, Bali",-8.6545471,115.15340119999999,ChIJI53cgLFH0i0RhVRw6VPJrFE
True Real Estate - Bali Real Estate Agency,,"84WW+VMP, Jl. Karang Suwung Tibubeneng, Canggu, Kec. Kuta Utara, Kabupaten Badung, Bali 80361, Indonesia",https://trueagency.online/,https://maps.google.com/?cid=1929768071945396118&g_mp=Cidnb29nbGUubWFwcy5wbGFjZXMudjEuUGxhY2VzLlNlYXJjaFRleHQQAhgEIAA,5,18,OPERATIONAL,service,real_estate_agency,Sells land and off-plan villas; refers buyers who need a builder,"real estate agency in Canggu, Bali",-8.652805599999999,115.1466724,ChIJIymvoIg50i0Rlh8yS9bpxxo
Uma di Bali Properties,,"Jl. Raya Canggu No.100, Kerobokan, Kec. Kuta Utara, Kabupaten Badung, Bali 80361, Indonesia",http://www.umadibali.com/,https://maps.google.com/?cid=7542171044580224844&g_mp=Cidnb29nbGUubWFwcy5wbGFjZXMudjEuUGxhY2VzLlNlYXJjaFRleHQQAhgEIAA,4.7,27,OPERATIONAL,service,real_estate_agency,Sells land and off-plan villas; refers buyers who need a builder,"real estate agency in Canggu, Bali",-8.642709,115.1560439,ChIJeXgU4RdH0i0RTO9w25osq2g
Vanderland umalas,,"Gg. Pulau 33 No.13, Kerobokan, Kec. Kuta Utara, Kabupaten Badung, Bali 80361, Indonesia",,https://maps.google.com/?cid=12147715792791861753&g_mp=Cidnb29nbGUubWFwcy5wbGFjZXMudjEuUGxhY2VzLlNlYXJjaFRleHQQAhgEIAA,5,3,OPERATIONAL,service,real_estate_agency,Sells land and off-plan villas; refers buyers who need a builder,"real estate agency in Umalas, Bali",-8.6553175,115.15629519999999,ChIJEYOhLbtH0i0R-fnC9SZblag
Villa Almara Umalas,,"Jl. Umalas II No.2, Kerobokan Kelod, Kec. Kuta Utara, Kabupaten Badung, Bali 80361, Indonesia",,https://maps.google.com/?cid=6193458365801758885&g_mp=Cidnb29nbGUubWFwcy5wbGFjZXMudjEuUGxhY2VzLlNlYXJjaFRleHQQAhgEIAA,5,1,OPERATIONAL,housing_complex,real_estate_agency,Sells land and off-plan villas; refers buyers who need a builder,"real estate agency in Umalas, Bali",-8.6663638,115.16360279999999,ChIJQQ4-fgBH0i0RpQDJwJGV81U
Villa Arjuna Seminyak by Villa Bugis Seminyak,,"Arjuna Bugis, Gg. Bugis, Seminyak, Kec. Kuta, Kabupaten Badung, Bali 80361, Indonesia",https://villabugis.com/our-villas/villa-arjuna-seminyak/,https://maps.google.com/?cid=12852653732826148714&g_mp=Cidnb29nbGUubWFwcy5wbGFjZXMudjEuUGxhY2VzLlNlYXJjaFRleHQQAhgEIAA,4.7,20,OPERATIONAL,service,real_estate_agency,Sells land and off-plan villas; refers buyers who need a builder,"real estate agency in Seminyak, Bali",-8.6863677,115.16034470000001,ChIJ_SnMmxlH0i0Ram8zRnnMXbI
Villa Kita Resort Kerobokan,,"Jl. Tunjung Mekar No.64, Kerobokan, Kec. Kuta Utara, Kabupaten Badung, Bali 80361, Indonesia",,https://maps.google.com/?cid=11319591708091390453&g_mp=Cidnb29nbGUubWFwcy5wbGFjZXMudjEuUGxhY2VzLlNlYXJjaFRleHQQAhgEIAA,4.3,47,OPERATIONAL,housing_complex,real_estate_agency,Sells land and off-plan villas; refers buyers who need a builder,"real estate agency in Kerobokan, Bali",-8.6526867,115.1618711,ChIJSX8rNJ440i0R9Zk-S69EF50
Villa Naides Umalas,,"85W3+P45, Jl. Bumbak Dauh, Kerobokan, Kec. Kuta Utara, Kabupaten Badung, Bali 80361, Indonesia",,https://maps.google.com/?cid=5042050123895445581&g_mp=Cidnb29nbGUubWFwcy5wbGFjZXMudjEuUGxhY2VzLlNlYXJjaFRleHQQAhgEIAA,5,2,OPERATIONAL,service,real_estate_agency,Sells land and off-plan villas; refers buyers who need a builder,"real estate agency in Umalas, Bali",-8.653203699999999,115.15280390000001,ChIJqQ_jls850i0RTZiArt_1-EU
Villa Primary Umalas,,"85H3+FC2, Kerobokan Kelod, Kuta Utara, Badung Regency, Bali 80361, Indonesia",,https://maps.google.com/?cid=15321686813424121737&g_mp=Cidnb29nbGUubWFwcy5wbGFjZXMudjEuUGxhY2VzLlNlYXJjaFRleHQQAhgEIAA,5,1,OPERATIONAL,service,real_estate_agency,Sells land and off-plan villas; refers buyers who need a builder,"real estate agency in Umalas, Bali",-8.6713617,115.15351899999999,ChIJuT1o6YRH0i0RiXfuofqQodQ
Villa Rayenne Umalas,,"85P2+V7J Kerobokan, Gang Ambengan 15 Jl. Bumbak Dauh No.4, Umalas, Kerobokan Kelod, Kec. Kuta Utara, Kabupaten Badung, Bali 80361, Indonesia",,https://maps.google.com/?cid=15224164356751460017&g_mp=Cidnb29nbGUubWFwcy5wbGFjZXMudjEuUGxhY2VzLlNlYXJjaFRleHQQAhgEIAA,5,3,OPERATIONAL,service,real_estate_agency,Sells land and off-plan villas; refers buyers who need a builder,"real estate agency in Umalas, Bali",-8.662892099999999,115.15062510000001,ChIJ44sRj4VH0i0RsYZVRtIYR9M
Villa kangin - Seminyak - Bali,,"Jl. Plawa Gg. Ratna No.21, Seminyak, Kec. Kuta, Kabupaten Badung, Bali 80361, Indonesia",,https://maps.google.com/?cid=7030532071514418521&g_mp=Cidnb29nbGUubWFwcy5wbGFjZXMudjEuUGxhY2VzLlNlYXJjaFRleHQQAhgEIAA,4.9,22,OPERATIONAL,travel_agency,real_estate_agency,Sells land and off-plan villas; refers buyers who need a builder,"real estate agency in Seminyak, Bali",-8.6925057,115.16972529999998,ChIJA6ItwCBH0i0RWa2bcKt3kWE
Aozora Villas,,"53MX+J6, Pecatu, South Kuta, Badung Regency, Bali 80363, Indonesia",,https://maps.google.com/?cid=12392262846248417078&g_mp=Cidnb29nbGUubWFwcy5wbGFjZXMudjEuUGxhY2VzLlNlYXJjaFRleHQQAhgEIAA,5,4,OPERATIONAL,service,villa_management,Manages portfolios of villas; refers renovation and build work,"villa management company in Uluwatu, Bali",-8.8160124,115.09816550000001,ChIJsS6ONABb0i0RNnfo0WYp-qs
BE BALI - Villa Management & Marketing,,"Jl. Gn. Tangkuban Perahu No.17x, Kerobokan Kelod, Kec. Kuta Utara, Kabupaten Badung, Bali 80117, Indonesia",,https://maps.google.com/?cid=11974445934400172209&g_mp=Cidnb29nbGUubWFwcy5wbGFjZXMudjEuUGxhY2VzLlNlYXJjaFRleHQQAhgEIAA,,,OPERATIONAL,service,villa_management,Manages portfolios of villas; refers renovation and build work,villa management company in Bali,-8.6723362,115.16933309999999,ChIJ6yGXawBH0i0RsfAKTiLHLaY
Cahya Villa Management,,"Jl. Sempol No.26, Pererenan, Kec. Mengwi, Kabupaten Badung, Bali 80351, Indonesia",,https://maps.google.com/?cid=7117883532200005600&g_mp=Cidnb29nbGUubWFwcy5wbGFjZXMudjEuUGxhY2VzLlNlYXJjaFRleHQQAhgEIAA,3,2,OPERATIONAL,service,villa_management,Manages portfolios of villas; refers renovation and build work,"villa management company in Canggu, Bali",-8.636260199999999,115.1385897,ChIJg3O3q3w50i0R4E9iQVzNx2I
Casa Morena By Bali Sands Management,,"Jl. Pura Melanting No.6, Canggu, Kec. Kuta Utara, Kabupaten Badung, Bali 80351, Indonesia",,https://maps.google.com/?cid=1061213757676689064&g_mp=Cidnb29nbGUubWFwcy5wbGFjZXMudjEuUGxhY2VzLlNlYXJjaFRleHQQAhgEIAA,4.9,8,OPERATIONAL,service,villa_management,Manages portfolios of villas; refers renovation and build work,"villa management company in Canggu, Bali",-8.6361972,115.15129519999999,ChIJO1QmTQA50i0RqJYTQUowug4
Elara Villa Management,,"Gg. Nakula Jl. Pantai Berawa No.5, Tibubeneng, Kec. Kuta Utara, Bali, 80361, Indonesia",,https://maps.google.com/?cid=13174327612255301531&g_mp=Cidnb29nbGUubWFwcy5wbGFjZXMudjEuUGxhY2VzLlNlYXJjaFRleHQQAhgEIAA,5,1,OPERATIONAL,service,villa_management,Manages portfolios of villas; refers renovation and build work,villa management company in Bali,-8.655387,115.1494651,ChIJ186H9PlH0i0Rm-8Yqymd1LY
La Résidence Anam,,"Jl. Pantai Pererenan, Pererenan, Kec. Mengwi, Kabupaten Badung, Bali 80351, Indonesia",https://www.laresidenceanam.com/,https://maps.google.com/?cid=7207996381087780130&g_mp=Cidnb29nbGUubWFwcy5wbGFjZXMudjEuUGxhY2VzLlNlYXJjaFRleHQQAhgEIAA,4.6,98,OPERATIONAL,service,villa_management,Manages portfolios of villas; refers renovation and build work,"villa management company in Pererenan, Bali",-8.6476283,115.1251678,ChIJI2rgUXo40i0RIs0J3YTyB2Q
Makai Uluwatu,,"54H8+CXH, Jl. Bukit Vista, Pecatu, Kec. Kuta Sel., Kabupaten Badung, Bali 80361, Indonesia",https://houseofreservations.com/property/villa-makai,https://maps.google.com/?cid=13177113664394342009&g_mp=Cidnb29nbGUubWFwcy5wbGFjZXMudjEuUGxhY2VzLlNlYXJjaFRleHQQAhgEIAA,4.8,35,OPERATIONAL,service,villa_management,Manages portfolios of villas; refers renovation and build work,"villa management company in Uluwatu, Bali",-8.8214275,115.1174942,ChIJBQDYe01b0i0Rea4r-w-D3rY
Sirocco Villas Pererenan,,"Pererenan, Mengwi, Badung Regency, Bali, Indonesia",https://www.us.despegar.com/hotels/h-7035427,https://maps.google.com/?cid=17545891712590303159&g_mp=Cidnb29nbGUubWFwcy5wbGFjZXMudjEuUGxhY2VzLlNlYXJjaFRleHQQAhgEIAA,,,OPERATIONAL,lodging,villa_management,Manages portfolios of villas; refers renovation and build work,"villa management company in Pererenan, Bali",-8.647565799999999,115.1285248,ChIJ-X-qbnA40i0Rt09q7IyHf_M
The Rang Uluwatu,,"Jl. Labuansait No.83, Pecatu, Kec. Kuta Sel., Kabupaten Badung, Bali 80361, Indonesia",https://theranguluwatu.com/,https://maps.google.com/?cid=6511535478307217522&g_mp=Cidnb29nbGUubWFwcy5wbGFjZXMudjEuUGxhY2VzLlNlYXJjaFRleHQQAhgEIAA,5,11,OPERATIONAL,service,villa_management,Manages portfolios of villas; refers renovation and build work,"villa management company in Uluwatu, Bali",-8.817027699999999,115.08916419999998,ChIJYz_pFgBP0i0RcuDalgSfXVo
The Wave,,"Jl. Munduk Kedungu No.1, Pererenan, Kec. Mengwi, Kabupaten Badung, Bali 80351, Indonesia",https://www.hotelscanggu.com/the-wave/,https://maps.google.com/?cid=10317551731213873196&g_mp=Cidnb29nbGUubWFwcy5wbGFjZXMudjEuUGxhY2VzLlNlYXJjaFRleHQQAhgEIAA,4.3,53,OPERATIONAL,lodging,villa_management,Manages portfolios of villas; refers renovation and build work,"villa management company in Pererenan, Bali",-8.6470398,115.12894530000001,ChIJMy86E7E50i0RLDC4gqJOL48
"Valentina Villas Uluwatu - Villa V, Sole, Mare, Marghe",,"Jalan Labuansait, Gang Mewer, Uluwatu, Pecatu, Kec. Kuta Sel., Kabupaten Badung, Bali 80361, Indonesia",,https://maps.google.com/?cid=3370035310072876584&g_mp=Cidnb29nbGUubWFwcy5wbGFjZXMudjEuUGxhY2VzLlNlYXJjaFRleHQQAhgEIAA,5,26,OPERATIONAL,service,villa_management,Manages portfolios of villas; refers renovation and build work,"villa management company in Uluwatu, Bali",-8.8176998,115.0963528,ChIJn1MOwNNF0i0RKM5qYULFxC4
Villa Anita by Santi Management,,"Gg. Wayang 11 No.29b, Kerobokan, Kec. Kuta Utara, Kabupaten Badung, Bali 80361, Indonesia",,https://maps.google.com/?cid=7658080692738267781&g_mp=Cidnb29nbGUubWFwcy5wbGFjZXMudjEuUGxhY2VzLlNlYXJjaFRleHQQAhgEIAA,4.7,12,OPERATIONAL,service,villa_management,Manages portfolios of villas; refers renovation and build work,"villa management company in Umalas, Bali",-8.656600599999999,115.15956679999998,ChIJc0OGiK9H0i0RhRrx19D3Rmo
Villa Bali Management,,"Jl. Pantai Berawa No.13, Canggu, Kec. Kuta Utara, Kabupaten Badung, Bali 80361, Indonesia",http://www.villabalimanagement.com/,https://maps.google.com/?cid=8698496801351499093&g_mp=Cidnb29nbGUubWFwcy5wbGFjZXMudjEuUGxhY2VzLlNlYXJjaFRleHQQAhgEIAA,4.7,48,OPERATIONAL,service,villa_management,Manages portfolios of villas; refers renovation and build work,villa management company in Bali,-8.6635598,115.1463999,ChIJcaaUGAE50i0RVX1tFMFEt3g
Villa Bali Management,,"Jl. Mertanadi No.90A, Kerobokan Kelod, Kec. Kuta Utara, Kabupaten Badung, Bali 80361, Indonesia",http://www.villabalimanagement.com/,https://maps.google.com/?cid=12185314521176940900&g_mp=Cidnb29nbGUubWFwcy5wbGFjZXMudjEuUGxhY2VzLlNlYXJjaFRleHQQAhgEIAA,3,2,OPERATIONAL,travel_agency,villa_management,Manages portfolios of villas; refers renovation and build work,villa management company in Bali,-8.6755952,115.16721640000002,ChIJBS-nNTJH0i0RZCEpF__uGqk
Villa Forestal by Desa Management,,"85J6+962, Gg. Buntut No.8, Kerobokan Kelod, Kec. Kuta Utara, Kabupaten Badung, Bali 80361, Indonesia",,https://maps.google.com/?cid=12991798164737364110&g_mp=Cidnb29nbGUubWFwcy5wbGFjZXMudjEuUGxhY2VzLlNlYXJjaFRleHQQAhgEIAA,5,4,OPERATIONAL,service,villa_management,Manages portfolios of villas; refers renovation and build work,"villa management company in Kerobokan, Bali",-8.6691181,115.16048309999998,ChIJ89DKRQBH0i0RjhC-6pgjTLQ
Villa Nala,,"Jl. Pantai Pererenan No.47, Pererenan, Kec. Mengwi, Kabupaten Badung, Bali 80351, Indonesia",,https://maps.google.com/?cid=7762067519087313890&g_mp=Cidnb29nbGUubWFwcy5wbGFjZXMudjEuUGxhY2VzLlNlYXJjaFRleHQQAhgEIAA,,,OPERATIONAL,service,villa_management,Manages portfolios of villas; refers renovation and build work,"villa management company in Pererenan, Bali",-8.6371544,115.13245950000001,ChIJ6-gHpyU50i0R4gPMjUhnuGs
Villa Noma 3,,"Jl. Babadan No.200, Pererenan, Kec. Mengwi, Kabupaten Badung, Bali 80351, Indonesia",http://nomaestate.com/,https://maps.google.com/?cid=8958032122988895120&g_mp=Cidnb29nbGUubWFwcy5wbGFjZXMudjEuUGxhY2VzLlNlYXJjaFRleHQQAhgEIAA,4,1,OPERATIONAL,service,villa_management,Manages portfolios of villas; refers renovation and build work,"villa management company in Pererenan, Bali",-8.647705199999999,115.12065319999999,ChIJe34OzGo50i0RkJtKEcFSUXw
Villa Ohlala Pererenan,,"944G+X6F, Pererenan, Mengwi, Badung Regency, Bali 80351, Indonesia",,https://maps.google.com/?cid=7440041727744241797&g_mp=Cidnb29nbGUubWFwcy5wbGFjZXMudjEuUGxhY2VzLlNlYXJjaFRleHQQAhgEIAA,4.4,7,OPERATIONAL,service,villa_management,Manages portfolios of villas; refers renovation and build work,"villa management company in Pererenan, Bali",-8.6426111,115.12561110000001,ChIJl6aIbQA50i0RhXBHSIhWQGc
Villa Rental Management,,"Jl. Raya Padonan No.108, Tibubeneng, Kec. Kuta Utara, Kabupaten Badung, Bali 80361, Indonesia",,https://maps.google.com/?cid=14816782776123396470&g_mp=Cidnb29nbGUubWFwcy5wbGFjZXMudjEuUGxhY2VzLlNlYXJjaFRleHQQAhgEIAA,5,3,OPERATIONAL,general_contractor,villa_management,Manages portfolios of villas; refers renovation and build work,"villa management company in Canggu, Bali",-8.6256293,115.16252560000001,ChIJ6QABUAA50i0RdhH2pG7Jn80
Ania Villa Pererenan,,"948M+Q4P, Gg. Yudistira, Pererenan, Kec. Mengwi, Kabupaten Badung, Bali 80351, Indonesia",,https://maps.google.com/?cid=18226003251291313771&g_mp=Cidnb29nbGUubWFwcy5wbGFjZXMudjEuUGxhY2VzLlNlYXJjaFRleHQQAhgEIAA,5,2,OPERATIONAL,service,villa_owner_operator,"Existing villa owner/operator; renovation, extension and rebuild client","villa in Pererenan, Bali",-8.633068699999999,115.13282299999999,ChIJi4R_AAA50i0Ra1ZVPGTF7_w
Casa Cherish,,"Jl. Tanah Barak No.13a, Canggu, Kec. Kuta Utara, Kabupaten Badung, Bali 80351, Indonesia",http://casacherish.com/,https://maps.google.com/?cid=612424997464286392&g_mp=Cidnb29nbGUubWFwcy5wbGFjZXMudjEuUGxhY2VzLlNlYXJjaFRleHQQAhgEIAA,4.8,96,OPERATIONAL,service,villa_owner_operator,"Existing villa owner/operator; renovation, extension and rebuild client","villa in Canggu, Bali",-8.6479473,115.1350975,ChIJKTno4as50i0RuKRtWUrFfwg
Coco Jungle Canggu Villa,,"Jl. Tegal Sari, Tibubeneng, Kec. Kuta Utara, Kabupaten Badung, Bali 80361, Indonesia",,https://maps.google.com/?cid=553282722370808662&g_mp=Cidnb29nbGUubWFwcy5wbGFjZXMudjEuUGxhY2VzLlNlYXJjaFRleHQQAhgEIAA,4.8,65,OPERATIONAL,service,villa_owner_operator,"Existing villa owner/operator; renovation, extension and rebuild client","villa in Canggu, Bali",-8.6625175,115.14240719999998,ChIJFXQ0IgBH0i0RVutFX7SnrQc
D'griya Villa Pererenan,,"94CP+G24, Pererenan, Mengwi, Badung Regency, Bali 80351, Indonesia",,https://maps.google.com/?cid=798753903366416362&g_mp=Cidnb29nbGUubWFwcy5wbGFjZXMudjEuUGxhY2VzLlNlYXJjaFRleHQQAhgEIAA,5,3,OPERATIONAL,service,villa_owner_operator,"Existing villa owner/operator; renovation, extension and rebuild client","villa in Pererenan, Bali",-8.6287317,115.1350863,ChIJqYJiw8c50i0R6qcccXG-FQs
HOTEL PERERENAN VILLAS,,"Jl. Pantai Pererenan No.99, Pererenan, Kec. Mengwi, Kabupaten Badung, Bali 80351, Indonesia",,https://maps.google.com/?cid=7627166316081601257&g_mp=Cidnb29nbGUubWFwcy5wbGFjZXMudjEuUGxhY2VzLlNlYXJjaFRleHQQAhgEIAA,4.8,4,OPERATIONAL,hotel,villa_owner_operator,"Existing villa owner/operator; renovation, extension and rebuild client","villa in Pererenan, Bali",-8.644495,115.1281287,ChIJyQlz3XE40i0R6VreoFoj2Wk
Heart of Berawa Beach Villa,,"Tibubeneng, Kuta Utara, Badung Regency, Bali, Indonesia",https://www.bluepillow.com/search/67a241cc905c444f2d0b4e38?dest=ago&cat=Vacation+rental+(other)&lat=-8.66498&lng=115.1481&language=en,https://maps.google.com/?cid=11255422668967805648&g_mp=Cidnb29nbGUubWFwcy5wbGFjZXMudjEuUGxhY2VzLlNlYXJjaFRleHQQAhgEIAA,,,OPERATIONAL,lodging,villa_owner_operator,"Existing villa owner/operator; renovation, extension and rebuild client","villa in Berawa, Bali",-8.664979899999999,115.14810179999999,ChIJk7-SpnBH0i0R0IK0nEhLM5w
Heaven At Berawa Villa,,"Jl. Subak Sari No.63, Seminyak, Kec. Kuta, Kabupaten Badung, Bali 80361, Indonesia",,https://maps.google.com/?cid=4176813076744867852&g_mp=Cidnb29nbGUubWFwcy5wbGFjZXMudjEuUGxhY2VzLlNlYXJjaFRleHQQAhgEIAA,5,2,OPERATIONAL,hotel,villa_owner_operator,"Existing villa owner/operator; renovation, extension and rebuild client","villa in Berawa, Bali",-8.6677583,115.1471545,ChIJ7Tk91XBH0i0RDJCVFF0F9zk
I feel good villa pererenan,,"943G+Q24, Jl. Dalem Penataran No.30d, Pererenan, Kec. Mengwi, Kabupaten Badung, Bali 80351, Indonesia",,https://maps.google.com/?cid=9802573369839608124&g_mp=Cidnb29nbGUubWFwcy5wbGFjZXMudjEuUGxhY2VzLlNlYXJjaFRleHQQAhgEIAA,5,9,OPERATIONAL,service,villa_owner_operator,"Existing villa owner/operator; renovation, extension and rebuild client","villa in Pererenan, Bali",-8.6456428,115.12516099999999,ChIJQZj3MQA50i0RPGH-KYu8CYg
Luxury Villa in Berawa Beach 3BR - Canggu - Entire Place,,"Tibubeneng, Kuta Utara, Badung Regency, Bali, Indonesia",https://www.booking.com/hotel/id/luxury-villa-in-berawa-beach-3br-canggu.en-gb.html?aid=2068758&utm_source=seogooglelocal&utm_medium=description&utm_term=hotel-15355804&utm_campaign=en-gb&label=seogooglelocal-link-imagesaow-hotel-15355804_grp-0_gendate-20260615,https://maps.google.com/?cid=13855118407738229799&g_mp=Cidnb29nbGUubWFwcy5wbGFjZXMudjEuUGxhY2VzLlNlYXJjaFRleHQQAhgEIAA,,,OPERATIONAL,lodging,villa_owner_operator,"Existing villa owner/operator; renovation, extension and rebuild client","villa in Berawa, Bali",-8.6661253,115.1469497,ChIJdQDASXdH0i0RJ4Q2xshER8A
Mia Villa Pererenan,,"944M+MFF, Gg. Frangipani, Pererenan, Kec. Mengwi, Kabupaten Badung, Bali 80351, Indonesia",https://www.instagram.com/mia_villa_pererenan?igsh=OW9zNHQ0bm03dnh3&utm_source=qr,https://maps.google.com/?cid=288249096376750097&g_mp=Cidnb29nbGUubWFwcy5wbGFjZXMudjEuUGxhY2VzLlNlYXJjaFRleHQQAhgEIAA,5,1,OPERATIONAL,service,villa_owner_operator,"Existing villa owner/operator; renovation, extension and rebuild client","villa in Pererenan, Bali",-8.643257199999999,115.1337065,ChIJdSWGXAA50i0RERBdpAYRAAQ
Nusantara Loft,,"943G+92X, Jl. Pantai Pererenan, Pererenan, Kec. Mengwi, Kabupaten Badung, Bali 80351, Indonesia",,https://maps.google.com/?cid=6290851119904477254&g_mp=Cidnb29nbGUubWFwcy5wbGFjZXMudjEuUGxhY2VzLlNlYXJjaFRleHQQAhgEIAA,4.4,11,OPERATIONAL,service,villa_owner_operator,"Existing villa owner/operator; renovation, extension and rebuild client","villa in Pererenan, Bali",-8.646500200000002,115.12510560000001,ChIJ3-O0crU50i0RRlDGYMOXTVc
Perempuan Villas,,"943G+8XH, Jl. Munduk Tengah, Pererenan, Kec. Mengwi, Kabupaten Badung, Bali 80351, Indonesia",,https://maps.google.com/?cid=15734778829001512694&g_mp=Cidnb29nbGUubWFwcy5wbGFjZXMudjEuUGxhY2VzLlNlYXJjaFRleHQQAhgEIAA,4.3,18,OPERATIONAL,service,villa_owner_operator,"Existing villa owner/operator; renovation, extension and rebuild client","villa in Pererenan, Bali",-8.646903199999999,115.12736230000002,ChIJeTcWSgA50i0R9tb4gfopXdo
Pure Villa by Nagisa Bali,,"Jl. Aseman Bagus I, 9565+XH7, Br. Aseman Kangin, Tibubeneng, Canggu, Bali, 80361, Indonesia",,https://maps.google.com/?cid=12044262309725817301&g_mp=Cidnb29nbGUubWFwcy5wbGFjZXMudjEuUGxhY2VzLlNlYXJjaFRleHQQAhgEIAA,4.5,106,OPERATIONAL,service,villa_owner_operator,"Existing villa owner/operator; renovation, extension and rebuild client","villa in Canggu, Bali",-8.6375757,115.1589127,ChIJN_1LEJQ40i0R1UnV6MHQJac
Sirocco Villas Pererenan by Blacksand,,"Jl. Munduk Kedungu, Pererenan, Kec. Mengwi, Kabupaten Badung, Bali 80351, Indonesia",https://blacksandvillas.com/sirocco-villas-pererenan/,https://maps.google.com/?cid=7830581341375168885&g_mp=Cidnb29nbGUubWFwcy5wbGFjZXMudjEuUGxhY2VzLlNlYXJjaFRleHQQAhgEIAA,4.9,20,OPERATIONAL,service,villa_owner_operator,"Existing villa owner/operator; renovation, extension and rebuild client","villa in Pererenan, Bali",-8.6476243,115.12850119999999,ChIJO-N_MQA50i0RdQF45T3Qq2w
THE LEO VILLAS - Pererenan,,"Jl. Pantai Pererenan No.131, Pererenan, Kec. Mengwi, Kabupaten Badung, Bali 80351, Indonesia",http://www.theleovillas.com/,https://maps.google.com/?cid=12874348964741866914&g_mp=Cidnb29nbGUubWFwcy5wbGFjZXMudjEuUGxhY2VzLlNlYXJjaFRleHQQAhgEIAA,4.5,19,OPERATIONAL,service,villa_owner_operator,"Existing villa owner/operator; renovation, extension and rebuild client","villa in Pererenan, Bali",-8.647375499999999,115.1237941,ChIJY9ILOkE50i0RomXbFSzgqrI
The Dewi Pererenan Boutique Villa,,"Jl. Raya Tumbakbayuh - Pererenan No.99, Tumbak Bayuh, Kec. Mengwi, Kabupaten Badung, Bali 80361, Indonesia",,https://maps.google.com/?cid=5695237148076588548&g_mp=Cidnb29nbGUubWFwcy5wbGFjZXMudjEuUGxhY2VzLlNlYXJjaFRleHQQAhgEIAA,5,15,OPERATIONAL,service,villa_owner_operator,"Existing villa owner/operator; renovation, extension and rebuild client","villa in Pererenan, Bali",-8.6196168,115.14138279999999,ChIJoywYPQA50i0RBL628gKMCU8
The Myki Berawa,,"Desa Berawa Beach, Jl. Tegal Sari Kompleks, villa 16, Tibubeneng, Kec. Kuta Utara, Kabupaten Badung, Bali 80361, Indonesia",http://www.themykiberawa.com/,https://maps.google.com/?cid=1762292771826236633&g_mp=Cidnb29nbGUubWFwcy5wbGFjZXMudjEuUGxhY2VzLlNlYXJjaFRleHQQAhgEIAA,5,10,OPERATIONAL,service,villa_owner_operator,"Existing villa owner/operator; renovation, extension and rebuild client","villa in Berawa, Bali",-8.663664899999999,115.14441129999999,ChIJm5J0IXNH0i0R2fzwXvDrdBg
The Stay Berawa,,"Berawa, Jl. Pemelisan Agung No.2, Canggu, Kec. Kuta Utara, Kabupaten Badung, Bali 80361, Indonesia",http://www.thestayberawa.com/,https://maps.google.com/?cid=6564497420367172203&g_mp=Cidnb29nbGUubWFwcy5wbGFjZXMudjEuUGxhY2VzLlNlYXJjaFRleHQQAhgEIAA,4.6,11,OPERATIONAL,lodging,villa_owner_operator,"Existing villa owner/operator; renovation, extension and rebuild client","villa in Berawa, Bali",-8.6590426,115.13780949999999,ChIJs_4W29NH0i0RaxL0pZ_HGVs
The Tamantis Villas,,"No 96, Berawa-Canggu, Jl. Pemelisan Agung, Tibubeneng, Kuta Utara, Badung Regency, Bali, Indonesia",https://www.airbnb.com/users/show/498033670,https://maps.google.com/?cid=17174996976468880168&g_mp=Cidnb29nbGUubWFwcy5wbGFjZXMudjEuUGxhY2VzLlNlYXJjaFRleHQQAhgEIAA,4.5,116,OPERATIONAL,service,villa_owner_operator,"Existing villa owner/operator; renovation, extension and rebuild client","villa in Berawa, Bali",-8.6626675,115.13767099999998,ChIJxVFxr4NH0i0RKOvVyMDYWe4
Tierra Villas,,"Jl. Munduk Kedungu No.14, Pererenan, Kec. Mengwi, Kabupaten Badung, Bali 80351, Indonesia",https://blacksandvillas.com/tierra-villas-pererenan/,https://maps.google.com/?cid=12649835764793169184&g_mp=Cidnb29nbGUubWFwcy5wbGFjZXMudjEuUGxhY2VzLlNlYXJjaFRleHQQAhgEIAA,4.7,21,OPERATIONAL,service,villa_owner_operator,"Existing villa owner/operator; renovation, extension and rebuild client","villa in Pererenan, Bali",-8.6482554,115.1278222,ChIJDaeeQAA50i0RIFWHO5s-ja8
Una Villas Canggu,,"Gg. Kupu kupu No.8, Tibubeneng, Kec. Kuta Utara, Kabupaten Badung, Bali 80361, Indonesia",https://www.instagram.com/unavillas/,https://maps.google.com/?cid=7687835785514357793&g_mp=Cidnb29nbGUubWFwcy5wbGFjZXMudjEuUGxhY2VzLlNlYXJjaFRleHQQAhgEIAA,5,14,OPERATIONAL,service,villa_owner_operator,"Existing villa owner/operator; renovation, extension and rebuild client","villa in Canggu, Bali",-8.6588655,115.14112720000001,ChIJc_KTj9VH0i0RIZQeP-qtsGo
Villa Amor Pererenan,,"Jl. Dalem Gede Gg. Apit Teba No.3, Pererenan, Kec. Mengwi, Kabupaten Badung, Bali 80351, Indonesia",,https://maps.google.com/?cid=5679050796046092917&g_mp=Cidnb29nbGUubWFwcy5wbGFjZXMudjEuUGxhY2VzLlNlYXJjaFRleHQQAhgEIAA,5,14,OPERATIONAL,service,villa_owner_operator,"Existing villa owner/operator; renovation, extension and rebuild client","villa in Pererenan, Bali",-8.6366936,115.13393800000001,ChIJT9lVesI50i0RdQq6L5wK0E4
Villa Arco Pererenan,,"Jl. Dalem Gede Gg. Gn. Raung IV, Pererenan, Kec. Mengwi, Kabupaten Badung, Bali 80351, Indonesia",https://www.houseofreservations.com/l/villa-arco,https://maps.google.com/?cid=10975964427118860389&g_mp=Cidnb29nbGUubWFwcy5wbGFjZXMudjEuUGxhY2VzLlNlYXJjaFRleHQQAhgEIAA,4.2,6,OPERATIONAL,service,villa_owner_operator,"Existing villa owner/operator; renovation, extension and rebuild client","villa in Pererenan, Bali",-8.639441,115.1325164,ChIJaVnoUwA50i0RZVi-SX51Upg
Villa Ariana Canggu,,"Jl. Pantai Berawa Gg. Megane No.2, Tibubeneng, Kec. Kuta Utara, Kabupaten Badung, Bali 80361, Indonesia",,https://maps.google.com/?cid=9238957629461290599&g_mp=Cidnb29nbGUubWFwcy5wbGFjZXMudjEuUGxhY2VzLlNlYXJjaFRleHQQAhgEIAA,4.8,19,OPERATIONAL,hotel,villa_owner_operator,"Existing villa owner/operator; renovation, extension and rebuild client","villa in Berawa, Bali",-8.6483144,115.1501439,ChIJu0i93Ng50i0RZ97sjgNfN4A
Villa B,,"JL Pantai Pererenan, Gg. Surf Gang, Villa B, Pererenan, Kec. Mengwi, Kabupaten Badung, Bali 80351, Indonesia",,https://maps.google.com/?cid=10601165736722825178&g_mp=Cidnb29nbGUubWFwcy5wbGFjZXMudjEuUGxhY2VzLlNlYXJjaFRleHQQAhgEIAA,5,1,OPERATIONAL,service,villa_owner_operator,"Existing villa owner/operator; renovation, extension and rebuild client","villa in Pererenan, Bali",-8.650237299999999,115.1235526,ChIJq9H-pDc50i0R2v9n9hHoHpM
"Villa Desa Naga 1 | Iconic Joglo, Berawa Beach",,"Jl. Subak Sari 13 No.8, Tibubeneng, Kec. Kuta Utara, Kabupaten Badung, Bali 80361, Indonesia",https://airbnb.com/h/villadesanaga1,https://maps.google.com/?cid=4026609391793959769&g_mp=Cidnb29nbGUubWFwcy5wbGFjZXMudjEuUGxhY2VzLlNlYXJjaFRleHQQAhgEIAA,4.9,23,OPERATIONAL,service,villa_owner_operator,"Existing villa owner/operator; renovation, extension and rebuild client","villa in Berawa, Bali",-8.6664546,115.14422929999999,ChIJJ0oWy4xH0i0RWXMhb-hj4Tc
Villa In Pererenan,,"Pererenan, Mengwi, Badung Regency, Bali, Indonesia",https://www.bluepillow.com/search/67a2404e905c444f2d09ef9a?dest=ago&cat=Vacation+rental+(other)&lat=-8.6348&lng=115.13944&language=en,https://maps.google.com/?cid=615289738471097491&g_mp=Cidnb29nbGUubWFwcy5wbGFjZXMudjEuUGxhY2VzLlNlYXJjaFRleHQQAhgEIAA,,,OPERATIONAL,lodging,villa_owner_operator,"Existing villa owner/operator; renovation, extension and rebuild client","villa in Pererenan, Bali",-8.6348,115.1394424,ChIJFxuC2V840i0Rk0SD18HyiQg
Villa Juliana,,"84QQ+GFC, Jl. Pantai Berawa Gg. Gurita, Tibubeneng, Kec. Kuta Utara, Kabupaten Badung, Bali 80361, Indonesia",http://instagram.com/golianavillas,https://maps.google.com/?cid=15828518461204612090&g_mp=Cidnb29nbGUubWFwcy5wbGFjZXMudjEuUGxhY2VzLlNlYXJjaFRleHQQAhgEIAA,5,1,OPERATIONAL,service,villa_owner_operator,"Existing villa owner/operator; renovation, extension and rebuild client","villa in Berawa, Bali",-8.661033999999999,115.13880590000001,ChIJXdgRhxhH0i0R-kPQaK0xqts
Villa La Luz,,"Jl. Pantai Pererenan gang gunung batur, Pererenan, Kec. Mengwi, Kabupaten Badung, Bali 80351, Indonesia",https://www.airbnb.com/h/villalaluzcanggu,https://maps.google.com/?cid=1345410436013262823&g_mp=Cidnb29nbGUubWFwcy5wbGFjZXMudjEuUGxhY2VzLlNlYXJjaFRleHQQAhgEIAA,4.9,11,OPERATIONAL,service,villa_owner_operator,"Existing villa owner/operator; renovation, extension and rebuild client","villa in Pererenan, Bali",-8.6383039,115.12962619999998,ChIJaf_ONec50i0R54esy6nbqxI
Villa Manis,,"Jl. Pantai Pererenan, Gang Tukad Pangi VI Br. Pengembungan, Pererenan, Mengwi, Badung Regency, Bali 80351, Indonesia",https://villamanis.com/,https://maps.google.com/?cid=3305978620509494431&g_mp=Cidnb29nbGUubWFwcy5wbGFjZXMudjEuUGxhY2VzLlNlYXJjaFRleHQQAhgEIAA,4.6,37,OPERATIONAL,service,villa_owner_operator,"Existing villa owner/operator; renovation, extension and rebuild client","villa in Pererenan, Bali",-8.6471314,115.1262734,ChIJ87jtt3E40i0RnxyBHgoy4S0
Villa Naia Berawa,,"Jl. Raya Semat Gg. sukun No.2, Tibubeneng, Kec. Kuta Utara, Kabupaten Badung, Bali 80361, Indonesia",,https://maps.google.com/?cid=18080058364481281878&g_mp=Cidnb29nbGUubWFwcy5wbGFjZXMudjEuUGxhY2VzLlNlYXJjaFRleHQQAhgEIAA,4.8,4,OPERATIONAL,housing_complex,villa_owner_operator,"Existing villa owner/operator; renovation, extension and rebuild client","villa in Berawa, Bali",-8.6519896,115.1439705,ChIJW2y-zXY50i0RVp88TUpF6fo
Villa Noi Berawa,,"Gg. Simore Jl. Pantai Berawa, Tibubeneng, Kec. Kuta Utara, Kabupaten Badung, Bali 80361, Indonesia",,https://maps.google.com/?cid=6769687345344018852&g_mp=Cidnb29nbGUubWFwcy5wbGFjZXMudjEuUGxhY2VzLlNlYXJjaFRleHQQAhgEIAA,4.9,19,OPERATIONAL,service,villa_owner_operator,"Existing villa owner/operator; renovation, extension and rebuild client","villa in Berawa, Bali",-8.649769599999999,115.1505785,ChIJd0GZPZZH0i0RpPmv88XC8l0
Villa Pererenan,,"Tumbak Bayuh, Mengwi, Badung Regency, Bali, Indonesia",https://www.trip.com/hotels/detail/?hotelid=11299229&Allianceid=1318093&sid=269617419&utm_medium=vr&utm_campaign=vrwebsite&utm_source=googlevr&trip_sub1=googlevrwebsite,https://maps.google.com/?cid=15192913907119696733&g_mp=Cidnb29nbGUubWFwcy5wbGFjZXMudjEuUGxhY2VzLlNlYXJjaFRleHQQAhgEIAA,,,OPERATIONAL,lodging,villa_owner_operator,"Existing villa owner/operator; renovation, extension and rebuild client","villa in Pererenan, Bali",-8.6264639,115.135704,ChIJ3wEl9Vk40i0RXSv2-LMS2NI
Villa Pererenan Escape,,"945J+25X, Pererenan, Mengwi, Badung Regency, Bali 80531, Indonesia",,https://maps.google.com/?cid=7298632594559180670&g_mp=Cidnb29nbGUubWFwcy5wbGFjZXMudjEuUGxhY2VzLlNlYXJjaFRleHQQAhgEIAA,5,1,OPERATIONAL,service,villa_owner_operator,"Existing villa owner/operator; renovation, extension and rebuild client","villa in Pererenan, Bali",-8.6420248,115.1308531,ChIJo6vWgj850i0Rfp_JyKzzSWU
Villa Rusa Biru,,"84WX+HX7, Jl. Pantai Berawa, Tibubeneng, Kec. Kuta Utara, Kabupaten Badung, Bali 80361, Indonesia",https://www.secludedbalivillas.com/,https://maps.google.com/?cid=12241281767988144470&g_mp=Cidnb29nbGUubWFwcy5wbGFjZXMudjEuUGxhY2VzLlNlYXJjaFRleHQQAhgEIAA,5,12,OPERATIONAL,resort_hotel,villa_owner_operator,"Existing villa owner/operator; renovation, extension and rebuild client","villa in Berawa, Bali",-8.6537651,115.1493909,ChIJeeSA0-050i0RVilmMOnE4ak
Villa Saint Berawa,,"942V+PR5, Tibubeneng, Kuta Utara, Badung Regency, Bali 80361, Indonesia",,https://maps.google.com/?cid=11017623787403533703&g_mp=Cidnb29nbGUubWFwcy5wbGFjZXMudjEuUGxhY2VzLlNlYXJjaFRleHQQAhgEIAA,5,2,OPERATIONAL,point_of_interest,villa_owner_operator,"Existing villa owner/operator; renovation, extension and rebuild client","villa in Berawa, Bali",-8.6482324,115.1446149,ChIJieWYj7c50i0Rh90U9XV25pg
Villa Siang Pererenan,,"948M+5MP, Jl. Pantai Pererenan Gg. Dewi Madri, Pererenan, Kec. Mengwi, Kabupaten Badung, Bali 80351, Indonesia",https://airbnb.com/h/villasiangcanggu,https://maps.google.com/?cid=2581361471007929545&g_mp=Cidnb29nbGUubWFwcy5wbGFjZXMudjEuUGxhY2VzLlNlYXJjaFRleHQQAhgEIAA,5,4,OPERATIONAL,service,villa_owner_operator,"Existing villa owner/operator; renovation, extension and rebuild client","villa in Pererenan, Bali",-8.6345282,115.1341994,ChIJe7zuCGM50i0RybROzJTW0iM
Villa Sol Pererenan,,"Jl. Sempol, Pererenan, Kec. Mengwi, Kabupaten Badung, Bali 80351, Indonesia",,https://maps.google.com/?cid=9169002709446930541&g_mp=Cidnb29nbGUubWFwcy5wbGFjZXMudjEuUGxhY2VzLlNlYXJjaFRleHQQAhgEIAA,5,9,OPERATIONAL,service,villa_owner_operator,"Existing villa owner/operator; renovation, extension and rebuild client","villa in Pererenan, Bali",-8.6407566,115.13532529999999,ChIJR-vmXvM50i0RbbAtgWLXPn8
Villa Sungai Canggu,,"Gg. Purwani, Tibubeneng, Kec. Kuta Utara, Kabupaten Badung, Bali, Indonesia",,https://maps.google.com/?cid=12760720348045147540&g_mp=Cidnb29nbGUubWFwcy5wbGFjZXMudjEuUGxhY2VzLlNlYXJjaFRleHQQAhgEIAA,4.9,22,OPERATIONAL,hotel,villa_owner_operator,"Existing villa owner/operator; renovation, extension and rebuild client","villa in Canggu, Bali",-8.6609421,115.1352846,ChIJX84VAYRH0i0RlH1UH4wvF7E
Villa Tiiiga Pererenan,,"948P+R25, Jl. Pantai Pererenan, Pererenan, Kec. Mengwi, Kabupaten Badung, Bali 80351, Indonesia",https://www.bricksbali.com/,https://maps.google.com/?cid=3164370209846213624&g_mp=Cidnb29nbGUubWFwcy5wbGFjZXMudjEuUGxhY2VzLlNlYXJjaFRleHQQAhgEIAA,5,3,OPERATIONAL,service,villa_owner_operator,"Existing villa owner/operator; renovation, extension and rebuild client","villa in Pererenan, Bali",-8.6329885,115.1350953,ChIJofSFHgA50i0R-Du2t_AZ6is
Villa Vybe,,"948J+6QX, Gg. Mujur, Pererenan, Kec. Mengwi, Kabupaten Badung, Bali 80351, Indonesia",,https://maps.google.com/?cid=7859560660875069457&g_mp=Cidnb29nbGUubWFwcy5wbGFjZXMudjEuUGxhY2VzLlNlYXJjaFRleHQQAhgEIAA,4.8,5,OPERATIONAL,service,villa_owner_operator,"Existing villa owner/operator; renovation, extension and rebuild client","villa in Pererenan, Bali",-8.634383,115.13197880000001,ChIJGfmXPCY50i0REcgXgsfEEm0
Villa Weiss Berawa,,"Jl. Pantai Berawa No.84, Tibubeneng, QQ, Kabupaten Badung, Bali 80361, Indonesia",http://villaweissbali.com/,https://maps.google.com/?cid=16840795722089666887&g_mp=Cidnb29nbGUubWFwcy5wbGFjZXMudjEuUGxhY2VzLlNlYXJjaFRleHQQAhgEIAA,5,30,OPERATIONAL,service,villa_owner_operator,"Existing villa owner/operator; renovation, extension and rebuild client","villa in Berawa, Bali",-8.6620241,115.13881610000001,ChIJN6ztH4FH0i0RR5kSnnuGtuk
